-- phpMyAdmin SQL Dump
-- version 5.0.3
-- https://www.phpmyadmin.net/
--
-- Host: 127.0.0.1
-- Generation Time: Jun 22, 2021 at 08:58 PM
-- Server version: 10.4.14-MariaDB
-- PHP Version: 7.4.11

SET SQL_MODE = "NO_AUTO_VALUE_ON_ZERO";
START TRANSACTION;
SET time_zone = "+00:00";


/*!40101 SET @OLD_CHARACTER_SET_CLIENT=@@CHARACTER_SET_CLIENT */;
/*!40101 SET @OLD_CHARACTER_SET_RESULTS=@@CHARACTER_SET_RESULTS */;
/*!40101 SET @OLD_COLLATION_CONNECTION=@@COLLATION_CONNECTION */;
/*!40101 SET NAMES utf8mb4 */;

--
-- Database: `erestapi`
--

-- --------------------------------------------------------

--
-- Table structure for table `categories`
--

CREATE TABLE `categories` (
  `id` int(10) UNSIGNED NOT NULL,
  `name` varchar(191) COLLATE utf8mb4_unicode_ci NOT NULL,
  `description` varchar(1000) COLLATE utf8mb4_unicode_ci NOT NULL,
  `created_at` timestamp NULL DEFAULT NULL,
  `updated_at` timestamp NULL DEFAULT NULL,
  `deleted_at` timestamp NULL DEFAULT NULL
) ENGINE=InnoDB DEFAULT CHARSET=utf8mb4 COLLATE=utf8mb4_unicode_ci;

--
-- Dumping data for table `categories`
--

INSERT INTO `categories` (`id`, `name`, `description`, `created_at`, `updated_at`, `deleted_at`) VALUES
(1, 'voluptas', 'Mollitia at a architecto dolorem dolore.', '2021-06-22 09:57:37', '2021-06-22 09:57:37', NULL),
(2, 'atque', 'Voluptas sit dolor dolor voluptatum voluptatem nisi est.', '2021-06-22 09:57:37', '2021-06-22 09:57:37', NULL),
(3, 'suscipit', 'Tempore recusandae quae recusandae id.', '2021-06-22 09:57:37', '2021-06-22 09:57:37', NULL),
(4, 'cum', 'Voluptatem distinctio commodi neque beatae magnam libero. Qui in ex tenetur ea autem placeat.', '2021-06-22 09:57:37', '2021-06-22 09:57:37', NULL),
(5, 'in', 'Unde corrupti porro minus nam. Ipsa aut est illo voluptas.', '2021-06-22 09:57:37', '2021-06-22 09:57:37', NULL),
(6, 'eaque', 'Impedit ab perspiciatis perferendis et doloremque ea laudantium.', '2021-06-22 09:57:37', '2021-06-22 09:57:37', NULL),
(7, 'velit', 'Voluptatum qui minus dolore amet fugit magnam aperiam.', '2021-06-22 09:57:37', '2021-06-22 09:57:37', NULL),
(8, 'illo', 'Laborum vitae qui voluptatum eos a possimus fugit. Quibusdam qui vel non.', '2021-06-22 09:57:37', '2021-06-22 09:57:37', NULL),
(9, 'vero', 'Consequatur consequatur itaque laudantium aperiam quisquam tenetur occaecati laboriosam.', '2021-06-22 09:57:37', '2021-06-22 09:57:37', NULL),
(10, 'esse', 'Aut accusantium et voluptas fugiat sit. Non et possimus ut fugit possimus voluptates placeat.', '2021-06-22 09:57:37', '2021-06-22 09:57:37', NULL),
(11, 'expedita', 'Voluptatum fugit culpa vero in tempora ducimus quasi. Ex quam et veritatis quidem dolores officiis sit.', '2021-06-22 09:57:37', '2021-06-22 09:57:37', NULL),
(12, 'repudiandae', 'Consequatur et est consequatur animi nihil. Molestias quibusdam ut nulla quibusdam esse.', '2021-06-22 09:57:37', '2021-06-22 09:57:37', NULL),
(13, 'velit', 'Autem non enim quaerat.', '2021-06-22 09:57:37', '2021-06-22 09:57:37', NULL),
(14, 'iusto', 'Et impedit qui natus quaerat sed quia aut repellat.', '2021-06-22 09:57:37', '2021-06-22 09:57:37', NULL),
(15, 'totam', 'Eos magnam eum totam magnam quibusdam. Suscipit est maiores ad eum magni recusandae id cupiditate.', '2021-06-22 09:57:37', '2021-06-22 09:57:37', NULL),
(16, 'id', 'Praesentium praesentium quibusdam sequi sit. Quo hic ea corporis.', '2021-06-22 09:57:37', '2021-06-22 09:57:37', NULL),
(17, 'est', 'Nulla veritatis non iusto eveniet magnam. Accusantium dolor nihil natus id id ut.', '2021-06-22 09:57:37', '2021-06-22 09:57:37', NULL),
(18, 'ut', 'Reiciendis ut voluptatem incidunt nesciunt reiciendis.', '2021-06-22 09:57:37', '2021-06-22 09:57:37', NULL),
(19, 'soluta', 'Aut aut sint a dolores.', '2021-06-22 09:57:37', '2021-06-22 09:57:37', NULL),
(20, 'aut', 'Similique non sit consequatur delectus reprehenderit odit voluptatem quis. Eveniet ut vel ea dolores at.', '2021-06-22 09:57:37', '2021-06-22 09:57:37', NULL),
(21, 'qui', 'Consectetur ut ea est veritatis tenetur occaecati. Id minus magni omnis non.', '2021-06-22 09:57:37', '2021-06-22 09:57:37', NULL),
(22, 'sunt', 'Natus accusantium impedit et quis quis.', '2021-06-22 09:57:37', '2021-06-22 09:57:37', NULL),
(23, 'ut', 'Assumenda aut sint nobis labore culpa ut reprehenderit.', '2021-06-22 09:57:37', '2021-06-22 09:57:37', NULL),
(24, 'non', 'Impedit tempore vel eum eos quam pariatur sit. Et sunt est id corrupti est.', '2021-06-22 09:57:37', '2021-06-22 09:57:37', NULL),
(25, 'nemo', 'Iste voluptas sint ea vel dolor maiores sequi. Nisi non necessitatibus et.', '2021-06-22 09:57:37', '2021-06-22 09:57:37', NULL),
(26, 'modi', 'Mollitia eaque dolores possimus in non eligendi. Possimus est est iure facere voluptatem dolor.', '2021-06-22 09:57:37', '2021-06-22 09:57:37', NULL),
(27, 'aut', 'Neque sit quia ratione consequatur quo a dolorum.', '2021-06-22 09:57:37', '2021-06-22 09:57:37', NULL),
(28, 'distinctio', 'Amet et ut tempora et voluptate consequatur.', '2021-06-22 09:57:37', '2021-06-22 09:57:37', NULL),
(29, 'sed', 'Ratione aliquid quis velit excepturi. Tempore dolorem impedit nobis.', '2021-06-22 09:57:37', '2021-06-22 09:57:37', NULL),
(30, 'architecto', 'Nulla reiciendis unde ipsam id.', '2021-06-22 09:57:37', '2021-06-22 09:57:37', NULL);

-- --------------------------------------------------------

--
-- Table structure for table `category_product`
--

CREATE TABLE `category_product` (
  `category_id` int(10) UNSIGNED NOT NULL,
  `product_id` int(10) UNSIGNED NOT NULL
) ENGINE=InnoDB DEFAULT CHARSET=utf8mb4 COLLATE=utf8mb4_unicode_ci;

--
-- Dumping data for table `category_product`
--

INSERT INTO `category_product` (`category_id`, `product_id`) VALUES
(4, 1),
(11, 1),
(29, 1),
(15, 2),
(27, 2),
(9, 3),
(20, 3),
(23, 3),
(26, 3),
(4, 4),
(9, 4),
(13, 4),
(16, 4),
(25, 4),
(24, 5),
(10, 6),
(15, 6),
(11, 7),
(23, 7),
(1, 8),
(8, 8),
(13, 8),
(18, 8),
(4, 9),
(13, 9),
(15, 9),
(17, 9),
(7, 10),
(11, 10),
(22, 10),
(28, 10),
(30, 10),
(5, 11),
(6, 11),
(16, 11),
(21, 11),
(1, 12),
(26, 12),
(28, 12),
(5, 13),
(8, 13),
(7, 14),
(8, 14),
(10, 14),
(12, 15),
(20, 15),
(10, 16),
(14, 16),
(3, 17),
(11, 17),
(16, 17),
(23, 17),
(27, 17),
(7, 18),
(8, 18),
(11, 18),
(13, 18),
(19, 18),
(5, 19),
(11, 19),
(15, 19),
(25, 19),
(4, 20),
(10, 20),
(11, 20),
(13, 20),
(18, 20),
(8, 21),
(11, 21),
(12, 21),
(18, 21),
(22, 21),
(6, 22),
(21, 22),
(4, 23),
(28, 23),
(17, 24),
(20, 24),
(5, 25),
(12, 25),
(14, 26),
(19, 26),
(22, 26),
(5, 27),
(9, 27),
(6, 28),
(9, 28),
(15, 28),
(16, 29),
(22, 29),
(28, 29),
(29, 29),
(30, 29),
(4, 30),
(16, 30),
(17, 30),
(19, 30),
(29, 30),
(20, 31),
(9, 32),
(17, 32),
(20, 32),
(28, 32),
(28, 33),
(25, 34),
(28, 34),
(6, 35),
(9, 35),
(8, 36),
(10, 36),
(9, 37),
(14, 37),
(15, 37),
(12, 38),
(14, 38),
(15, 38),
(14, 39),
(15, 39),
(23, 39),
(25, 39),
(14, 40),
(17, 41),
(19, 41),
(24, 41),
(4, 42),
(9, 42),
(22, 42),
(6, 43),
(13, 43),
(20, 43),
(25, 43),
(29, 43),
(25, 44),
(1, 45),
(12, 45),
(22, 45),
(9, 46),
(13, 46),
(18, 46),
(26, 46),
(3, 47),
(6, 48),
(12, 48),
(18, 48),
(25, 48),
(29, 48),
(3, 49),
(10, 49),
(17, 49),
(19, 49),
(25, 49),
(6, 50),
(9, 50),
(2, 51),
(29, 51),
(13, 52),
(14, 52),
(14, 53),
(30, 53),
(13, 54),
(5, 55),
(8, 55),
(11, 55),
(25, 55),
(27, 55),
(1, 56),
(9, 56),
(16, 56),
(23, 56),
(5, 57),
(17, 57),
(10, 58),
(12, 58),
(13, 58),
(28, 59),
(3, 60),
(4, 60),
(12, 60),
(24, 60),
(10, 61),
(20, 61),
(3, 62),
(13, 62),
(27, 62),
(4, 63),
(10, 63),
(17, 63),
(29, 63),
(24, 64),
(26, 64),
(28, 64),
(30, 65),
(4, 66),
(13, 66),
(15, 66),
(28, 66),
(29, 66),
(14, 67),
(1, 68),
(15, 68),
(3, 69),
(15, 69),
(17, 69),
(11, 70),
(16, 70),
(22, 70),
(27, 70),
(29, 70),
(4, 71),
(11, 71),
(22, 71),
(10, 72),
(23, 72),
(3, 73),
(2, 74),
(8, 74),
(11, 74),
(24, 74),
(3, 75),
(4, 75),
(10, 75),
(27, 75),
(29, 75),
(14, 76),
(25, 76),
(6, 77),
(25, 77),
(28, 77),
(3, 78),
(8, 78),
(12, 78),
(14, 78),
(18, 78),
(1, 79),
(8, 79),
(15, 79),
(17, 79),
(14, 80),
(15, 80),
(16, 80),
(30, 80),
(6, 81),
(10, 81),
(25, 81),
(28, 81),
(16, 82),
(24, 82),
(2, 83),
(3, 83),
(6, 83),
(15, 83),
(17, 83),
(6, 84),
(11, 84),
(24, 84),
(2, 85),
(13, 85),
(24, 85),
(27, 85),
(9, 86),
(25, 86),
(28, 86),
(29, 86),
(12, 87),
(3, 88),
(4, 88),
(12, 88),
(28, 88),
(1, 89),
(28, 89),
(13, 90),
(23, 90),
(29, 90),
(17, 91),
(19, 91),
(21, 91),
(26, 91),
(8, 92),
(10, 92),
(24, 92),
(28, 92),
(30, 92),
(5, 93),
(19, 93),
(8, 94),
(14, 94),
(9, 95),
(12, 95),
(14, 95),
(24, 95),
(2, 96),
(4, 96),
(7, 96),
(9, 96),
(19, 96),
(14, 97),
(3, 98),
(18, 98),
(18, 99),
(20, 99),
(29, 99),
(30, 99),
(9, 100),
(1, 101),
(3, 102),
(10, 102),
(18, 102),
(26, 102),
(27, 102),
(2, 103),
(22, 103),
(27, 103),
(3, 104),
(12, 104),
(25, 104),
(29, 104),
(8, 105),
(11, 105),
(13, 105),
(28, 105),
(13, 106),
(28, 106),
(1, 107),
(16, 107),
(22, 107),
(25, 107),
(26, 107),
(9, 108),
(15, 108),
(16, 108),
(17, 108),
(10, 109),
(27, 110),
(7, 111),
(8, 111),
(30, 111),
(10, 112),
(30, 112),
(1, 113),
(3, 114),
(7, 114),
(9, 114),
(15, 114),
(27, 115),
(5, 116),
(13, 116),
(20, 116),
(27, 116),
(1, 117),
(26, 117),
(9, 118),
(25, 118),
(27, 118),
(1, 119),
(8, 119),
(12, 119),
(26, 119),
(29, 120),
(30, 120),
(2, 121),
(24, 121),
(29, 121),
(4, 122),
(6, 123),
(10, 123),
(12, 123),
(19, 123),
(28, 123),
(1, 124),
(11, 124),
(14, 124),
(22, 124),
(26, 124),
(5, 125),
(27, 125),
(30, 125),
(4, 126),
(9, 126),
(17, 126),
(23, 126),
(1, 127),
(6, 127),
(8, 127),
(14, 127),
(25, 127),
(4, 128),
(9, 128),
(18, 128),
(27, 128),
(2, 129),
(4, 129),
(7, 129),
(18, 130),
(3, 131),
(9, 131),
(18, 131),
(29, 131),
(30, 131),
(12, 132),
(19, 132),
(26, 132),
(9, 133),
(23, 133),
(3, 134),
(11, 134),
(3, 135),
(10, 135),
(13, 135),
(21, 135),
(12, 136),
(27, 136),
(1, 137),
(3, 137),
(24, 137),
(29, 137),
(14, 138),
(10, 139),
(14, 139),
(23, 139),
(28, 139),
(29, 139),
(3, 140),
(28, 140),
(7, 141),
(17, 142),
(20, 142),
(24, 142),
(25, 142),
(28, 142),
(2, 143),
(25, 143),
(29, 143),
(2, 144),
(13, 144),
(15, 144),
(2, 145),
(3, 145),
(7, 145),
(16, 145),
(27, 146),
(7, 147),
(14, 148),
(25, 148),
(1, 149),
(3, 149),
(7, 149),
(16, 149),
(24, 149),
(3, 150),
(8, 150),
(15, 150),
(19, 150),
(23, 150),
(6, 151),
(7, 151),
(8, 151),
(11, 151),
(9, 152),
(17, 152),
(18, 152),
(9, 153),
(23, 153),
(6, 154),
(9, 154),
(20, 155),
(22, 155),
(2, 156),
(15, 156),
(19, 156),
(2, 157),
(18, 157),
(19, 157),
(10, 158),
(19, 158),
(25, 158),
(27, 159),
(28, 160),
(7, 161),
(28, 161),
(5, 162),
(13, 162),
(6, 163),
(13, 163),
(27, 163),
(6, 164),
(18, 164),
(21, 164),
(26, 164),
(17, 165),
(15, 166),
(12, 167),
(2, 168),
(5, 168),
(8, 168),
(15, 168),
(22, 168),
(4, 169),
(4, 170),
(10, 170),
(7, 171),
(30, 171),
(17, 172),
(7, 173),
(20, 173),
(25, 173),
(1, 174),
(9, 174),
(13, 174),
(19, 174),
(23, 174),
(5, 175),
(6, 175),
(7, 175),
(19, 175),
(24, 175),
(24, 176),
(11, 177),
(13, 177),
(15, 177),
(26, 177),
(28, 177),
(15, 178),
(22, 178),
(30, 178),
(22, 179),
(3, 180),
(5, 180),
(23, 180),
(26, 180),
(12, 181),
(21, 181),
(24, 181),
(25, 181),
(10, 182),
(12, 182),
(15, 182),
(21, 182),
(27, 182),
(10, 183),
(15, 183),
(16, 183),
(25, 183),
(29, 183),
(2, 184),
(3, 184),
(10, 184),
(24, 184),
(26, 184),
(8, 185),
(12, 185),
(4, 186),
(29, 186),
(12, 187),
(16, 187),
(25, 187),
(27, 187),
(30, 187),
(27, 188),
(4, 189),
(21, 189),
(25, 189),
(26, 189),
(5, 190),
(11, 190),
(26, 190),
(11, 191),
(12, 191),
(16, 191),
(24, 191),
(8, 192),
(15, 192),
(16, 192),
(28, 193),
(3, 194),
(24, 194),
(22, 195),
(28, 195),
(4, 196),
(21, 196),
(5, 197),
(15, 197),
(8, 198),
(18, 198),
(24, 198),
(28, 198),
(3, 199),
(9, 199),
(12, 199),
(6, 200),
(2, 201),
(13, 201),
(3, 202),
(7, 202),
(8, 202),
(24, 202),
(22, 203),
(30, 203),
(8, 204),
(18, 204),
(6, 205),
(10, 205),
(23, 206),
(21, 207),
(7, 208),
(15, 208),
(1, 209),
(11, 209),
(26, 209),
(2, 210),
(1, 211),
(3, 211),
(5, 211),
(10, 211),
(17, 211),
(8, 212),
(19, 212),
(23, 212),
(25, 212),
(16, 213),
(26, 213),
(4, 214),
(8, 214),
(21, 214),
(23, 215),
(25, 215),
(7, 216),
(14, 216),
(27, 216),
(14, 217),
(19, 217),
(1, 218),
(9, 219),
(13, 219),
(22, 219),
(24, 219),
(6, 220),
(7, 220),
(27, 220),
(28, 220),
(7, 221),
(8, 221),
(9, 221),
(15, 221),
(20, 221),
(3, 222),
(18, 222),
(22, 222),
(4, 223),
(14, 224),
(11, 225),
(24, 225),
(25, 225),
(1, 226),
(5, 226),
(17, 226),
(28, 226),
(29, 226),
(16, 227),
(17, 227),
(4, 228),
(5, 228),
(6, 228),
(10, 229),
(18, 229),
(3, 230),
(23, 230),
(24, 230),
(25, 230),
(30, 230),
(2, 231),
(6, 231),
(25, 231),
(2, 232),
(4, 232),
(20, 232),
(18, 233),
(27, 234),
(16, 235),
(7, 236),
(5, 237),
(15, 237),
(18, 237),
(22, 237),
(27, 237),
(6, 238),
(8, 238),
(10, 238),
(19, 238),
(5, 239),
(13, 239),
(20, 239),
(22, 239),
(22, 240),
(6, 241),
(13, 241),
(30, 241),
(18, 242),
(8, 243),
(20, 243),
(1, 244),
(3, 244),
(11, 244),
(22, 244),
(6, 245),
(17, 245),
(4, 246),
(22, 246),
(8, 247),
(12, 247),
(15, 247),
(26, 247),
(3, 248),
(7, 248),
(10, 248),
(18, 248),
(20, 248),
(11, 249),
(12, 249),
(17, 249),
(6, 250),
(3, 251),
(12, 251),
(19, 251),
(23, 251),
(29, 252),
(11, 253),
(17, 253),
(20, 253),
(7, 254),
(8, 254),
(22, 254),
(26, 254),
(5, 255),
(15, 255),
(17, 255),
(20, 255),
(27, 256),
(6, 257),
(12, 257),
(21, 257),
(29, 257),
(5, 258),
(11, 258),
(14, 258),
(20, 258),
(26, 258),
(24, 259),
(9, 260),
(12, 261),
(11, 262),
(23, 262),
(14, 263),
(29, 263),
(7, 264),
(14, 264),
(22, 264),
(3, 265),
(9, 265),
(10, 265),
(20, 265),
(20, 266),
(23, 266),
(28, 266),
(7, 267),
(13, 268),
(26, 269),
(27, 269),
(28, 269),
(30, 269),
(17, 270),
(18, 270),
(22, 270),
(28, 270),
(7, 271),
(15, 271),
(21, 272),
(25, 272),
(9, 273),
(13, 273),
(14, 273),
(28, 273),
(22, 274),
(27, 274),
(15, 275),
(19, 275),
(23, 275),
(28, 275),
(1, 276),
(3, 276),
(6, 277),
(9, 277),
(26, 277),
(27, 277),
(9, 278),
(7, 279),
(15, 279),
(23, 279),
(25, 279),
(7, 280),
(11, 280),
(22, 280),
(23, 280),
(29, 280),
(24, 281),
(1, 282),
(10, 282),
(15, 282),
(6, 283),
(7, 283),
(21, 283),
(26, 283),
(1, 284),
(26, 284),
(3, 285),
(13, 285),
(7, 286),
(14, 286),
(17, 286),
(19, 286),
(5, 287),
(7, 287),
(8, 287),
(17, 288),
(23, 288),
(5, 289),
(30, 289),
(18, 290),
(5, 291),
(24, 291),
(5, 292),
(7, 292),
(9, 292),
(22, 292),
(24, 292),
(9, 293),
(23, 293),
(30, 293),
(6, 294),
(7, 294),
(23, 294),
(27, 294),
(4, 295),
(5, 295),
(7, 295),
(15, 295),
(28, 295),
(3, 296),
(7, 296),
(11, 296),
(15, 296),
(16, 296),
(8, 297),
(10, 297),
(12, 297),
(16, 297),
(3, 298),
(13, 298),
(19, 298),
(23, 299),
(14, 300),
(16, 300),
(30, 300),
(13, 301),
(13, 302),
(14, 302),
(17, 302),
(23, 302),
(30, 302),
(1, 303),
(3, 303),
(14, 303),
(30, 303),
(9, 304),
(12, 304),
(15, 304),
(19, 304),
(29, 304),
(23, 305),
(11, 306),
(12, 306),
(19, 306),
(22, 306),
(30, 306),
(2, 307),
(8, 307),
(18, 307),
(21, 307),
(23, 307),
(30, 308),
(7, 309),
(9, 309),
(16, 309),
(28, 309),
(15, 310),
(3, 311),
(9, 312),
(10, 312),
(26, 312),
(8, 313),
(21, 313),
(28, 313),
(15, 314),
(1, 315),
(28, 315),
(3, 316),
(4, 316),
(23, 316),
(28, 316),
(24, 317),
(1, 318),
(2, 318),
(26, 318),
(28, 318),
(10, 319),
(15, 319),
(22, 319),
(25, 319),
(28, 319),
(16, 320),
(18, 320),
(23, 320),
(2, 321),
(9, 321),
(24, 321),
(4, 322),
(10, 322),
(13, 322),
(20, 322),
(5, 323),
(6, 323),
(20, 323),
(22, 323),
(1, 324),
(2, 324),
(11, 324),
(22, 324),
(24, 324),
(5, 325),
(9, 325),
(13, 325),
(1, 326),
(17, 326),
(10, 327),
(2, 328),
(5, 328),
(30, 328),
(9, 329),
(12, 329),
(16, 329),
(17, 329),
(1, 330),
(11, 330),
(26, 330),
(2, 331),
(6, 331),
(15, 331),
(20, 331),
(21, 331),
(7, 332),
(19, 332),
(30, 332),
(5, 333),
(10, 333),
(14, 333),
(15, 333),
(3, 334),
(14, 334),
(21, 334),
(23, 334),
(25, 334),
(7, 335),
(16, 336),
(30, 336),
(21, 337),
(17, 338),
(4, 339),
(10, 339),
(12, 339),
(14, 339),
(29, 339),
(2, 340),
(14, 340),
(5, 341),
(16, 341),
(10, 342),
(1, 343),
(6, 343),
(13, 343),
(16, 343),
(24, 343),
(27, 344),
(4, 345),
(7, 345),
(10, 345),
(15, 345),
(18, 345),
(1, 346),
(2, 346),
(21, 346),
(28, 346),
(10, 347),
(16, 347),
(16, 348),
(5, 349),
(10, 349),
(18, 349),
(21, 349),
(12, 350),
(18, 350),
(28, 350),
(1, 351),
(11, 351),
(5, 352),
(6, 352),
(18, 352),
(22, 352),
(26, 353),
(27, 354),
(4, 355),
(13, 355),
(29, 355),
(11, 356),
(4, 357),
(1, 358),
(3, 358),
(22, 358),
(9, 359),
(14, 359),
(15, 359),
(19, 359),
(20, 359),
(2, 360),
(13, 360),
(16, 360),
(23, 360),
(24, 360),
(1, 361),
(16, 361),
(18, 361),
(27, 361),
(3, 362),
(10, 362),
(18, 362),
(29, 362),
(3, 363),
(11, 363),
(15, 363),
(19, 363),
(26, 363),
(13, 364),
(21, 364),
(30, 364),
(2, 365),
(9, 365),
(14, 365),
(16, 365),
(26, 365),
(13, 366),
(16, 366),
(19, 366),
(25, 366),
(27, 366),
(16, 367),
(17, 367),
(18, 367),
(21, 367),
(3, 368),
(7, 368),
(10, 368),
(12, 368),
(19, 368),
(24, 369),
(5, 370),
(12, 370),
(27, 370),
(7, 371),
(10, 372),
(5, 373),
(13, 373),
(4, 374),
(15, 374),
(18, 374),
(20, 374),
(26, 374),
(10, 375),
(12, 375),
(19, 375),
(27, 375),
(29, 375),
(4, 376),
(11, 376),
(17, 377),
(23, 377),
(7, 378),
(1, 379),
(16, 379),
(27, 379),
(2, 380),
(11, 380),
(28, 380),
(2, 381),
(10, 381),
(16, 381),
(10, 382),
(2, 383),
(9, 383),
(14, 383),
(18, 383),
(23, 383),
(12, 384),
(19, 385),
(21, 385),
(2, 386),
(11, 386),
(16, 386),
(29, 386),
(16, 387),
(22, 387),
(3, 388),
(7, 388),
(12, 388),
(17, 388),
(24, 388),
(3, 389),
(15, 389),
(21, 389),
(25, 389),
(29, 389),
(3, 390),
(8, 390),
(12, 390),
(23, 390),
(6, 391),
(21, 392),
(23, 392),
(27, 392),
(18, 393),
(21, 393),
(22, 393),
(3, 394),
(9, 394),
(19, 394),
(5, 395),
(29, 395),
(4, 396),
(8, 396),
(11, 396),
(7, 397),
(14, 398),
(17, 398),
(23, 398),
(27, 398),
(14, 399),
(27, 399),
(30, 399),
(5, 400),
(9, 400),
(11, 400),
(19, 400),
(22, 400),
(8, 401),
(16, 401),
(19, 401),
(10, 402),
(5, 403),
(7, 403),
(10, 403),
(12, 403),
(22, 403),
(8, 404),
(9, 404),
(10, 404),
(12, 405),
(15, 405),
(28, 405),
(29, 405),
(13, 406),
(11, 407),
(14, 407),
(17, 407),
(6, 408),
(8, 408),
(13, 408),
(27, 408),
(8, 409),
(28, 409),
(9, 410),
(18, 410),
(19, 410),
(26, 410),
(3, 411),
(15, 411),
(16, 411),
(25, 411),
(30, 411),
(4, 412),
(30, 412),
(10, 413),
(14, 413),
(19, 413),
(4, 414),
(15, 414),
(20, 414),
(21, 414),
(25, 414),
(1, 415),
(5, 416),
(17, 416),
(2, 417),
(4, 417),
(6, 417),
(8, 417),
(24, 417),
(6, 418),
(23, 418),
(27, 418),
(30, 418),
(27, 419),
(7, 420),
(22, 420),
(24, 420),
(15, 421),
(24, 421),
(28, 421),
(29, 421),
(4, 422),
(13, 422),
(7, 423),
(14, 423),
(25, 423),
(6, 424),
(15, 424),
(21, 424),
(17, 425),
(28, 425),
(15, 426),
(2, 427),
(13, 427),
(20, 427),
(2, 428),
(25, 428),
(18, 429),
(30, 429),
(10, 430),
(11, 430),
(18, 430),
(22, 430),
(23, 430),
(4, 431),
(10, 431),
(29, 431),
(30, 431),
(5, 432),
(12, 432),
(20, 432),
(21, 432),
(23, 432),
(7, 433),
(15, 433),
(2, 434),
(7, 434),
(9, 434),
(17, 434),
(24, 434),
(14, 435),
(5, 436),
(9, 436),
(13, 436),
(22, 436),
(27, 436),
(7, 437),
(12, 437),
(14, 437),
(29, 437),
(30, 437),
(19, 438),
(4, 439),
(1, 440),
(12, 440),
(18, 440),
(26, 440),
(29, 440),
(9, 441),
(1, 442),
(17, 443),
(8, 444),
(11, 444),
(23, 444),
(2, 445),
(9, 445),
(28, 445),
(30, 446),
(12, 447),
(15, 447),
(19, 447),
(22, 447),
(5, 448),
(15, 448),
(19, 448),
(23, 448),
(1, 449),
(5, 449),
(8, 449),
(18, 449),
(24, 449),
(4, 450),
(18, 450),
(22, 450),
(24, 450),
(26, 450),
(12, 451),
(18, 451),
(25, 451),
(6, 452),
(14, 452),
(16, 452),
(23, 452),
(29, 452),
(8, 453),
(28, 453),
(19, 454),
(8, 455),
(10, 455),
(18, 455),
(2, 456),
(16, 456),
(27, 457),
(11, 458),
(6, 459),
(7, 459),
(19, 459),
(28, 459),
(30, 459),
(4, 460),
(19, 460),
(9, 461),
(25, 461),
(6, 462),
(13, 462),
(14, 462),
(28, 462),
(7, 463),
(13, 463),
(22, 463),
(25, 463),
(27, 463),
(21, 464),
(23, 464),
(26, 464),
(27, 464),
(28, 464),
(10, 465),
(11, 465),
(17, 465),
(23, 465),
(5, 466),
(30, 466),
(7, 467),
(8, 467),
(16, 467),
(23, 467),
(27, 467),
(1, 468),
(2, 468),
(17, 468),
(24, 468),
(3, 469),
(10, 469),
(8, 470),
(19, 470),
(23, 470),
(28, 470),
(9, 471),
(15, 471),
(18, 471),
(20, 471),
(16, 472),
(2, 473),
(17, 473),
(18, 473),
(20, 473),
(6, 474),
(8, 475),
(19, 475),
(24, 475),
(27, 475),
(21, 476),
(24, 476),
(29, 476),
(4, 477),
(4, 478),
(18, 478),
(22, 478),
(28, 478),
(29, 478),
(12, 479),
(1, 480),
(21, 480),
(29, 480),
(5, 481),
(7, 481),
(15, 481),
(20, 481),
(21, 481),
(1, 482),
(11, 482),
(12, 482),
(8, 483),
(23, 483),
(28, 483),
(30, 483),
(3, 484),
(4, 484),
(2, 485),
(6, 485),
(16, 485),
(20, 485),
(22, 485),
(5, 486),
(24, 486),
(25, 486),
(26, 486),
(30, 486),
(12, 487),
(22, 487),
(23, 487),
(26, 487),
(2, 488),
(6, 488),
(20, 488),
(22, 488),
(28, 488),
(11, 489),
(5, 490),
(8, 490),
(6, 491),
(21, 491),
(7, 492),
(15, 492),
(19, 492),
(22, 492),
(26, 492),
(5, 493),
(9, 493),
(3, 494),
(6, 494),
(9, 494),
(10, 494),
(21, 494),
(2, 495),
(3, 495),
(6, 495),
(18, 495),
(25, 495),
(3, 496),
(17, 497),
(30, 497),
(3, 498),
(29, 498),
(20, 499),
(12, 500),
(15, 500),
(21, 500),
(24, 500),
(2, 501),
(5, 501),
(26, 501),
(27, 501),
(30, 501),
(8, 502),
(11, 502),
(14, 502),
(23, 502),
(24, 502),
(14, 503),
(2, 504),
(4, 504),
(11, 504),
(15, 504),
(16, 504),
(11, 505),
(19, 505),
(20, 505),
(23, 505),
(24, 505),
(6, 506),
(5, 507),
(8, 507),
(21, 507),
(27, 507),
(22, 508),
(2, 509),
(6, 509),
(7, 509),
(12, 509),
(21, 509),
(9, 510),
(26, 510),
(27, 510),
(2, 511),
(12, 511),
(26, 511),
(14, 512),
(1, 513),
(7, 514),
(10, 514),
(20, 514),
(25, 514),
(29, 514),
(11, 515),
(21, 515),
(22, 515),
(24, 515),
(29, 515),
(1, 516),
(14, 516),
(20, 516),
(22, 516),
(10, 517),
(19, 517),
(21, 517),
(25, 517),
(4, 518),
(8, 518),
(13, 518),
(27, 518),
(3, 519),
(14, 519),
(5, 520),
(9, 520),
(28, 520),
(1, 521),
(6, 521),
(10, 521),
(12, 521),
(25, 521),
(15, 522),
(21, 522),
(24, 522),
(14, 523),
(8, 524),
(10, 524),
(12, 524),
(29, 524),
(30, 524),
(20, 525),
(7, 526),
(13, 526),
(2, 527),
(9, 527),
(27, 527),
(30, 527),
(2, 528),
(22, 528),
(24, 528),
(2, 529),
(3, 529),
(7, 529),
(13, 529),
(22, 530),
(24, 530),
(27, 530),
(5, 531),
(6, 531),
(11, 531),
(18, 531),
(29, 531),
(14, 532),
(21, 532),
(28, 532),
(9, 533),
(19, 533),
(3, 534),
(6, 534),
(25, 534),
(1, 535),
(8, 535),
(9, 535),
(29, 535),
(3, 536),
(22, 536),
(3, 537),
(1, 538),
(5, 538),
(9, 538),
(26, 538),
(5, 539),
(19, 539),
(23, 539),
(29, 539),
(21, 540),
(4, 541),
(7, 541),
(21, 541),
(23, 541),
(25, 541),
(12, 542),
(16, 542),
(8, 543),
(9, 543),
(9, 544),
(15, 544),
(19, 544),
(21, 544),
(4, 545),
(10, 545),
(21, 545),
(12, 546),
(13, 546),
(15, 546),
(3, 547),
(6, 547),
(21, 547),
(14, 548),
(30, 548),
(2, 549),
(3, 549),
(11, 549),
(23, 549),
(25, 549),
(1, 550),
(27, 550),
(2, 551),
(4, 551),
(26, 551),
(2, 552),
(10, 552),
(28, 552),
(1, 553),
(10, 553),
(12, 553),
(24, 553),
(2, 554),
(7, 554),
(10, 554),
(14, 554),
(3, 555),
(5, 555),
(11, 555),
(27, 555),
(30, 555),
(26, 556),
(15, 557),
(13, 558),
(22, 558),
(24, 558),
(5, 559),
(11, 559),
(27, 559),
(9, 560),
(21, 560),
(22, 560),
(24, 561),
(11, 562),
(1, 563),
(2, 563),
(12, 563),
(2, 564),
(4, 564),
(11, 564),
(17, 564),
(27, 564),
(9, 565),
(3, 566),
(9, 566),
(12, 566),
(19, 566),
(27, 566),
(18, 567),
(2, 568),
(4, 568),
(21, 568),
(3, 569),
(5, 569),
(19, 569),
(22, 569),
(25, 569),
(7, 570),
(16, 570),
(6, 571),
(12, 571),
(20, 571),
(25, 571),
(17, 572),
(25, 572),
(27, 572),
(3, 573),
(11, 573),
(12, 573),
(29, 573),
(23, 574),
(26, 574),
(30, 574),
(20, 575),
(22, 575),
(23, 575),
(30, 575),
(7, 576),
(16, 576),
(22, 576),
(3, 577),
(25, 577),
(26, 577),
(1, 578),
(2, 578),
(30, 578),
(1, 579),
(5, 579),
(9, 579),
(21, 579),
(22, 579),
(2, 580),
(3, 580),
(20, 580),
(22, 580),
(12, 581),
(15, 581),
(18, 581),
(19, 582),
(6, 583),
(9, 583),
(6, 584),
(8, 584),
(17, 584),
(23, 584),
(15, 585),
(18, 585),
(23, 585),
(26, 585),
(16, 586),
(18, 586),
(20, 586),
(27, 586),
(6, 587),
(6, 588),
(9, 588),
(27, 588),
(5, 589),
(24, 589),
(26, 589),
(28, 589),
(29, 589),
(6, 590),
(23, 590),
(26, 590),
(3, 591),
(5, 591),
(5, 592),
(15, 592),
(26, 592),
(17, 593),
(21, 593),
(29, 593),
(30, 593),
(3, 594),
(8, 595),
(23, 595),
(19, 596),
(1, 597),
(5, 597),
(15, 597),
(21, 597),
(11, 598),
(18, 598),
(20, 598),
(2, 599),
(7, 599),
(10, 599),
(28, 599),
(29, 599),
(5, 600),
(20, 600),
(28, 600),
(30, 600),
(8, 601),
(29, 601),
(1, 602),
(5, 602),
(5, 603),
(9, 603),
(25, 603),
(29, 603),
(5, 604),
(16, 604),
(26, 604),
(15, 605),
(23, 605),
(3, 606),
(6, 606),
(10, 606),
(29, 606),
(1, 607),
(4, 608),
(5, 608),
(8, 608),
(26, 608),
(24, 609),
(1, 610),
(2, 610),
(8, 610),
(24, 610),
(26, 610),
(8, 611),
(26, 611),
(1, 612),
(10, 612),
(25, 612),
(10, 613),
(12, 613),
(15, 613),
(23, 613),
(29, 613),
(12, 614),
(13, 614),
(30, 614),
(19, 615),
(7, 616),
(22, 616),
(23, 616),
(25, 617),
(3, 618),
(12, 618),
(17, 618),
(29, 618),
(7, 619),
(18, 620),
(3, 621),
(18, 621),
(21, 621),
(22, 621),
(27, 621),
(1, 622),
(7, 622),
(11, 622),
(15, 622),
(22, 622),
(2, 623),
(16, 623),
(4, 624),
(9, 624),
(8, 625),
(27, 625),
(6, 626),
(16, 626),
(21, 626),
(29, 626),
(30, 626),
(2, 627),
(9, 627),
(12, 627),
(22, 627),
(24, 627),
(1, 628),
(14, 628),
(3, 629),
(5, 629),
(6, 629),
(16, 629),
(21, 629),
(1, 630),
(8, 630),
(11, 630),
(14, 630),
(25, 630),
(2, 631),
(18, 631),
(2, 632),
(7, 632),
(16, 632),
(4, 633),
(28, 633),
(27, 634),
(21, 635),
(25, 635),
(16, 636),
(3, 637),
(6, 637),
(7, 637),
(24, 637),
(28, 637),
(29, 638),
(3, 639),
(4, 639),
(5, 639),
(26, 639),
(28, 639),
(16, 640),
(26, 640),
(16, 641),
(9, 642),
(19, 642),
(14, 643),
(28, 643),
(4, 644),
(5, 644),
(9, 644),
(11, 644),
(2, 645),
(24, 645),
(26, 645),
(29, 645),
(30, 645),
(7, 646),
(30, 646),
(18, 647),
(22, 647),
(8, 648),
(22, 649),
(3, 650),
(14, 651),
(22, 651),
(24, 651),
(25, 651),
(21, 652),
(24, 652),
(28, 652),
(9, 653),
(21, 653),
(29, 653),
(1, 654),
(11, 654),
(16, 654),
(22, 654),
(30, 654),
(17, 655),
(19, 655),
(26, 655),
(3, 656),
(7, 656),
(14, 656),
(18, 656),
(26, 656),
(2, 657),
(15, 657),
(28, 657),
(13, 658),
(24, 658),
(30, 658),
(1, 659),
(2, 659),
(3, 659),
(5, 659),
(10, 659),
(24, 660),
(2, 661),
(5, 661),
(19, 661),
(22, 661),
(9, 662),
(13, 662),
(22, 662),
(23, 662),
(24, 662),
(4, 663),
(30, 663),
(3, 664),
(21, 664),
(3, 665),
(2, 666),
(9, 666),
(11, 666),
(23, 666),
(23, 667),
(25, 667),
(13, 668),
(21, 668),
(23, 668),
(14, 669),
(25, 669),
(4, 670),
(15, 670),
(23, 670),
(30, 670),
(2, 671),
(22, 672),
(24, 672),
(27, 672),
(9, 673),
(11, 673),
(12, 673),
(17, 673),
(23, 673),
(1, 674),
(5, 674),
(6, 674),
(10, 674),
(17, 674),
(13, 675),
(14, 675),
(16, 675),
(22, 675),
(3, 676),
(5, 676),
(18, 676),
(22, 676),
(11, 677),
(15, 677),
(20, 677),
(26, 677),
(28, 677),
(28, 678),
(4, 679),
(9, 679),
(19, 679),
(25, 679),
(19, 680),
(20, 680),
(24, 681),
(9, 682),
(16, 682),
(23, 682),
(25, 682),
(3, 683),
(4, 683),
(27, 683),
(5, 684),
(10, 684),
(12, 684),
(25, 684),
(2, 685),
(4, 685),
(6, 685),
(13, 686),
(26, 686),
(6, 687),
(1, 688),
(14, 688),
(18, 688),
(30, 688),
(1, 689),
(8, 689),
(13, 689),
(14, 689),
(21, 689),
(23, 690),
(15, 691),
(2, 692),
(5, 692),
(16, 692),
(17, 692),
(19, 692),
(14, 693),
(15, 693),
(16, 694),
(17, 694),
(23, 694),
(6, 695),
(4, 696),
(22, 696),
(11, 697),
(18, 697),
(28, 697),
(1, 698),
(4, 699),
(16, 699),
(29, 699),
(20, 700),
(29, 701),
(30, 701),
(13, 702),
(17, 702),
(28, 702),
(30, 702),
(12, 703),
(15, 703),
(17, 703),
(11, 704),
(2, 705),
(4, 705),
(13, 705),
(27, 705),
(15, 706),
(29, 706),
(14, 707),
(17, 707),
(20, 707),
(21, 707),
(22, 707),
(7, 708),
(12, 708),
(13, 708),
(21, 708),
(30, 708),
(3, 709),
(5, 709),
(19, 710),
(22, 710),
(28, 710),
(3, 711),
(22, 711),
(30, 711),
(13, 712),
(5, 713),
(21, 713),
(22, 713),
(26, 713),
(29, 713),
(12, 714),
(21, 714),
(8, 715),
(13, 716),
(16, 716),
(17, 716),
(27, 716),
(6, 717),
(28, 718),
(24, 719),
(27, 719),
(3, 720),
(14, 721),
(26, 721),
(1, 722),
(12, 722),
(17, 722),
(19, 722),
(29, 722),
(7, 723),
(17, 724),
(26, 724),
(25, 725),
(2, 726),
(3, 726),
(5, 726),
(28, 726),
(3, 727),
(20, 727),
(22, 727),
(23, 727),
(24, 727),
(3, 728),
(4, 728),
(8, 728),
(13, 728),
(22, 728),
(20, 729),
(25, 729),
(22, 730),
(3, 731),
(25, 731),
(2, 732),
(7, 732),
(11, 732),
(16, 732),
(18, 732),
(29, 733),
(1, 734),
(28, 734),
(29, 734),
(15, 735),
(17, 735),
(26, 735),
(28, 735),
(29, 735),
(3, 736),
(24, 736),
(1, 737),
(24, 737),
(10, 738),
(11, 739),
(30, 739),
(8, 740),
(17, 740),
(20, 740),
(23, 740),
(28, 740),
(2, 741),
(4, 741),
(5, 741),
(11, 741),
(2, 742),
(3, 742),
(10, 742),
(29, 742),
(7, 743),
(25, 743),
(6, 744),
(7, 744),
(9, 745),
(29, 745),
(1, 746),
(3, 746),
(19, 746),
(20, 746),
(4, 747),
(10, 747),
(15, 747),
(24, 747),
(2, 748),
(10, 748),
(21, 748),
(23, 748),
(4, 749),
(4, 750),
(7, 750),
(15, 750),
(16, 750),
(27, 751),
(2, 752),
(5, 752),
(22, 752),
(24, 752),
(30, 752),
(3, 753),
(12, 753),
(9, 754),
(11, 754),
(12, 754),
(21, 754),
(24, 754),
(13, 755),
(19, 755),
(20, 755),
(13, 756),
(5, 757),
(7, 757),
(14, 757),
(16, 757),
(18, 757),
(25, 758),
(22, 759),
(24, 759),
(27, 759),
(17, 760),
(23, 760),
(1, 761),
(27, 761),
(8, 762),
(13, 762),
(17, 762),
(5, 763),
(18, 763),
(21, 763),
(1, 764),
(4, 764),
(7, 764),
(8, 764),
(22, 764),
(19, 765),
(21, 765),
(3, 766),
(9, 766),
(17, 766),
(22, 766),
(29, 766),
(8, 767),
(24, 767),
(30, 767),
(7, 768),
(11, 768),
(18, 769),
(29, 769),
(19, 770),
(9, 771),
(27, 771),
(8, 772),
(12, 772),
(28, 772),
(1, 773),
(4, 773),
(23, 773),
(28, 773),
(8, 774),
(18, 774),
(3, 775),
(5, 775),
(19, 776),
(1, 777),
(2, 777),
(27, 777),
(4, 778),
(14, 778),
(18, 778),
(19, 778),
(23, 778),
(29, 779),
(1, 780),
(18, 780),
(19, 780),
(25, 780),
(4, 781),
(12, 781),
(15, 781),
(20, 781),
(11, 782),
(19, 782),
(24, 782),
(27, 782),
(3, 783),
(8, 783),
(30, 783),
(4, 784),
(7, 784),
(11, 784),
(16, 784),
(27, 784),
(11, 785),
(13, 785),
(29, 785),
(3, 786),
(7, 787),
(9, 787),
(20, 787),
(21, 787),
(1, 788),
(2, 788),
(18, 788),
(22, 788),
(30, 788),
(5, 789),
(9, 790),
(18, 790),
(21, 790),
(18, 791),
(20, 792),
(2, 793),
(12, 793),
(23, 793),
(27, 793),
(1, 794),
(11, 794),
(21, 794),
(29, 794),
(27, 795),
(21, 796),
(9, 797),
(21, 797),
(26, 797),
(14, 798),
(21, 798),
(30, 798),
(5, 799),
(9, 799),
(11, 799),
(1, 800),
(2, 800),
(22, 800),
(24, 800),
(30, 800),
(3, 801),
(9, 801),
(13, 801),
(19, 802),
(22, 802),
(14, 803),
(29, 803),
(16, 804),
(17, 804),
(13, 805),
(24, 805),
(25, 805),
(27, 805),
(30, 806),
(12, 807),
(12, 808),
(20, 808),
(27, 808),
(7, 809),
(11, 809),
(29, 809),
(1, 810),
(7, 810),
(9, 810),
(16, 810),
(4, 811),
(20, 811),
(24, 811),
(26, 811),
(30, 811),
(20, 812),
(15, 813),
(19, 813),
(17, 814),
(30, 815),
(5, 816),
(20, 816),
(21, 816),
(4, 817),
(6, 817),
(22, 817),
(2, 818),
(8, 818),
(9, 818),
(15, 818),
(29, 818),
(9, 819),
(12, 819),
(24, 819),
(25, 820),
(26, 820),
(6, 821),
(12, 821),
(30, 821),
(2, 822),
(12, 822),
(28, 822),
(12, 823),
(5, 824),
(14, 824),
(15, 824),
(19, 824),
(28, 824),
(8, 825),
(17, 825),
(16, 826),
(21, 826),
(22, 826),
(29, 826),
(9, 827),
(17, 828),
(26, 828),
(6, 829),
(15, 829),
(21, 829),
(25, 829),
(29, 829),
(17, 830),
(12, 831),
(13, 831),
(15, 831),
(24, 831),
(3, 832),
(5, 832),
(5, 833),
(7, 833),
(19, 833),
(28, 833),
(10, 834),
(1, 835),
(3, 835),
(27, 835),
(13, 836),
(17, 836),
(6, 837),
(7, 837),
(19, 837),
(20, 837),
(24, 837),
(26, 838),
(30, 838),
(9, 839),
(22, 839),
(8, 840),
(10, 840),
(17, 840),
(20, 840),
(28, 840),
(16, 841),
(19, 841),
(24, 841),
(26, 841),
(30, 841),
(2, 842),
(18, 842),
(23, 842),
(29, 842),
(12, 843),
(16, 843),
(2, 844),
(22, 844),
(6, 845),
(17, 845),
(23, 845),
(26, 845),
(13, 846),
(20, 846),
(24, 846),
(27, 846),
(25, 847),
(4, 848),
(5, 848),
(7, 849),
(13, 849),
(22, 850),
(13, 851),
(23, 851),
(26, 851),
(30, 851),
(14, 852),
(24, 852),
(12, 853),
(17, 853),
(6, 854),
(9, 854),
(12, 854),
(22, 854),
(19, 855),
(7, 856),
(16, 856),
(21, 856),
(4, 857),
(6, 857),
(7, 857),
(13, 857),
(29, 857),
(5, 858),
(10, 858),
(14, 858),
(22, 858),
(27, 858),
(21, 859),
(3, 860),
(8, 860),
(10, 860),
(16, 860),
(19, 860),
(1, 861),
(19, 861),
(1, 862),
(5, 862),
(8, 862),
(30, 862),
(17, 863),
(18, 863),
(23, 863),
(16, 864),
(12, 865),
(14, 865),
(27, 865),
(3, 866),
(9, 866),
(10, 866),
(15, 866),
(7, 867),
(8, 867),
(23, 867),
(27, 867),
(29, 867),
(8, 868),
(22, 869),
(2, 870),
(12, 871),
(17, 872),
(18, 872),
(30, 872),
(1, 873),
(18, 873),
(28, 873),
(8, 874),
(18, 874),
(28, 874),
(2, 875),
(5, 875),
(9, 875),
(30, 875),
(10, 876),
(23, 876),
(24, 876),
(26, 876),
(4, 877),
(6, 877),
(12, 877),
(17, 877),
(1, 878),
(5, 878),
(3, 879),
(10, 879),
(15, 879),
(21, 879),
(28, 879),
(5, 880),
(6, 880),
(12, 880),
(10, 881),
(23, 881),
(6, 882),
(10, 882),
(7, 883),
(13, 883),
(17, 883),
(7, 884),
(14, 884),
(20, 884),
(22, 884),
(28, 884),
(16, 885),
(20, 885),
(25, 885),
(26, 885),
(30, 885),
(13, 886),
(15, 886),
(17, 886),
(20, 886),
(23, 887),
(24, 887),
(30, 887),
(10, 888),
(23, 888),
(28, 888),
(1, 889),
(8, 889),
(14, 889),
(20, 889),
(28, 889),
(24, 890),
(25, 890),
(1, 891),
(27, 891),
(29, 891),
(6, 892),
(28, 892),
(2, 893),
(12, 893),
(22, 893),
(30, 893),
(14, 894),
(22, 894),
(17, 895),
(21, 895),
(18, 896),
(4, 897),
(6, 897),
(11, 897),
(16, 897),
(19, 897),
(18, 898),
(22, 898),
(30, 899),
(11, 900),
(14, 900),
(29, 900),
(6, 901),
(7, 901),
(29, 902),
(9, 903),
(11, 903),
(14, 903),
(18, 903),
(20, 903),
(14, 904),
(18, 904),
(6, 905),
(21, 905),
(28, 905),
(9, 906),
(2, 907),
(11, 907),
(14, 907),
(19, 907),
(9, 908),
(8, 909),
(13, 909),
(15, 909),
(21, 909),
(26, 909),
(2, 910),
(8, 910),
(16, 910),
(19, 910),
(25, 910),
(6, 911),
(7, 911),
(10, 911),
(19, 911),
(1, 912),
(5, 912),
(20, 912),
(24, 912),
(27, 912),
(8, 913),
(9, 913),
(10, 913),
(13, 913),
(26, 913),
(4, 914),
(8, 914),
(10, 914),
(25, 914),
(29, 914),
(20, 915),
(25, 915),
(27, 915),
(13, 916),
(25, 916),
(28, 916),
(10, 917),
(20, 917),
(1, 918),
(7, 918),
(22, 918),
(23, 918),
(27, 918),
(14, 919),
(15, 919),
(21, 919),
(22, 919),
(26, 919),
(13, 920),
(14, 920),
(28, 920),
(30, 920),
(3, 921),
(4, 921),
(21, 921),
(25, 921),
(29, 921),
(13, 922),
(26, 922),
(11, 923),
(15, 923),
(17, 923),
(24, 923),
(27, 923),
(1, 924),
(13, 924),
(15, 924),
(18, 924),
(20, 924),
(1, 925),
(4, 925),
(5, 925),
(1, 926),
(7, 926),
(12, 926),
(16, 927),
(17, 927),
(20, 927),
(10, 928),
(18, 928),
(20, 928),
(22, 928),
(29, 928),
(4, 929),
(13, 929),
(15, 929),
(11, 930),
(12, 930),
(15, 930),
(21, 930),
(2, 931),
(11, 931),
(29, 931),
(30, 931),
(17, 932),
(4, 933),
(1, 934),
(14, 934),
(6, 935),
(3, 936),
(4, 936),
(4, 937),
(21, 937),
(4, 938),
(16, 938),
(21, 938),
(4, 939),
(7, 939),
(3, 940),
(21, 940),
(30, 940),
(5, 941),
(16, 941),
(30, 942),
(3, 943),
(9, 943),
(11, 943),
(16, 943),
(26, 943),
(2, 944),
(20, 944),
(22, 944),
(27, 944),
(30, 944),
(3, 945),
(14, 945),
(20, 945),
(7, 946),
(8, 946),
(11, 946),
(12, 946),
(27, 946),
(1, 947),
(12, 947),
(1, 948),
(9, 948),
(10, 949),
(13, 949),
(19, 949),
(24, 949),
(30, 949),
(6, 950),
(10, 950),
(12, 950),
(19, 950),
(23, 951),
(25, 951),
(19, 952),
(21, 952),
(23, 952),
(26, 953),
(1, 954),
(9, 954),
(15, 954),
(24, 954),
(11, 955),
(29, 955),
(17, 956),
(22, 956),
(1, 957),
(19, 957),
(4, 958),
(12, 958),
(18, 958),
(27, 958),
(1, 959),
(6, 959),
(10, 959),
(3, 960),
(4, 960),
(17, 960),
(27, 960),
(9, 961),
(12, 961),
(23, 961),
(29, 961),
(28, 962),
(8, 963),
(10, 963),
(11, 963),
(14, 963),
(28, 963),
(8, 964),
(26, 964),
(4, 965),
(8, 965),
(7, 966),
(25, 966),
(11, 967),
(15, 967),
(18, 967),
(22, 967),
(30, 967),
(8, 968),
(13, 968),
(16, 968),
(23, 968),
(25, 968),
(2, 969),
(7, 969),
(9, 969),
(17, 969),
(28, 969),
(5, 970),
(6, 970),
(18, 970),
(21, 970),
(23, 970),
(10, 971),
(23, 971),
(29, 971),
(2, 972),
(17, 972),
(22, 972),
(29, 972),
(30, 972),
(3, 973),
(11, 973),
(16, 973),
(20, 973),
(4, 974),
(9, 974),
(14, 974),
(29, 974),
(1, 975),
(14, 975),
(29, 975),
(8, 976),
(15, 976),
(25, 976),
(27, 976),
(7, 977),
(14, 977),
(18, 977),
(24, 977),
(1, 978),
(3, 978),
(15, 978),
(17, 978),
(1, 979),
(7, 979),
(22, 979),
(26, 979),
(6, 980),
(15, 980),
(19, 980),
(24, 980),
(28, 981),
(4, 982),
(5, 983),
(15, 983),
(19, 983),
(18, 984),
(5, 985),
(17, 985),
(29, 985),
(4, 986),
(9, 986),
(22, 986),
(17, 987),
(13, 988),
(17, 988),
(18, 988),
(29, 988),
(30, 988),
(15, 989),
(27, 989),
(17, 990),
(25, 991),
(26, 991),
(28, 991),
(2, 992),
(4, 992),
(22, 992),
(5, 993),
(10, 993),
(28, 993),
(4, 994),
(10, 995),
(3, 996),
(11, 996),
(2, 997),
(11, 997),
(15, 997),
(16, 997),
(1, 998),
(26, 999),
(29, 999),
(13, 1000),
(17, 1000),
(22, 1000),
(24, 1000);

-- --------------------------------------------------------

--
-- Table structure for table `migrations`
--

CREATE TABLE `migrations` (
  `id` int(10) UNSIGNED NOT NULL,
  `migration` varchar(191) COLLATE utf8mb4_unicode_ci NOT NULL,
  `batch` int(11) NOT NULL
) ENGINE=InnoDB DEFAULT CHARSET=utf8mb4 COLLATE=utf8mb4_unicode_ci;

--
-- Dumping data for table `migrations`
--

INSERT INTO `migrations` (`id`, `migration`, `batch`) VALUES
(36, '2016_06_01_000001_create_oauth_auth_codes_table', 1),
(37, '2016_06_01_000002_create_oauth_access_tokens_table', 1),
(38, '2016_06_01_000003_create_oauth_refresh_tokens_table', 1),
(39, '2016_06_01_000004_create_oauth_clients_table', 1),
(40, '2016_06_01_000005_create_oauth_personal_access_clients_table', 1),
(93, '2014_10_12_000000_create_users_table', 2),
(94, '2014_10_12_100000_create_password_resets_table', 2),
(95, '2021_06_07_123131_create_categories_table', 2),
(96, '2021_06_07_123216_create_products_table', 2),
(97, '2021_06_07_123234_create_transactions_table', 2),
(98, '2021_06_07_210422_category_product_table', 2);

-- --------------------------------------------------------

--
-- Table structure for table `oauth_access_tokens`
--

CREATE TABLE `oauth_access_tokens` (
  `id` varchar(100) COLLATE utf8mb4_unicode_ci NOT NULL,
  `user_id` int(11) DEFAULT NULL,
  `client_id` int(11) NOT NULL,
  `name` varchar(191) COLLATE utf8mb4_unicode_ci DEFAULT NULL,
  `scopes` text COLLATE utf8mb4_unicode_ci DEFAULT NULL,
  `revoked` tinyint(1) NOT NULL,
  `created_at` timestamp NULL DEFAULT NULL,
  `updated_at` timestamp NULL DEFAULT NULL,
  `expires_at` datetime DEFAULT NULL
) ENGINE=InnoDB DEFAULT CHARSET=utf8mb4 COLLATE=utf8mb4_unicode_ci;

-- --------------------------------------------------------

--
-- Table structure for table `oauth_auth_codes`
--

CREATE TABLE `oauth_auth_codes` (
  `id` varchar(100) COLLATE utf8mb4_unicode_ci NOT NULL,
  `user_id` int(11) NOT NULL,
  `client_id` int(11) NOT NULL,
  `scopes` text COLLATE utf8mb4_unicode_ci DEFAULT NULL,
  `revoked` tinyint(1) NOT NULL,
  `expires_at` datetime DEFAULT NULL
) ENGINE=InnoDB DEFAULT CHARSET=utf8mb4 COLLATE=utf8mb4_unicode_ci;

-- --------------------------------------------------------

--
-- Table structure for table `oauth_clients`
--

CREATE TABLE `oauth_clients` (
  `id` int(10) UNSIGNED NOT NULL,
  `user_id` int(11) DEFAULT NULL,
  `name` varchar(191) COLLATE utf8mb4_unicode_ci NOT NULL,
  `secret` varchar(100) COLLATE utf8mb4_unicode_ci NOT NULL,
  `redirect` text COLLATE utf8mb4_unicode_ci NOT NULL,
  `personal_access_client` tinyint(1) NOT NULL,
  `password_client` tinyint(1) NOT NULL,
  `revoked` tinyint(1) NOT NULL,
  `created_at` timestamp NULL DEFAULT NULL,
  `updated_at` timestamp NULL DEFAULT NULL
) ENGINE=InnoDB DEFAULT CHARSET=utf8mb4 COLLATE=utf8mb4_unicode_ci;

-- --------------------------------------------------------

--
-- Table structure for table `oauth_personal_access_clients`
--

CREATE TABLE `oauth_personal_access_clients` (
  `id` int(10) UNSIGNED NOT NULL,
  `client_id` int(11) NOT NULL,
  `created_at` timestamp NULL DEFAULT NULL,
  `updated_at` timestamp NULL DEFAULT NULL
) ENGINE=InnoDB DEFAULT CHARSET=utf8mb4 COLLATE=utf8mb4_unicode_ci;

-- --------------------------------------------------------

--
-- Table structure for table `oauth_refresh_tokens`
--

CREATE TABLE `oauth_refresh_tokens` (
  `id` varchar(100) COLLATE utf8mb4_unicode_ci NOT NULL,
  `access_token_id` varchar(100) COLLATE utf8mb4_unicode_ci NOT NULL,
  `revoked` tinyint(1) NOT NULL,
  `expires_at` datetime DEFAULT NULL
) ENGINE=InnoDB DEFAULT CHARSET=utf8mb4 COLLATE=utf8mb4_unicode_ci;

-- --------------------------------------------------------

--
-- Table structure for table `password_resets`
--

CREATE TABLE `password_resets` (
  `email` varchar(191) COLLATE utf8mb4_unicode_ci NOT NULL,
  `token` varchar(191) COLLATE utf8mb4_unicode_ci NOT NULL,
  `created_at` timestamp NULL DEFAULT NULL
) ENGINE=InnoDB DEFAULT CHARSET=utf8mb4 COLLATE=utf8mb4_unicode_ci;

-- --------------------------------------------------------

--
-- Table structure for table `products`
--

CREATE TABLE `products` (
  `id` int(10) UNSIGNED NOT NULL,
  `name` varchar(191) COLLATE utf8mb4_unicode_ci NOT NULL,
  `description` varchar(1000) COLLATE utf8mb4_unicode_ci NOT NULL,
  `quantity` int(10) UNSIGNED NOT NULL,
  `status` varchar(191) COLLATE utf8mb4_unicode_ci NOT NULL DEFAULT 'unavailable',
  `image` varchar(191) COLLATE utf8mb4_unicode_ci NOT NULL,
  `seller_id` int(10) UNSIGNED NOT NULL,
  `created_at` timestamp NULL DEFAULT NULL,
  `updated_at` timestamp NULL DEFAULT NULL,
  `deleted_at` timestamp NULL DEFAULT NULL
) ENGINE=InnoDB DEFAULT CHARSET=utf8mb4 COLLATE=utf8mb4_unicode_ci;

--
-- Dumping data for table `products`
--

INSERT INTO `products` (`id`, `name`, `description`, `quantity`, `status`, `image`, `seller_id`, `created_at`, `updated_at`, `deleted_at`) VALUES
(1, 'dolores', 'Quae et sunt ut.', 7, 'unavailable', 'image2.jpeg', 326, '2021-06-22 09:57:49', '2021-06-22 09:57:49', NULL),
(2, 'quod', 'Officia porro suscipit dolores amet impedit corporis qui. Eligendi modi soluta quis.', 1, 'available', 'image2.jpeg', 659, '2021-06-22 09:57:49', '2021-06-22 09:57:49', NULL),
(3, 'non', 'Dolor molestiae aperiam alias non aut non dolor.', 9, 'available', 'image2.jpeg', 621, '2021-06-22 09:57:49', '2021-06-22 09:57:49', NULL),
(4, 'voluptate', 'Porro illo quidem qui reprehenderit.', 4, 'unavailable', 'image2.jpeg', 428, '2021-06-22 09:57:49', '2021-06-22 09:57:49', NULL),
(5, 'qui', 'Nobis soluta aspernatur itaque sed impedit.', 6, 'unavailable', 'image1.jpg', 544, '2021-06-22 09:57:49', '2021-06-22 09:57:49', NULL),
(6, 'voluptatum', 'Deleniti vel minima suscipit est dignissimos omnis qui. Rerum consequatur fuga consequatur non.', 9, 'available', 'image3.jpg', 965, '2021-06-22 09:57:49', '2021-06-22 09:57:49', NULL),
(7, 'sed', 'Aut non itaque labore corporis aspernatur eos. Alias odio sint enim sunt est consequatur.', 8, 'unavailable', 'image3.jpg', 868, '2021-06-22 09:57:49', '2021-06-22 09:57:49', NULL),
(8, 'sunt', 'Ratione quasi quos quis earum.', 4, 'unavailable', 'image2.jpeg', 8, '2021-06-22 09:57:49', '2021-06-22 09:57:49', NULL),
(9, 'dolor', 'Rerum earum dolor nam quod dicta.', 1, 'unavailable', 'image2.jpeg', 168, '2021-06-22 09:57:49', '2021-06-22 09:57:49', NULL),
(10, 'expedita', 'Fugiat velit autem soluta beatae.', 6, 'available', 'image3.jpg', 471, '2021-06-22 09:57:50', '2021-06-22 09:57:50', NULL),
(11, 'exercitationem', 'Libero vel unde omnis sit reprehenderit. Hic voluptatem deleniti accusantium quasi et unde.', 6, 'available', 'image3.jpg', 77, '2021-06-22 09:57:50', '2021-06-22 09:57:50', NULL),
(12, 'fuga', 'Incidunt in commodi saepe dolore.', 6, 'unavailable', 'image1.jpg', 298, '2021-06-22 09:57:50', '2021-06-22 09:57:50', NULL),
(13, 'vero', 'Perferendis nesciunt et nam aut. Consequatur inventore amet sed sint dolores enim.', 7, 'unavailable', 'image1.jpg', 502, '2021-06-22 09:57:50', '2021-06-22 09:57:50', NULL),
(14, 'rerum', 'Laborum pariatur dicta laudantium amet dolores fugit.', 2, 'available', 'image3.jpg', 745, '2021-06-22 09:57:50', '2021-06-22 09:57:50', NULL),
(15, 'laborum', 'Et qui consequatur et omnis natus corporis qui consequatur. Quia quia fugit rerum eveniet molestiae totam rerum.', 1, 'available', 'image3.jpg', 505, '2021-06-22 09:57:50', '2021-06-22 09:57:50', NULL),
(16, 'eum', 'Maiores magni eos architecto velit molestiae.', 6, 'available', 'image1.jpg', 69, '2021-06-22 09:57:50', '2021-06-22 09:57:50', NULL),
(17, 'corrupti', 'Voluptatum modi exercitationem voluptatem consectetur culpa veritatis est provident. Sit sint reiciendis alias doloribus quisquam.', 6, 'available', 'image2.jpeg', 254, '2021-06-22 09:57:50', '2021-06-22 09:57:50', NULL),
(18, 'nam', 'Iste ut ea est aut ducimus repellat et eius. Cumque soluta cumque et.', 1, 'unavailable', 'image2.jpeg', 720, '2021-06-22 09:57:50', '2021-06-22 09:57:50', NULL),
(19, 'nisi', 'Minima aut quo mollitia accusantium omnis a earum. Molestiae repudiandae occaecati earum est dicta non.', 7, 'unavailable', 'image3.jpg', 228, '2021-06-22 09:57:50', '2021-06-22 09:57:50', NULL),
(20, 'ab', 'Aut quia cupiditate sed at eum.', 10, 'available', 'image2.jpeg', 507, '2021-06-22 09:57:50', '2021-06-22 09:57:50', NULL),
(21, 'enim', 'Dignissimos voluptatem nobis optio sed aut autem et.', 1, 'available', 'image1.jpg', 91, '2021-06-22 09:57:50', '2021-06-22 09:57:50', NULL),
(22, 'rerum', 'Numquam et sint velit sequi tempore minima.', 10, 'available', 'image1.jpg', 67, '2021-06-22 09:57:50', '2021-06-22 09:57:50', NULL),
(23, 'sunt', 'Aut aut doloribus aut eum. Amet mollitia quaerat exercitationem asperiores sit deleniti aut.', 4, 'unavailable', 'image1.jpg', 489, '2021-06-22 09:57:50', '2021-06-22 09:57:50', NULL),
(24, 'non', 'Nam eaque quia dolorem quisquam.', 5, 'unavailable', 'image1.jpg', 851, '2021-06-22 09:57:50', '2021-06-22 09:57:50', NULL),
(25, 'qui', 'Consectetur maxime nisi nemo sint eligendi et animi aut. Illum dolorum excepturi repellat similique rerum ea mollitia.', 8, 'available', 'image3.jpg', 795, '2021-06-22 09:57:50', '2021-06-22 09:57:50', NULL),
(26, 'distinctio', 'Ut quos autem ut mollitia. Atque sint voluptas eveniet non ut enim.', 7, 'unavailable', 'image2.jpeg', 611, '2021-06-22 09:57:50', '2021-06-22 09:57:50', NULL),
(27, 'dolores', 'Deleniti totam incidunt aliquam quia. Molestiae dolor voluptas nemo occaecati quia.', 9, 'unavailable', 'image2.jpeg', 781, '2021-06-22 09:57:50', '2021-06-22 09:57:50', NULL),
(28, 'ad', 'Reiciendis corporis aspernatur sed eos sit libero illo dolorem.', 8, 'available', 'image1.jpg', 245, '2021-06-22 09:57:50', '2021-06-22 09:57:50', NULL),
(29, 'asperiores', 'Doloribus tempore neque debitis illo.', 6, 'available', 'image2.jpeg', 315, '2021-06-22 09:57:50', '2021-06-22 09:57:50', NULL),
(30, 'voluptatem', 'Incidunt vel nihil sed.', 2, 'unavailable', 'image2.jpeg', 100, '2021-06-22 09:57:50', '2021-06-22 09:57:50', NULL),
(31, 'error', 'Harum delectus incidunt rem hic distinctio. Et nisi maiores quo consequatur.', 8, 'available', 'image2.jpeg', 844, '2021-06-22 09:57:50', '2021-06-22 09:57:50', NULL),
(32, 'autem', 'Mollitia porro in perferendis possimus saepe magni reiciendis. Numquam in ullam aliquid consequatur blanditiis.', 9, 'unavailable', 'image3.jpg', 861, '2021-06-22 09:57:50', '2021-06-22 09:57:50', NULL),
(33, 'nihil', 'Fugiat illum non dolorem ut. At magni quo itaque eum tenetur.', 9, 'unavailable', 'image1.jpg', 130, '2021-06-22 09:57:50', '2021-06-22 09:57:50', NULL),
(34, 'voluptatem', 'Deserunt soluta vero reiciendis amet. Ut ex blanditiis quia qui hic numquam blanditiis.', 7, 'available', 'image2.jpeg', 391, '2021-06-22 09:57:50', '2021-06-22 09:57:50', NULL),
(35, 'sed', 'Quia exercitationem a quia sunt laboriosam est.', 9, 'unavailable', 'image3.jpg', 290, '2021-06-22 09:57:50', '2021-06-22 09:57:50', NULL),
(36, 'ut', 'Voluptates architecto optio beatae molestiae quos deleniti sint. Error repellendus id itaque quam pariatur ipsa quaerat.', 1, 'unavailable', 'image1.jpg', 842, '2021-06-22 09:57:50', '2021-06-22 09:57:50', NULL),
(37, 'minus', 'Repellat neque est at a est quo sed. Et suscipit architecto ipsa quam quia impedit adipisci.', 2, 'unavailable', 'image1.jpg', 526, '2021-06-22 09:57:50', '2021-06-22 09:57:50', NULL),
(38, 'quas', 'Et voluptates et incidunt qui.', 10, 'unavailable', 'image3.jpg', 231, '2021-06-22 09:57:50', '2021-06-22 09:57:50', NULL),
(39, 'perferendis', 'Dolorem ipsa iusto nisi. Cumque facere accusamus consectetur cumque est odit.', 1, 'available', 'image3.jpg', 358, '2021-06-22 09:57:50', '2021-06-22 09:57:50', NULL),
(40, 'fugiat', 'Vitae enim ullam magni eum. Nihil alias illo nihil omnis.', 5, 'unavailable', 'image3.jpg', 745, '2021-06-22 09:57:50', '2021-06-22 09:57:50', NULL),
(41, 'voluptas', 'Facilis debitis sapiente quaerat quasi. Recusandae velit inventore facilis voluptatem quia voluptatibus aperiam.', 7, 'unavailable', 'image3.jpg', 207, '2021-06-22 09:57:50', '2021-06-22 09:57:50', NULL),
(42, 'aut', 'Dolores nesciunt veritatis blanditiis eligendi quia. Placeat aperiam et corporis cupiditate.', 2, 'available', 'image1.jpg', 157, '2021-06-22 09:57:50', '2021-06-22 09:57:50', NULL),
(43, 'quia', 'Similique rerum magnam nemo perferendis.', 9, 'available', 'image3.jpg', 977, '2021-06-22 09:57:50', '2021-06-22 09:57:50', NULL),
(44, 'ut', 'Consectetur iure provident in dolorum incidunt maxime cumque. Praesentium qui officia et dolorem.', 6, 'unavailable', 'image3.jpg', 628, '2021-06-22 09:57:50', '2021-06-22 09:57:50', NULL),
(45, 'magni', 'Itaque ipsam perspiciatis non quae.', 4, 'available', 'image3.jpg', 879, '2021-06-22 09:57:50', '2021-06-22 09:57:50', NULL),
(46, 'culpa', 'Possimus suscipit aut et inventore libero aut. Sunt sint et nihil fugiat occaecati aut voluptas.', 4, 'unavailable', 'image3.jpg', 304, '2021-06-22 09:57:50', '2021-06-22 09:57:50', NULL),
(47, 'saepe', 'Et et nam error et.', 9, 'available', 'image1.jpg', 381, '2021-06-22 09:57:50', '2021-06-22 09:57:50', NULL),
(48, 'quas', 'Nemo facere sit sint culpa consequatur et excepturi rerum.', 3, 'available', 'image1.jpg', 496, '2021-06-22 09:57:50', '2021-06-22 09:57:50', NULL),
(49, 'quae', 'Ullam quod sit voluptas placeat sint reprehenderit dolor magni. Commodi quis inventore eaque consequatur quo.', 9, 'unavailable', 'image2.jpeg', 871, '2021-06-22 09:57:50', '2021-06-22 09:57:50', NULL),
(50, 'beatae', 'Quibusdam architecto exercitationem qui.', 4, 'unavailable', 'image2.jpeg', 588, '2021-06-22 09:57:50', '2021-06-22 09:57:50', NULL),
(51, 'asperiores', 'Perferendis qui consequuntur nam modi minima quis incidunt animi. Quibusdam architecto officiis repellendus a qui.', 5, 'available', 'image2.jpeg', 991, '2021-06-22 09:57:50', '2021-06-22 09:57:50', NULL),
(52, 'sint', 'Explicabo et enim consectetur soluta cum.', 9, 'available', 'image1.jpg', 528, '2021-06-22 09:57:50', '2021-06-22 09:57:50', NULL),
(53, 'velit', 'Sit cupiditate reprehenderit ut voluptatum enim veniam.', 2, 'unavailable', 'image3.jpg', 828, '2021-06-22 09:57:50', '2021-06-22 09:57:50', NULL),
(54, 'neque', 'Qui voluptatibus ab suscipit magnam odio velit eaque praesentium.', 1, 'unavailable', 'image1.jpg', 936, '2021-06-22 09:57:50', '2021-06-22 09:57:50', NULL),
(55, 'debitis', 'Qui velit rerum voluptas ipsum eveniet deleniti occaecati.', 6, 'unavailable', 'image2.jpeg', 406, '2021-06-22 09:57:50', '2021-06-22 09:57:50', NULL),
(56, 'dolorum', 'Quod quasi fugit dignissimos voluptatibus. Consequatur molestias voluptas consequuntur sint quo voluptas incidunt accusantium.', 4, 'available', 'image1.jpg', 794, '2021-06-22 09:57:50', '2021-06-22 09:57:50', NULL),
(57, 'repellendus', 'Quisquam commodi accusamus quia labore.', 4, 'unavailable', 'image2.jpeg', 794, '2021-06-22 09:57:50', '2021-06-22 09:57:50', NULL),
(58, 'illum', 'Est cumque cumque veniam id. Qui voluptas et qui rerum odit fuga voluptas.', 3, 'unavailable', 'image3.jpg', 580, '2021-06-22 09:57:50', '2021-06-22 09:57:50', NULL),
(59, 'odio', 'Sint culpa nobis aspernatur asperiores et commodi. Voluptas est dolor aliquam iusto excepturi nostrum aut facilis.', 1, 'available', 'image2.jpeg', 222, '2021-06-22 09:57:50', '2021-06-22 09:57:50', NULL),
(60, 'odit', 'Dolores magni sed quia ea dolore explicabo repellat delectus.', 5, 'available', 'image1.jpg', 311, '2021-06-22 09:57:50', '2021-06-22 09:57:50', NULL),
(61, 'et', 'Voluptas aut quibusdam sit.', 9, 'unavailable', 'image1.jpg', 258, '2021-06-22 09:57:50', '2021-06-22 09:57:50', NULL),
(62, 'tempore', 'Mollitia ea rerum dicta qui natus vero ipsam. Impedit ipsa et iste aliquam corrupti mollitia.', 1, 'unavailable', 'image2.jpeg', 231, '2021-06-22 09:57:50', '2021-06-22 09:57:50', NULL),
(63, 'rerum', 'Ut laudantium vero esse culpa.', 7, 'available', 'image3.jpg', 197, '2021-06-22 09:57:50', '2021-06-22 09:57:50', NULL),
(64, 'explicabo', 'Provident nulla modi nostrum esse dolorum adipisci.', 7, 'unavailable', 'image1.jpg', 981, '2021-06-22 09:57:50', '2021-06-22 09:57:50', NULL),
(65, 'eum', 'Dolorem ipsum nam quia nulla est.', 4, 'unavailable', 'image3.jpg', 20, '2021-06-22 09:57:50', '2021-06-22 09:57:50', NULL),
(66, 'reprehenderit', 'Facere atque dolor provident non distinctio.', 9, 'unavailable', 'image3.jpg', 826, '2021-06-22 09:57:50', '2021-06-22 09:57:50', NULL),
(67, 'et', 'In odio velit eos illum non cum commodi. Velit quibusdam vel est quis cupiditate laboriosam non.', 2, 'available', 'image2.jpeg', 108, '2021-06-22 09:57:50', '2021-06-22 09:57:50', NULL),
(68, 'praesentium', 'Nostrum qui ullam aut dolore. Enim ut non vero iure harum.', 8, 'available', 'image1.jpg', 574, '2021-06-22 09:57:50', '2021-06-22 09:57:50', NULL),
(69, 'placeat', 'Et et quidem quia et.', 3, 'available', 'image2.jpeg', 715, '2021-06-22 09:57:50', '2021-06-22 09:57:50', NULL),
(70, 'dolorum', 'Soluta impedit quia eum accusantium qui.', 7, 'available', 'image3.jpg', 900, '2021-06-22 09:57:50', '2021-06-22 09:57:50', NULL),
(71, 'voluptates', 'Voluptas beatae harum ullam provident nemo sit.', 2, 'unavailable', 'image1.jpg', 652, '2021-06-22 09:57:50', '2021-06-22 09:57:50', NULL),
(72, 'magnam', 'Aut et laudantium autem pariatur dolorum reiciendis doloribus.', 4, 'unavailable', 'image3.jpg', 561, '2021-06-22 09:57:50', '2021-06-22 09:57:50', NULL),
(73, 'soluta', 'Aut modi quasi numquam consequatur voluptatum magnam.', 10, 'available', 'image2.jpeg', 913, '2021-06-22 09:57:50', '2021-06-22 09:57:50', NULL),
(74, 'quia', 'Voluptatem dolorum tenetur dignissimos officia. Molestiae voluptatem qui ipsum facilis velit omnis.', 10, 'unavailable', 'image1.jpg', 488, '2021-06-22 09:57:50', '2021-06-22 09:57:50', NULL),
(75, 'quo', 'Quasi vel tempore autem voluptatem.', 8, 'available', 'image3.jpg', 466, '2021-06-22 09:57:50', '2021-06-22 09:57:50', NULL),
(76, 'voluptas', 'Amet omnis veritatis eaque possimus.', 4, 'available', 'image2.jpeg', 170, '2021-06-22 09:57:50', '2021-06-22 09:57:50', NULL),
(77, 'nobis', 'Perspiciatis sint reiciendis esse id cum facilis voluptatem. Maiores voluptatem libero iure et ducimus magnam laudantium.', 2, 'available', 'image1.jpg', 993, '2021-06-22 09:57:50', '2021-06-22 09:57:50', NULL),
(78, 'nemo', 'Eos reprehenderit excepturi facilis voluptates. Qui et consectetur sint ut fuga ut fuga.', 10, 'unavailable', 'image2.jpeg', 882, '2021-06-22 09:57:50', '2021-06-22 09:57:50', NULL),
(79, 'vitae', 'Sequi iure molestias dolores ut repellat quis saepe. Aut voluptates ducimus dolores veritatis incidunt qui iure.', 1, 'unavailable', 'image1.jpg', 88, '2021-06-22 09:57:50', '2021-06-22 09:57:50', NULL),
(80, 'consequatur', 'Odit minus rem facilis molestiae laudantium et.', 1, 'unavailable', 'image3.jpg', 100, '2021-06-22 09:57:50', '2021-06-22 09:57:50', NULL),
(81, 'perspiciatis', 'Ea aliquid tenetur dolor qui maxime voluptas voluptatibus. Qui corporis aspernatur iusto qui error laudantium reprehenderit.', 6, 'available', 'image3.jpg', 584, '2021-06-22 09:57:50', '2021-06-22 09:57:50', NULL),
(82, 'autem', 'Veniam sapiente aliquid aut delectus fugiat. Qui illum atque voluptatem eveniet.', 4, 'unavailable', 'image1.jpg', 440, '2021-06-22 09:57:50', '2021-06-22 09:57:50', NULL),
(83, 'sed', 'Dolorem vitae laboriosam perspiciatis omnis nemo quia qui. Illum at blanditiis assumenda recusandae.', 2, 'unavailable', 'image2.jpeg', 737, '2021-06-22 09:57:50', '2021-06-22 09:57:50', NULL),
(84, 'perspiciatis', 'Quis modi quaerat accusantium voluptas dicta et. Quasi qui itaque error odit quae alias.', 7, 'available', 'image2.jpeg', 953, '2021-06-22 09:57:50', '2021-06-22 09:57:50', NULL),
(85, 'rerum', 'Libero fugiat vitae voluptatum. Praesentium dolores perferendis odit ut qui fuga molestiae.', 2, 'unavailable', 'image2.jpeg', 465, '2021-06-22 09:57:50', '2021-06-22 09:57:50', NULL),
(86, 'qui', 'In ratione dignissimos sed qui et sunt. Magnam ratione voluptates omnis sunt praesentium.', 1, 'available', 'image3.jpg', 153, '2021-06-22 09:57:50', '2021-06-22 09:57:50', NULL),
(87, 'quae', 'Rerum maiores odio tenetur.', 2, 'unavailable', 'image1.jpg', 155, '2021-06-22 09:57:50', '2021-06-22 09:57:50', NULL),
(88, 'tempore', 'Ut ea quia laboriosam temporibus omnis sed.', 10, 'unavailable', 'image1.jpg', 267, '2021-06-22 09:57:50', '2021-06-22 09:57:50', NULL),
(89, 'quasi', 'Incidunt autem culpa id nostrum in dicta qui vel.', 10, 'available', 'image2.jpeg', 622, '2021-06-22 09:57:50', '2021-06-22 09:57:50', NULL),
(90, 'delectus', 'Nemo et id ut tempora dignissimos culpa. Dolor eos odit iusto alias nisi.', 10, 'unavailable', 'image1.jpg', 962, '2021-06-22 09:57:50', '2021-06-22 09:57:50', NULL),
(91, 'rerum', 'Voluptates praesentium nisi quis vero et temporibus.', 1, 'available', 'image2.jpeg', 90, '2021-06-22 09:57:50', '2021-06-22 09:57:50', NULL),
(92, 'voluptatum', 'Omnis quidem ut perspiciatis blanditiis.', 8, 'available', 'image1.jpg', 145, '2021-06-22 09:57:50', '2021-06-22 09:57:50', NULL),
(93, 'aliquam', 'Facilis impedit et consequatur.', 8, 'available', 'image3.jpg', 31, '2021-06-22 09:57:50', '2021-06-22 09:57:50', NULL),
(94, 'quia', 'Unde et molestiae facilis cumque qui ut.', 1, 'unavailable', 'image3.jpg', 736, '2021-06-22 09:57:50', '2021-06-22 09:57:50', NULL),
(95, 'mollitia', 'Eum eum beatae ea ut quae inventore quia. Quod repellendus laudantium saepe cupiditate.', 2, 'unavailable', 'image3.jpg', 651, '2021-06-22 09:57:50', '2021-06-22 09:57:50', NULL),
(96, 'ut', 'Delectus rem natus voluptatem est.', 9, 'available', 'image1.jpg', 394, '2021-06-22 09:57:50', '2021-06-22 09:57:50', NULL),
(97, 'nobis', 'Similique consequatur molestiae est soluta minima. Velit quia dolorem impedit quos et dicta.', 2, 'available', 'image2.jpeg', 716, '2021-06-22 09:57:50', '2021-06-22 09:57:50', NULL),
(98, 'ducimus', 'Maxime sed soluta veritatis eum et.', 8, 'unavailable', 'image3.jpg', 938, '2021-06-22 09:57:50', '2021-06-22 09:57:50', NULL),
(99, 'et', 'Officiis voluptates modi sint fugiat enim expedita.', 5, 'available', 'image2.jpeg', 799, '2021-06-22 09:57:50', '2021-06-22 09:57:50', NULL),
(100, 'dolor', 'Aperiam perspiciatis et sed nam. Doloremque rerum et non eligendi soluta assumenda nihil.', 4, 'unavailable', 'image2.jpeg', 337, '2021-06-22 09:57:50', '2021-06-22 09:57:50', NULL),
(101, 'est', 'Rerum molestiae rem quos reprehenderit eveniet natus. Laudantium ea veniam quia.', 8, 'unavailable', 'image2.jpeg', 529, '2021-06-22 09:57:50', '2021-06-22 09:57:50', NULL),
(102, 'et', 'At commodi quam minus occaecati quisquam. Qui ut et quas natus ratione.', 3, 'available', 'image2.jpeg', 490, '2021-06-22 09:57:50', '2021-06-22 09:57:50', NULL),
(103, 'doloremque', 'Ad suscipit quo autem recusandae.', 3, 'unavailable', 'image3.jpg', 291, '2021-06-22 09:57:50', '2021-06-22 09:57:50', NULL),
(104, 'et', 'In exercitationem explicabo consequuntur illo voluptatum incidunt delectus hic.', 6, 'unavailable', 'image2.jpeg', 99, '2021-06-22 09:57:50', '2021-06-22 09:57:50', NULL),
(105, 'excepturi', 'Tempora autem quasi iste qui ex et pariatur aut. Labore aperiam magnam ut sed deserunt vitae.', 3, 'unavailable', 'image2.jpeg', 250, '2021-06-22 09:57:50', '2021-06-22 09:57:50', NULL),
(106, 'iusto', 'Ea alias ducimus voluptas laboriosam ipsa at sunt. Alias suscipit deserunt voluptatem nostrum placeat pariatur.', 5, 'unavailable', 'image1.jpg', 834, '2021-06-22 09:57:50', '2021-06-22 09:57:50', NULL),
(107, 'perspiciatis', 'Tenetur quia id sunt illo. Molestiae quod hic et sit tempore autem.', 4, 'unavailable', 'image1.jpg', 246, '2021-06-22 09:57:50', '2021-06-22 09:57:50', NULL),
(108, 'doloremque', 'Quia quidem rerum est sit iste.', 6, 'available', 'image3.jpg', 392, '2021-06-22 09:57:50', '2021-06-22 09:57:50', NULL),
(109, 'qui', 'Reprehenderit aperiam qui sunt esse voluptatem. Impedit suscipit voluptatem architecto nihil adipisci.', 4, 'available', 'image2.jpeg', 95, '2021-06-22 09:57:50', '2021-06-22 09:57:50', NULL),
(110, 'tempore', 'Quia provident iusto reprehenderit sint doloribus eum. Ratione et aut in voluptas itaque.', 2, 'unavailable', 'image3.jpg', 361, '2021-06-22 09:57:50', '2021-06-22 09:57:50', NULL),
(111, 'dicta', 'Sit possimus consequatur qui et est laudantium non. Hic unde sunt repudiandae vitae quibusdam et saepe.', 3, 'unavailable', 'image3.jpg', 133, '2021-06-22 09:57:50', '2021-06-22 09:57:50', NULL),
(112, 'ipsam', 'Perspiciatis expedita harum perspiciatis dolores.', 5, 'available', 'image2.jpeg', 223, '2021-06-22 09:57:50', '2021-06-22 09:57:50', NULL),
(113, 'maxime', 'Sit sequi ut corporis unde.', 3, 'unavailable', 'image1.jpg', 985, '2021-06-22 09:57:50', '2021-06-22 09:57:50', NULL),
(114, 'illum', 'Dignissimos qui delectus qui totam. Illum ut doloribus laudantium.', 9, 'unavailable', 'image2.jpeg', 258, '2021-06-22 09:57:50', '2021-06-22 09:57:50', NULL),
(115, 'veritatis', 'Similique delectus eum autem laborum. Itaque sed optio nihil.', 7, 'unavailable', 'image3.jpg', 867, '2021-06-22 09:57:50', '2021-06-22 09:57:50', NULL),
(116, 'ea', 'Doloremque consequatur quas unde.', 2, 'available', 'image1.jpg', 483, '2021-06-22 09:57:50', '2021-06-22 09:57:50', NULL),
(117, 'est', 'Maxime accusamus pariatur placeat voluptatem.', 10, 'available', 'image2.jpeg', 374, '2021-06-22 09:57:50', '2021-06-22 09:57:50', NULL),
(118, 'odit', 'Dolorum non et rem officia nobis nulla voluptates.', 3, 'unavailable', 'image1.jpg', 387, '2021-06-22 09:57:50', '2021-06-22 09:57:50', NULL),
(119, 'perspiciatis', 'Et est excepturi dolore omnis accusamus. Fuga consequatur autem quae minus.', 2, 'available', 'image2.jpeg', 986, '2021-06-22 09:57:50', '2021-06-22 09:57:50', NULL),
(120, 'voluptatibus', 'Consequuntur unde est eius consectetur perspiciatis et.', 3, 'available', 'image1.jpg', 62, '2021-06-22 09:57:50', '2021-06-22 09:57:50', NULL),
(121, 'aliquam', 'Aspernatur ut quo fugit. Sunt reiciendis accusamus voluptatum et eos et ea debitis.', 5, 'unavailable', 'image1.jpg', 149, '2021-06-22 09:57:50', '2021-06-22 09:57:50', NULL),
(122, 'quo', 'Voluptas exercitationem sit impedit velit exercitationem. Ex rem magni quod illum aliquid.', 6, 'unavailable', 'image1.jpg', 785, '2021-06-22 09:57:50', '2021-06-22 09:57:50', NULL),
(123, 'molestiae', 'Est asperiores quaerat alias animi tempore enim vero ipsa. Omnis animi accusantium deleniti quia esse consequatur.', 7, 'available', 'image3.jpg', 435, '2021-06-22 09:57:50', '2021-06-22 09:57:50', NULL),
(124, 'corrupti', 'Repellendus et minima praesentium rerum sequi. Repellendus sed molestias ipsa.', 6, 'available', 'image1.jpg', 602, '2021-06-22 09:57:50', '2021-06-22 09:57:50', NULL),
(125, 'facere', 'Et nobis qui non architecto neque repellat.', 3, 'available', 'image2.jpeg', 36, '2021-06-22 09:57:50', '2021-06-22 09:57:50', NULL),
(126, 'perspiciatis', 'Aspernatur hic blanditiis et debitis.', 6, 'unavailable', 'image3.jpg', 19, '2021-06-22 09:57:50', '2021-06-22 09:57:50', NULL),
(127, 'non', 'Natus qui id deserunt quaerat hic. Voluptas soluta nesciunt possimus quis repudiandae necessitatibus sint.', 4, 'available', 'image2.jpeg', 74, '2021-06-22 09:57:50', '2021-06-22 09:57:50', NULL),
(128, 'quis', 'Eaque nostrum rerum iusto vitae cumque. Tempora sunt voluptatem cumque illum dolore quo similique.', 10, 'available', 'image2.jpeg', 891, '2021-06-22 09:57:50', '2021-06-22 09:57:50', NULL),
(129, 'reprehenderit', 'Omnis ut quis a odio.', 1, 'unavailable', 'image1.jpg', 455, '2021-06-22 09:57:50', '2021-06-22 09:57:50', NULL),
(130, 'deserunt', 'Eos in et sunt molestiae soluta quos ex aut. Deleniti vero illum impedit temporibus est sit nisi.', 1, 'unavailable', 'image3.jpg', 130, '2021-06-22 09:57:50', '2021-06-22 09:57:50', NULL),
(131, 'placeat', 'Et voluptatem culpa ut cum soluta hic sint. Tempora rerum odit odit vero et alias sequi.', 2, 'unavailable', 'image1.jpg', 885, '2021-06-22 09:57:50', '2021-06-22 09:57:50', NULL),
(132, 'sed', 'Vel rerum omnis autem qui.', 9, 'available', 'image1.jpg', 466, '2021-06-22 09:57:50', '2021-06-22 09:57:50', NULL),
(133, 'qui', 'Id nesciunt sit doloribus.', 7, 'unavailable', 'image3.jpg', 261, '2021-06-22 09:57:50', '2021-06-22 09:57:50', NULL),
(134, 'doloremque', 'Doloribus est occaecati nam sapiente ea omnis saepe. Dignissimos sapiente consectetur sit sit fugiat officia.', 1, 'unavailable', 'image2.jpeg', 835, '2021-06-22 09:57:50', '2021-06-22 09:57:50', NULL),
(135, 'est', 'Earum quis quas autem aut ea laboriosam. Voluptas nesciunt vel est sapiente.', 5, 'unavailable', 'image3.jpg', 633, '2021-06-22 09:57:50', '2021-06-22 09:57:50', NULL),
(136, 'sequi', 'Cupiditate nihil minima earum enim officia aut. Impedit amet eos dolore nemo nemo molestias.', 9, 'unavailable', 'image2.jpeg', 258, '2021-06-22 09:57:50', '2021-06-22 09:57:50', NULL),
(137, 'ut', 'Amet blanditiis consequatur beatae et minus.', 1, 'available', 'image3.jpg', 837, '2021-06-22 09:57:50', '2021-06-22 09:57:50', NULL),
(138, 'voluptate', 'Dicta reprehenderit enim qui magni iusto qui.', 7, 'available', 'image2.jpeg', 293, '2021-06-22 09:57:50', '2021-06-22 09:57:50', NULL),
(139, 'explicabo', 'Sed magni consequatur id molestias reprehenderit sit.', 8, 'unavailable', 'image2.jpeg', 171, '2021-06-22 09:57:50', '2021-06-22 09:57:50', NULL),
(140, 'cum', 'Dolores eos nisi voluptas voluptatibus.', 10, 'unavailable', 'image3.jpg', 595, '2021-06-22 09:57:50', '2021-06-22 09:57:50', NULL),
(141, 'at', 'Et quae impedit doloribus molestiae consectetur. Nulla quia numquam laboriosam consequatur.', 8, 'available', 'image3.jpg', 613, '2021-06-22 09:57:50', '2021-06-22 09:57:50', NULL),
(142, 'libero', 'Ut non veniam blanditiis voluptatem.', 4, 'unavailable', 'image1.jpg', 427, '2021-06-22 09:57:50', '2021-06-22 09:57:50', NULL),
(143, 'non', 'Inventore placeat iure voluptates modi harum sequi. Qui aut et quo ullam similique.', 4, 'unavailable', 'image2.jpeg', 468, '2021-06-22 09:57:50', '2021-06-22 09:57:50', NULL),
(144, 'velit', 'Sit aliquid molestias reprehenderit.', 1, 'unavailable', 'image1.jpg', 743, '2021-06-22 09:57:50', '2021-06-22 09:57:50', NULL),
(145, 'eius', 'Dolores eligendi exercitationem tempore molestias placeat laudantium omnis.', 2, 'unavailable', 'image3.jpg', 289, '2021-06-22 09:57:50', '2021-06-22 09:57:50', NULL),
(146, 'voluptates', 'Dolorem ullam sapiente reiciendis odit.', 1, 'available', 'image2.jpeg', 25, '2021-06-22 09:57:50', '2021-06-22 09:57:50', NULL),
(147, 'id', 'Molestias qui fuga est ea.', 1, 'unavailable', 'image1.jpg', 623, '2021-06-22 09:57:50', '2021-06-22 09:57:50', NULL),
(148, 'rerum', 'Eveniet natus at omnis assumenda minima.', 1, 'unavailable', 'image3.jpg', 92, '2021-06-22 09:57:50', '2021-06-22 09:57:50', NULL),
(149, 'ut', 'Optio sequi repellat optio incidunt. Incidunt dignissimos sapiente placeat temporibus est dolor.', 7, 'unavailable', 'image3.jpg', 493, '2021-06-22 09:57:50', '2021-06-22 09:57:50', NULL),
(150, 'molestiae', 'Velit quos possimus veniam.', 7, 'unavailable', 'image2.jpeg', 619, '2021-06-22 09:57:50', '2021-06-22 09:57:50', NULL),
(151, 'eum', 'Deserunt unde eaque cupiditate dolorem sunt eaque. Dolor ut non sapiente molestiae.', 5, 'unavailable', 'image1.jpg', 668, '2021-06-22 09:57:50', '2021-06-22 09:57:50', NULL),
(152, 'minus', 'In voluptatem nemo error enim minima maiores deleniti.', 7, 'available', 'image1.jpg', 253, '2021-06-22 09:57:50', '2021-06-22 09:57:50', NULL),
(153, 'porro', 'Corrupti esse neque voluptatem.', 7, 'unavailable', 'image2.jpeg', 109, '2021-06-22 09:57:50', '2021-06-22 09:57:50', NULL),
(154, 'maxime', 'Facere maxime sit in ipsum.', 3, 'unavailable', 'image2.jpeg', 493, '2021-06-22 09:57:50', '2021-06-22 09:57:50', NULL),
(155, 'nihil', 'Quae autem eligendi hic recusandae et sapiente.', 10, 'unavailable', 'image3.jpg', 613, '2021-06-22 09:57:50', '2021-06-22 09:57:50', NULL),
(156, 'voluptas', 'Odit sed quia officia eligendi architecto velit. Quis ipsum ad voluptatem ut porro ut est.', 6, 'available', 'image3.jpg', 926, '2021-06-22 09:57:50', '2021-06-22 09:57:50', NULL),
(157, 'earum', 'Qui impedit molestiae est pariatur. Velit occaecati nemo et et quibusdam fugiat excepturi.', 1, 'available', 'image2.jpeg', 211, '2021-06-22 09:57:50', '2021-06-22 09:57:50', NULL),
(158, 'veritatis', 'Ullam tempore a et sed autem vel aut. Et dolor et recusandae et.', 9, 'available', 'image2.jpeg', 691, '2021-06-22 09:57:50', '2021-06-22 09:57:50', NULL),
(159, 'similique', 'Aut accusamus commodi mollitia doloremque labore vero neque.', 3, 'available', 'image1.jpg', 278, '2021-06-22 09:57:50', '2021-06-22 09:57:50', NULL),
(160, 'qui', 'Vel fuga iure eum repellendus sit. Numquam blanditiis doloribus earum aliquid id qui omnis voluptates.', 10, 'available', 'image3.jpg', 703, '2021-06-22 09:57:50', '2021-06-22 09:57:50', NULL),
(161, 'voluptatem', 'Quo voluptatem beatae qui veritatis magnam. Qui qui id qui maiores et.', 4, 'available', 'image3.jpg', 859, '2021-06-22 09:57:50', '2021-06-22 09:57:50', NULL),
(162, 'accusantium', 'Omnis harum molestiae similique velit esse sed. Exercitationem earum quia nobis voluptas deleniti placeat.', 10, 'unavailable', 'image2.jpeg', 18, '2021-06-22 09:57:50', '2021-06-22 09:57:50', NULL),
(163, 'veniam', 'Impedit repellat sit ea iste esse doloribus provident.', 7, 'available', 'image3.jpg', 108, '2021-06-22 09:57:50', '2021-06-22 09:57:50', NULL),
(164, 'atque', 'Enim possimus nihil ut. Esse sit eos in adipisci.', 9, 'unavailable', 'image2.jpeg', 35, '2021-06-22 09:57:50', '2021-06-22 09:57:50', NULL),
(165, 'sint', 'Enim adipisci labore occaecati consectetur quia.', 1, 'unavailable', 'image2.jpeg', 892, '2021-06-22 09:57:50', '2021-06-22 09:57:50', NULL),
(166, 'nostrum', 'Aut consectetur accusantium harum et reiciendis. Quis dolores animi velit minima laboriosam dignissimos in.', 6, 'unavailable', 'image2.jpeg', 386, '2021-06-22 09:57:50', '2021-06-22 09:57:50', NULL),
(167, 'id', 'Est mollitia est sed sunt corrupti excepturi sit.', 1, 'available', 'image1.jpg', 249, '2021-06-22 09:57:50', '2021-06-22 09:57:50', NULL),
(168, 'est', 'Omnis soluta veniam vel deserunt voluptatem fugit consequatur.', 3, 'available', 'image1.jpg', 866, '2021-06-22 09:57:50', '2021-06-22 09:57:50', NULL),
(169, 'et', 'Dignissimos aut et ipsam sequi. Non recusandae eligendi molestiae nesciunt id.', 7, 'available', 'image3.jpg', 824, '2021-06-22 09:57:50', '2021-06-22 09:57:50', NULL),
(170, 'quam', 'Vel iste nemo quam nulla doloribus voluptatem dolores. Voluptatem qui molestiae fugit et id voluptatem sed.', 1, 'available', 'image3.jpg', 683, '2021-06-22 09:57:50', '2021-06-22 09:57:50', NULL),
(171, 'mollitia', 'Aut ipsum cumque quo eos magnam illo non et.', 7, 'available', 'image1.jpg', 987, '2021-06-22 09:57:50', '2021-06-22 09:57:50', NULL),
(172, 'ut', 'Quam sit expedita odio est recusandae non magni nostrum.', 6, 'available', 'image1.jpg', 617, '2021-06-22 09:57:50', '2021-06-22 09:57:50', NULL),
(173, 'enim', 'Sed labore rerum illo consequuntur nemo.', 4, 'unavailable', 'image3.jpg', 678, '2021-06-22 09:57:50', '2021-06-22 09:57:50', NULL),
(174, 'magni', 'Expedita expedita perferendis voluptatum debitis. Est nostrum porro expedita sint dignissimos ullam.', 5, 'unavailable', 'image1.jpg', 520, '2021-06-22 09:57:50', '2021-06-22 09:57:50', NULL),
(175, 'atque', 'Labore beatae ducimus assumenda earum quisquam laboriosam. Amet quidem illo et et quia amet ad cupiditate.', 8, 'unavailable', 'image1.jpg', 995, '2021-06-22 09:57:50', '2021-06-22 09:57:50', NULL),
(176, 'optio', 'Doloremque ut illo amet vel qui.', 6, 'unavailable', 'image1.jpg', 148, '2021-06-22 09:57:50', '2021-06-22 09:57:50', NULL),
(177, 'id', 'Quibusdam necessitatibus ut sit sunt.', 4, 'unavailable', 'image1.jpg', 395, '2021-06-22 09:57:50', '2021-06-22 09:57:50', NULL),
(178, 'deserunt', 'Et natus blanditiis tempora doloremque saepe voluptate quisquam. Aliquid perferendis rerum consequuntur natus sed.', 7, 'available', 'image1.jpg', 259, '2021-06-22 09:57:50', '2021-06-22 09:57:50', NULL),
(179, 'tempore', 'Nihil cum aut veniam quia.', 2, 'unavailable', 'image2.jpeg', 342, '2021-06-22 09:57:50', '2021-06-22 09:57:50', NULL),
(180, 'odit', 'Enim et quia et reiciendis consequuntur porro.', 3, 'unavailable', 'image3.jpg', 326, '2021-06-22 09:57:50', '2021-06-22 09:57:50', NULL),
(181, 'voluptas', 'Tempore cum aut omnis dolorem eveniet sunt.', 2, 'available', 'image2.jpeg', 401, '2021-06-22 09:57:51', '2021-06-22 09:57:51', NULL),
(182, 'asperiores', 'Mollitia blanditiis iure eum ipsa laboriosam dicta.', 6, 'unavailable', 'image3.jpg', 70, '2021-06-22 09:57:51', '2021-06-22 09:57:51', NULL),
(183, 'eum', 'Dolores omnis sit delectus asperiores itaque. Perferendis molestiae et beatae consequatur dolores.', 7, 'available', 'image2.jpeg', 517, '2021-06-22 09:57:51', '2021-06-22 09:57:51', NULL),
(184, 'mollitia', 'Placeat commodi aperiam magni expedita placeat.', 2, 'available', 'image2.jpeg', 915, '2021-06-22 09:57:51', '2021-06-22 09:57:51', NULL),
(185, 'quo', 'Officia maiores delectus in. Accusantium adipisci vitae et dolore.', 2, 'unavailable', 'image3.jpg', 889, '2021-06-22 09:57:51', '2021-06-22 09:57:51', NULL),
(186, 'et', 'Inventore laborum eos reiciendis inventore. Sit odio et beatae ut.', 5, 'unavailable', 'image1.jpg', 418, '2021-06-22 09:57:51', '2021-06-22 09:57:51', NULL),
(187, 'quibusdam', 'Rerum et qui molestias aut.', 6, 'unavailable', 'image2.jpeg', 60, '2021-06-22 09:57:51', '2021-06-22 09:57:51', NULL),
(188, 'dolorem', 'Inventore commodi illum omnis dolores harum occaecati et.', 4, 'unavailable', 'image2.jpeg', 345, '2021-06-22 09:57:51', '2021-06-22 09:57:51', NULL),
(189, 'beatae', 'Ex velit ipsa molestiae. Rem dolorem vero quia explicabo nulla ipsum.', 10, 'unavailable', 'image2.jpeg', 458, '2021-06-22 09:57:51', '2021-06-22 09:57:51', NULL),
(190, 'et', 'Voluptatum mollitia veritatis nulla.', 10, 'available', 'image1.jpg', 423, '2021-06-22 09:57:51', '2021-06-22 09:57:51', NULL),
(191, 'a', 'Assumenda iste molestias omnis quae non. Et eveniet saepe molestiae eos nisi accusamus perspiciatis animi.', 2, 'unavailable', 'image3.jpg', 748, '2021-06-22 09:57:51', '2021-06-22 09:57:51', NULL),
(192, 'aliquid', 'Maxime laudantium aliquam qui aut tempore aut quidem.', 2, 'available', 'image1.jpg', 332, '2021-06-22 09:57:51', '2021-06-22 09:57:51', NULL),
(193, 'dolor', 'Quis praesentium incidunt nihil quibusdam.', 6, 'available', 'image3.jpg', 944, '2021-06-22 09:57:51', '2021-06-22 09:57:51', NULL),
(194, 'perferendis', 'Aliquam repudiandae non doloribus libero sequi quisquam.', 5, 'available', 'image1.jpg', 186, '2021-06-22 09:57:51', '2021-06-22 09:57:51', NULL),
(195, 'aliquam', 'Voluptatem velit facilis rerum qui exercitationem impedit deserunt qui.', 6, 'unavailable', 'image3.jpg', 971, '2021-06-22 09:57:51', '2021-06-22 09:57:51', NULL),
(196, 'non', 'Similique aut laboriosam occaecati odit ut enim esse. Labore et commodi fuga perspiciatis.', 1, 'available', 'image1.jpg', 60, '2021-06-22 09:57:51', '2021-06-22 09:57:51', NULL),
(197, 'eos', 'Repellendus velit nemo culpa ut optio et. Voluptas vero et quasi assumenda repudiandae.', 9, 'available', 'image1.jpg', 714, '2021-06-22 09:57:51', '2021-06-22 09:57:51', NULL),
(198, 'voluptate', 'Voluptas illo eos aut id voluptate. Ratione possimus tempore suscipit sunt dolor.', 4, 'available', 'image3.jpg', 919, '2021-06-22 09:57:51', '2021-06-22 09:57:51', NULL),
(199, 'eos', 'Iste et deserunt aperiam labore sunt doloremque.', 5, 'available', 'image1.jpg', 785, '2021-06-22 09:57:51', '2021-06-22 09:57:51', NULL),
(200, 'aut', 'Sint dolore nihil facere et. Debitis sed et quam voluptatem sunt.', 9, 'unavailable', 'image1.jpg', 118, '2021-06-22 09:57:51', '2021-06-22 09:57:51', NULL),
(201, 'non', 'Dolorem vitae nihil sed. Magni eaque tenetur fugit omnis repudiandae.', 2, 'unavailable', 'image1.jpg', 28, '2021-06-22 09:57:51', '2021-06-22 09:57:51', NULL),
(202, 'est', 'Amet dicta assumenda illum praesentium maiores eius. Odit deserunt aliquam reiciendis qui voluptatibus illo.', 6, 'unavailable', 'image3.jpg', 79, '2021-06-22 09:57:51', '2021-06-22 09:57:51', NULL),
(203, 'quis', 'Molestiae et blanditiis omnis esse eaque natus neque debitis. Tempore impedit perspiciatis exercitationem nihil est et.', 8, 'available', 'image2.jpeg', 249, '2021-06-22 09:57:51', '2021-06-22 09:57:51', NULL),
(204, 'in', 'Architecto expedita natus vitae sunt assumenda aut maxime. Laborum dolorem vel fugiat facere unde quas reiciendis tempore.', 2, 'unavailable', 'image2.jpeg', 583, '2021-06-22 09:57:51', '2021-06-22 09:57:51', NULL),
(205, 'quia', 'Qui inventore sint amet distinctio deleniti vitae.', 4, 'available', 'image3.jpg', 715, '2021-06-22 09:57:51', '2021-06-22 09:57:51', NULL),
(206, 'quasi', 'Doloribus voluptatem velit et non vitae nihil. Eveniet nemo quo nisi consequatur.', 5, 'available', 'image2.jpeg', 920, '2021-06-22 09:57:51', '2021-06-22 09:57:51', NULL),
(207, 'ea', 'Deleniti sed nam voluptas velit sed illo.', 8, 'unavailable', 'image2.jpeg', 323, '2021-06-22 09:57:51', '2021-06-22 09:57:51', NULL),
(208, 'molestiae', 'Delectus ipsa eum voluptatem. Omnis veniam modi quo dicta omnis quod.', 9, 'unavailable', 'image1.jpg', 413, '2021-06-22 09:57:51', '2021-06-22 09:57:51', NULL),
(209, 'et', 'Est quis excepturi itaque nesciunt perferendis facere.', 3, 'available', 'image1.jpg', 844, '2021-06-22 09:57:51', '2021-06-22 09:57:51', NULL),
(210, 'saepe', 'Totam et id quis enim expedita autem unde maxime.', 1, 'unavailable', 'image3.jpg', 136, '2021-06-22 09:57:51', '2021-06-22 09:57:51', NULL),
(211, 'hic', 'Provident ratione dolores ullam quis id esse.', 4, 'available', 'image1.jpg', 270, '2021-06-22 09:57:51', '2021-06-22 09:57:51', NULL),
(212, 'commodi', 'Aut sequi in corporis et in similique.', 7, 'unavailable', 'image1.jpg', 945, '2021-06-22 09:57:51', '2021-06-22 09:57:51', NULL),
(213, 'nihil', 'Architecto qui autem blanditiis architecto sequi assumenda aut. Error provident accusamus beatae quia perspiciatis ab aut.', 3, 'available', 'image3.jpg', 915, '2021-06-22 09:57:51', '2021-06-22 09:57:51', NULL),
(214, 'eum', 'In nobis cum nihil alias quia natus. Dolore expedita vel odit aperiam quia.', 4, 'available', 'image2.jpeg', 417, '2021-06-22 09:57:51', '2021-06-22 09:57:51', NULL),
(215, 'similique', 'Et facilis hic reprehenderit nam. Dolorem rerum earum ad ullam qui id.', 6, 'available', 'image2.jpeg', 401, '2021-06-22 09:57:51', '2021-06-22 09:57:51', NULL),
(216, 'ipsa', 'Velit iste aut impedit quis.', 4, 'unavailable', 'image1.jpg', 623, '2021-06-22 09:57:51', '2021-06-22 09:57:51', NULL),
(217, 'quisquam', 'Enim vel sequi dolores vitae eaque enim aut. Earum vero perspiciatis iste tempore.', 10, 'unavailable', 'image1.jpg', 421, '2021-06-22 09:57:51', '2021-06-22 09:57:51', NULL),
(218, 'autem', 'Perspiciatis et nostrum ab fugiat temporibus.', 5, 'available', 'image2.jpeg', 186, '2021-06-22 09:57:51', '2021-06-22 09:57:51', NULL),
(219, 'enim', 'Dignissimos accusamus perferendis corrupti omnis voluptas deserunt et.', 4, 'unavailable', 'image3.jpg', 217, '2021-06-22 09:57:51', '2021-06-22 09:57:51', NULL),
(220, 'corrupti', 'Rerum animi eum id quia.', 7, 'unavailable', 'image2.jpeg', 92, '2021-06-22 09:57:51', '2021-06-22 09:57:51', NULL),
(221, 'asperiores', 'Ut sed corporis rerum et quasi.', 4, 'available', 'image1.jpg', 783, '2021-06-22 09:57:51', '2021-06-22 09:57:51', NULL),
(222, 'repellendus', 'Architecto est est illo et qui enim dolores.', 4, 'available', 'image2.jpeg', 429, '2021-06-22 09:57:51', '2021-06-22 09:57:51', NULL),
(223, 'expedita', 'Non suscipit laborum autem in. Mollitia quia incidunt non est veritatis iste sit.', 1, 'unavailable', 'image3.jpg', 66, '2021-06-22 09:57:51', '2021-06-22 09:57:51', NULL),
(224, 'ut', 'Error et enim rerum laborum facilis.', 2, 'unavailable', 'image2.jpeg', 372, '2021-06-22 09:57:51', '2021-06-22 09:57:51', NULL),
(225, 'vitae', 'Voluptas aut natus nesciunt. Debitis sint architecto aut libero.', 2, 'unavailable', 'image3.jpg', 808, '2021-06-22 09:57:51', '2021-06-22 09:57:51', NULL),
(226, 'atque', 'Sunt in eligendi consequatur dolore molestias. Laboriosam molestias facilis aut odit necessitatibus neque voluptas.', 9, 'unavailable', 'image1.jpg', 836, '2021-06-22 09:57:51', '2021-06-22 09:57:51', NULL),
(227, 'neque', 'Accusamus reiciendis alias molestiae.', 2, 'available', 'image3.jpg', 316, '2021-06-22 09:57:51', '2021-06-22 09:57:51', NULL),
(228, 'illum', 'Qui id saepe harum corrupti natus reprehenderit sapiente. Deleniti beatae voluptatum ut aut.', 4, 'available', 'image3.jpg', 5, '2021-06-22 09:57:51', '2021-06-22 09:57:51', NULL),
(229, 'ullam', 'Est delectus quia harum minus earum praesentium et.', 1, 'available', 'image1.jpg', 90, '2021-06-22 09:57:51', '2021-06-22 09:57:51', NULL),
(230, 'fugiat', 'Ipsam itaque officiis explicabo autem sed pariatur omnis. Veniam libero hic qui excepturi quia quis.', 2, 'unavailable', 'image3.jpg', 26, '2021-06-22 09:57:51', '2021-06-22 09:57:51', NULL),
(231, 'velit', 'Dolore nobis nisi quis dolor doloribus nostrum minus dolorem.', 10, 'available', 'image3.jpg', 295, '2021-06-22 09:57:51', '2021-06-22 09:57:51', NULL),
(232, 'sit', 'Dolores ut delectus sed eos vel tempora. Suscipit vero velit est iure consequatur deleniti.', 5, 'available', 'image3.jpg', 19, '2021-06-22 09:57:51', '2021-06-22 09:57:51', NULL),
(233, 'tenetur', 'Blanditiis qui eum officia est nobis voluptatum labore.', 5, 'available', 'image1.jpg', 79, '2021-06-22 09:57:51', '2021-06-22 09:57:51', NULL),
(234, 'accusantium', 'Et at iste praesentium dicta ut qui aperiam. Expedita laudantium et qui consequuntur.', 10, 'unavailable', 'image3.jpg', 110, '2021-06-22 09:57:51', '2021-06-22 09:57:51', NULL),
(235, 'atque', 'Sint quas vel eos consequatur dicta animi. Voluptate fugit quas rerum et temporibus.', 5, 'available', 'image3.jpg', 862, '2021-06-22 09:57:51', '2021-06-22 09:57:51', NULL),
(236, 'qui', 'Et voluptatem ipsum numquam qui sed ipsum.', 6, 'unavailable', 'image3.jpg', 691, '2021-06-22 09:57:51', '2021-06-22 09:57:51', NULL),
(237, 'rem', 'Vitae non aut illum illum maiores et.', 1, 'available', 'image1.jpg', 413, '2021-06-22 09:57:51', '2021-06-22 09:57:51', NULL),
(238, 'provident', 'Voluptatem ducimus omnis a vitae earum. Et quis molestiae aut sit quod.', 5, 'unavailable', 'image1.jpg', 63, '2021-06-22 09:57:51', '2021-06-22 09:57:51', NULL),
(239, 'dignissimos', 'Rerum perspiciatis fugiat enim ad.', 10, 'unavailable', 'image1.jpg', 549, '2021-06-22 09:57:51', '2021-06-22 09:57:51', NULL),
(240, 'veritatis', 'A a odit harum qui debitis omnis. Odio rem iure qui aliquam qui perspiciatis est.', 3, 'unavailable', 'image3.jpg', 928, '2021-06-22 09:57:51', '2021-06-22 09:57:51', NULL),
(241, 'nulla', 'Omnis hic quia ut consectetur architecto quidem omnis nulla.', 10, 'available', 'image2.jpeg', 651, '2021-06-22 09:57:51', '2021-06-22 09:57:51', NULL),
(242, 'dolorem', 'Magni voluptas velit alias quas sunt.', 4, 'available', 'image2.jpeg', 685, '2021-06-22 09:57:51', '2021-06-22 09:57:51', NULL),
(243, 'est', 'Ipsum et porro assumenda voluptas qui et.', 8, 'available', 'image2.jpeg', 230, '2021-06-22 09:57:51', '2021-06-22 09:57:51', NULL),
(244, 'tempore', 'Itaque sequi minus quisquam sapiente error iste inventore. Pariatur voluptatum fugit explicabo porro recusandae.', 8, 'unavailable', 'image1.jpg', 209, '2021-06-22 09:57:51', '2021-06-22 09:57:51', NULL),
(245, 'aliquam', 'Voluptate in id sit dolorem optio quo ut.', 8, 'available', 'image2.jpeg', 77, '2021-06-22 09:57:51', '2021-06-22 09:57:51', NULL),
(246, 'et', 'Deleniti sint commodi quasi perferendis.', 2, 'unavailable', 'image3.jpg', 366, '2021-06-22 09:57:51', '2021-06-22 09:57:51', NULL),
(247, 'autem', 'Ut quidem debitis facilis pariatur nobis voluptatem. Voluptatem exercitationem qui veritatis aliquam autem.', 9, 'unavailable', 'image1.jpg', 457, '2021-06-22 09:57:51', '2021-06-22 09:57:51', NULL),
(248, 'molestiae', 'Expedita nostrum architecto aperiam.', 6, 'available', 'image1.jpg', 445, '2021-06-22 09:57:51', '2021-06-22 09:57:51', NULL),
(249, 'facilis', 'Consectetur hic sunt dolores aut sit molestias accusamus expedita. Voluptatem cupiditate culpa corporis quia quod dolor.', 9, 'available', 'image1.jpg', 441, '2021-06-22 09:57:51', '2021-06-22 09:57:51', NULL),
(250, 'perspiciatis', 'Pariatur eos odit voluptas. Explicabo distinctio esse fuga voluptas repellendus.', 3, 'unavailable', 'image2.jpeg', 136, '2021-06-22 09:57:51', '2021-06-22 09:57:51', NULL),
(251, 'hic', 'Odit eos molestias cupiditate nihil enim.', 7, 'available', 'image2.jpeg', 665, '2021-06-22 09:57:51', '2021-06-22 09:57:51', NULL),
(252, 'cumque', 'Quasi incidunt libero nobis sint laudantium voluptate dolor.', 6, 'available', 'image1.jpg', 732, '2021-06-22 09:57:51', '2021-06-22 09:57:51', NULL),
(253, 'et', 'Aut officiis consequuntur eveniet provident animi aut. Beatae voluptates ea nemo minus qui impedit iusto.', 7, 'available', 'image2.jpeg', 587, '2021-06-22 09:57:51', '2021-06-22 09:57:51', NULL),
(254, 'neque', 'Omnis ea sint et velit. Culpa voluptatum perspiciatis ipsa numquam tempora.', 9, 'available', 'image2.jpeg', 773, '2021-06-22 09:57:51', '2021-06-22 09:57:51', NULL),
(255, 'alias', 'Voluptatem magnam qui fuga alias minus libero suscipit. Eum illum occaecati vitae culpa et non provident.', 7, 'unavailable', 'image2.jpeg', 592, '2021-06-22 09:57:51', '2021-06-22 09:57:51', NULL),
(256, 'illo', 'Eaque odio velit et.', 2, 'available', 'image3.jpg', 476, '2021-06-22 09:57:51', '2021-06-22 09:57:51', NULL),
(257, 'at', 'Voluptas est et sunt consequatur. Et aliquid eaque et corrupti ut quibusdam et.', 5, 'available', 'image1.jpg', 237, '2021-06-22 09:57:51', '2021-06-22 09:57:51', NULL),
(258, 'consequuntur', 'Omnis omnis iure repellendus corporis velit veritatis. Sint omnis amet reprehenderit beatae.', 3, 'unavailable', 'image2.jpeg', 537, '2021-06-22 09:57:51', '2021-06-22 09:57:51', NULL),
(259, 'ratione', 'In fuga animi voluptatum sint. Est ex ipsam omnis cupiditate.', 6, 'available', 'image2.jpeg', 482, '2021-06-22 09:57:51', '2021-06-22 09:57:51', NULL),
(260, 'quo', 'Eos laborum harum ratione illum consequatur officia voluptatum repudiandae. Sit aut at quod dolorem.', 1, 'unavailable', 'image1.jpg', 318, '2021-06-22 09:57:51', '2021-06-22 09:57:51', NULL),
(261, 'at', 'Facilis est quo in maiores voluptatibus libero.', 8, 'unavailable', 'image3.jpg', 199, '2021-06-22 09:57:51', '2021-06-22 09:57:51', NULL),
(262, 'optio', 'Et sequi eum consequatur aliquam magnam. Similique et rerum quae labore.', 9, 'unavailable', 'image2.jpeg', 977, '2021-06-22 09:57:51', '2021-06-22 09:57:51', NULL),
(263, 'laborum', 'Omnis earum est ut.', 8, 'unavailable', 'image3.jpg', 368, '2021-06-22 09:57:51', '2021-06-22 09:57:51', NULL),
(264, 'ab', 'Distinctio sunt ipsum nisi vero amet quas.', 3, 'available', 'image1.jpg', 969, '2021-06-22 09:57:51', '2021-06-22 09:57:51', NULL),
(265, 'nesciunt', 'Culpa vitae reprehenderit quisquam nihil vitae.', 7, 'available', 'image3.jpg', 374, '2021-06-22 09:57:51', '2021-06-22 09:57:51', NULL),
(266, 'ad', 'Laudantium autem quia sit debitis quia quis. Ut exercitationem ut sapiente praesentium quo.', 9, 'unavailable', 'image3.jpg', 100, '2021-06-22 09:57:51', '2021-06-22 09:57:51', NULL),
(267, 'et', 'Tempore maiores vero natus nulla repellendus sit provident. Id similique maxime officiis facilis hic.', 3, 'unavailable', 'image3.jpg', 58, '2021-06-22 09:57:51', '2021-06-22 09:57:51', NULL),
(268, 'perspiciatis', 'Quisquam voluptate sequi facilis assumenda molestias sequi.', 5, 'unavailable', 'image1.jpg', 496, '2021-06-22 09:57:51', '2021-06-22 09:57:51', NULL),
(269, 'debitis', 'Deleniti perferendis optio eum quod vel distinctio exercitationem.', 5, 'available', 'image1.jpg', 122, '2021-06-22 09:57:51', '2021-06-22 09:57:51', NULL),
(270, 'maiores', 'Autem eius aspernatur aperiam necessitatibus explicabo. Exercitationem qui tenetur nisi voluptatibus mollitia.', 1, 'unavailable', 'image1.jpg', 630, '2021-06-22 09:57:51', '2021-06-22 09:57:51', NULL),
(271, 'impedit', 'Quia laudantium explicabo quia quos mollitia. Exercitationem et aliquid ut excepturi veritatis at maiores.', 5, 'available', 'image3.jpg', 33, '2021-06-22 09:57:51', '2021-06-22 09:57:51', NULL),
(272, 'dolorem', 'Laborum odit quo aut et.', 9, 'available', 'image1.jpg', 357, '2021-06-22 09:57:51', '2021-06-22 09:57:51', NULL),
(273, 'consequuntur', 'Non quisquam veritatis maxime tenetur neque molestiae sed occaecati. A veniam quia cumque quos labore qui aliquam.', 9, 'available', 'image1.jpg', 433, '2021-06-22 09:57:51', '2021-06-22 09:57:51', NULL),
(274, 'iusto', 'Porro culpa pariatur mollitia pariatur. Eos atque unde quas commodi.', 5, 'unavailable', 'image3.jpg', 378, '2021-06-22 09:57:51', '2021-06-22 09:57:51', NULL),
(275, 'deleniti', 'Accusamus ab vitae eaque corrupti eos cumque. Ea sit suscipit eveniet ex aut.', 9, 'unavailable', 'image2.jpeg', 662, '2021-06-22 09:57:51', '2021-06-22 09:57:51', NULL),
(276, 'eligendi', 'Perferendis ut nihil rerum porro accusamus dolor dignissimos ut. Iure deleniti maxime voluptate accusantium eum iste.', 9, 'available', 'image2.jpeg', 218, '2021-06-22 09:57:51', '2021-06-22 09:57:51', NULL),
(277, 'repellendus', 'Dolore quia repellendus consequatur rerum. Voluptatem sint autem fugiat non et repellat id accusantium.', 1, 'available', 'image3.jpg', 324, '2021-06-22 09:57:51', '2021-06-22 09:57:51', NULL),
(278, 'ad', 'Optio aut voluptatem ullam est et voluptates distinctio.', 8, 'unavailable', 'image1.jpg', 130, '2021-06-22 09:57:51', '2021-06-22 09:57:51', NULL),
(279, 'magni', 'Corporis ipsam voluptas ut ex.', 6, 'unavailable', 'image3.jpg', 278, '2021-06-22 09:57:51', '2021-06-22 09:57:51', NULL),
(280, 'harum', 'Unde architecto qui velit maxime soluta magni.', 9, 'unavailable', 'image3.jpg', 147, '2021-06-22 09:57:51', '2021-06-22 09:57:51', NULL),
(281, 'magni', 'Et sunt eveniet rem alias recusandae.', 2, 'available', 'image3.jpg', 689, '2021-06-22 09:57:51', '2021-06-22 09:57:51', NULL),
(282, 'occaecati', 'Id cumque dolore inventore in voluptates.', 4, 'unavailable', 'image3.jpg', 297, '2021-06-22 09:57:51', '2021-06-22 09:57:51', NULL),
(283, 'eaque', 'Fugiat quas in cum est ea. Autem quos illum et incidunt quas provident quia nobis.', 10, 'unavailable', 'image3.jpg', 508, '2021-06-22 09:57:51', '2021-06-22 09:57:51', NULL),
(284, 'enim', 'Porro repellat id nostrum reprehenderit voluptas velit culpa. At nihil sequi quibusdam officiis quidem doloribus voluptas.', 7, 'unavailable', 'image2.jpeg', 318, '2021-06-22 09:57:51', '2021-06-22 09:57:51', NULL),
(285, 'eum', 'Rem vel temporibus totam et praesentium. Voluptatem rerum illo est reiciendis.', 2, 'available', 'image1.jpg', 508, '2021-06-22 09:57:51', '2021-06-22 09:57:51', NULL),
(286, 'repudiandae', 'Expedita molestiae ut repellendus amet quia nemo officia voluptatem.', 7, 'available', 'image2.jpeg', 695, '2021-06-22 09:57:51', '2021-06-22 09:57:51', NULL),
(287, 'est', 'Quasi est rerum vel unde et eum.', 1, 'available', 'image3.jpg', 928, '2021-06-22 09:57:51', '2021-06-22 09:57:51', NULL),
(288, 'velit', 'Ex qui iusto ullam dolor pariatur.', 7, 'available', 'image3.jpg', 9, '2021-06-22 09:57:51', '2021-06-22 09:57:51', NULL);
INSERT INTO `products` (`id`, `name`, `description`, `quantity`, `status`, `image`, `seller_id`, `created_at`, `updated_at`, `deleted_at`) VALUES
(289, 'sit', 'Iure quas esse quibusdam placeat non.', 10, 'unavailable', 'image1.jpg', 408, '2021-06-22 09:57:51', '2021-06-22 09:57:51', NULL),
(290, 'quas', 'Delectus quia consequatur facilis reiciendis aut. Temporibus consequatur eveniet exercitationem.', 2, 'available', 'image2.jpeg', 547, '2021-06-22 09:57:51', '2021-06-22 09:57:51', NULL),
(291, 'debitis', 'Culpa inventore nobis eos. Similique unde accusamus sapiente aut repellat.', 7, 'available', 'image1.jpg', 705, '2021-06-22 09:57:51', '2021-06-22 09:57:51', NULL),
(292, 'cumque', 'Quasi et id dolores.', 6, 'available', 'image2.jpeg', 61, '2021-06-22 09:57:51', '2021-06-22 09:57:51', NULL),
(293, 'sed', 'Atque rerum facilis blanditiis officia commodi laudantium ducimus et. Voluptates enim rem id ut nesciunt libero molestias.', 5, 'unavailable', 'image3.jpg', 418, '2021-06-22 09:57:51', '2021-06-22 09:57:51', NULL),
(294, 'aspernatur', 'Repudiandae aut nisi vel asperiores placeat et vero atque. Perferendis nesciunt nihil deleniti inventore aut.', 5, 'unavailable', 'image1.jpg', 89, '2021-06-22 09:57:51', '2021-06-22 09:57:51', NULL),
(295, 'nobis', 'Minus ullam ut vel excepturi adipisci.', 8, 'available', 'image3.jpg', 221, '2021-06-22 09:57:51', '2021-06-22 09:57:51', NULL),
(296, 'sint', 'Iure recusandae voluptatem recusandae. Molestiae molestiae magni repudiandae dolorem consequatur.', 5, 'available', 'image1.jpg', 198, '2021-06-22 09:57:51', '2021-06-22 09:57:51', NULL),
(297, 'eius', 'Saepe excepturi repellat id nobis est enim fugiat. Velit fugiat occaecati sint numquam modi illo.', 6, 'available', 'image1.jpg', 113, '2021-06-22 09:57:51', '2021-06-22 09:57:51', NULL),
(298, 'et', 'Sint dolorem ut laudantium voluptas exercitationem. Delectus et magni cum culpa sed non.', 4, 'available', 'image2.jpeg', 694, '2021-06-22 09:57:51', '2021-06-22 09:57:51', NULL),
(299, 'dolor', 'Nobis aliquid ratione molestiae aliquam placeat. Voluptas qui omnis ab maxime aliquid impedit.', 10, 'available', 'image2.jpeg', 926, '2021-06-22 09:57:51', '2021-06-22 09:57:51', NULL),
(300, 'quia', 'In voluptas et velit et quaerat ducimus occaecati porro.', 5, 'available', 'image2.jpeg', 514, '2021-06-22 09:57:51', '2021-06-22 09:57:51', NULL),
(301, 'ipsam', 'Nulla maxime itaque quia qui ad inventore a.', 7, 'available', 'image2.jpeg', 236, '2021-06-22 09:57:51', '2021-06-22 09:57:51', NULL),
(302, 'qui', 'Omnis sed blanditiis dolorum dolores qui earum.', 1, 'available', 'image2.jpeg', 73, '2021-06-22 09:57:51', '2021-06-22 09:57:51', NULL),
(303, 'voluptatem', 'Aut est totam sint sit cupiditate. Incidunt asperiores id neque at porro odit nam.', 10, 'unavailable', 'image1.jpg', 896, '2021-06-22 09:57:51', '2021-06-22 09:57:51', NULL),
(304, 'minus', 'Id vel magni similique officia. Quia tempore cumque molestiae laborum aut.', 4, 'available', 'image3.jpg', 318, '2021-06-22 09:57:51', '2021-06-22 09:57:51', NULL),
(305, 'alias', 'Cumque commodi sint eum tempore voluptatem voluptatem aut beatae. Tempora et distinctio consequatur distinctio commodi consequatur perspiciatis.', 4, 'available', 'image3.jpg', 139, '2021-06-22 09:57:51', '2021-06-22 09:57:51', NULL),
(306, 'neque', 'Consequatur nulla quae sunt deleniti provident soluta ab nihil. Error ipsam quia quaerat eaque dolor error quo.', 5, 'available', 'image3.jpg', 16, '2021-06-22 09:57:51', '2021-06-22 09:57:51', NULL),
(307, 'sed', 'Earum aut commodi exercitationem ratione porro ratione ducimus.', 5, 'unavailable', 'image3.jpg', 548, '2021-06-22 09:57:51', '2021-06-22 09:57:51', NULL),
(308, 'ut', 'Dolor minima laborum hic voluptatum veniam aut.', 1, 'unavailable', 'image1.jpg', 307, '2021-06-22 09:57:51', '2021-06-22 09:57:51', NULL),
(309, 'ipsum', 'Repellendus vero sit et quo voluptatem nisi voluptas.', 8, 'available', 'image1.jpg', 591, '2021-06-22 09:57:51', '2021-06-22 09:57:51', NULL),
(310, 'nemo', 'Ex quo commodi aut est id dolorem maxime. Sunt culpa consequuntur non exercitationem similique quidem beatae.', 5, 'available', 'image1.jpg', 112, '2021-06-22 09:57:51', '2021-06-22 09:57:51', NULL),
(311, 'minima', 'Laboriosam quae expedita vel repellendus sed corporis numquam. Sed adipisci quod voluptas.', 4, 'available', 'image1.jpg', 316, '2021-06-22 09:57:51', '2021-06-22 09:57:51', NULL),
(312, 'non', 'Iste ut a atque ad voluptas qui est.', 3, 'unavailable', 'image3.jpg', 10, '2021-06-22 09:57:51', '2021-06-22 09:57:51', NULL),
(313, 'ut', 'Blanditiis voluptatum et iusto.', 1, 'unavailable', 'image2.jpeg', 556, '2021-06-22 09:57:51', '2021-06-22 09:57:51', NULL),
(314, 'libero', 'Deserunt sint ut totam ipsum nobis rerum ut. Sit perferendis aperiam et hic quis quo autem alias.', 2, 'available', 'image2.jpeg', 917, '2021-06-22 09:57:51', '2021-06-22 09:57:51', NULL),
(315, 'libero', 'Nemo beatae ipsum aut pariatur consectetur repellendus.', 10, 'unavailable', 'image1.jpg', 190, '2021-06-22 09:57:51', '2021-06-22 09:57:51', NULL),
(316, 'ut', 'Quisquam in quas ut quos et non mollitia.', 8, 'available', 'image2.jpeg', 94, '2021-06-22 09:57:51', '2021-06-22 09:57:51', NULL),
(317, 'repellendus', 'Vel consequatur doloribus omnis consequatur.', 4, 'unavailable', 'image2.jpeg', 610, '2021-06-22 09:57:51', '2021-06-22 09:57:51', NULL),
(318, 'aut', 'Quia aut nihil animi quia. Sed nobis ut a velit pariatur labore eveniet quod.', 1, 'unavailable', 'image2.jpeg', 462, '2021-06-22 09:57:51', '2021-06-22 09:57:51', NULL),
(319, 'qui', 'Ab architecto nisi occaecati non sint explicabo libero placeat. Molestias cumque et enim quisquam.', 8, 'available', 'image1.jpg', 384, '2021-06-22 09:57:51', '2021-06-22 09:57:51', NULL),
(320, 'ducimus', 'Quidem et quisquam similique labore consequatur laboriosam. Quisquam facilis vel minus est nesciunt.', 6, 'available', 'image2.jpeg', 206, '2021-06-22 09:57:51', '2021-06-22 09:57:51', NULL),
(321, 'ipsam', 'Ut aperiam quia perspiciatis fugit. Excepturi sint repellat consequuntur expedita.', 7, 'available', 'image2.jpeg', 819, '2021-06-22 09:57:51', '2021-06-22 09:57:51', NULL),
(322, 'quo', 'Hic enim voluptatem dolor harum. Nemo accusantium asperiores ut maiores dolorem rerum sed.', 1, 'available', 'image1.jpg', 895, '2021-06-22 09:57:51', '2021-06-22 09:57:51', NULL),
(323, 'consequuntur', 'Quis fugit eveniet atque enim. Sint alias sit nisi dolorum ut velit occaecati.', 1, 'available', 'image3.jpg', 734, '2021-06-22 09:57:51', '2021-06-22 09:57:51', NULL),
(324, 'quaerat', 'Assumenda et a laboriosam nesciunt quia est. Quae adipisci ipsa cupiditate vel consequatur alias quisquam.', 5, 'unavailable', 'image2.jpeg', 475, '2021-06-22 09:57:51', '2021-06-22 09:57:51', NULL),
(325, 'voluptas', 'Et dolorem vel cumque est. Voluptatem eum repellendus mollitia est.', 6, 'unavailable', 'image3.jpg', 671, '2021-06-22 09:57:51', '2021-06-22 09:57:51', NULL),
(326, 'impedit', 'Maxime consequatur dolore est.', 10, 'available', 'image2.jpeg', 935, '2021-06-22 09:57:51', '2021-06-22 09:57:51', NULL),
(327, 'ut', 'Rerum vitae tempore voluptas voluptatibus.', 3, 'unavailable', 'image3.jpg', 382, '2021-06-22 09:57:51', '2021-06-22 09:57:51', NULL),
(328, 'corporis', 'Temporibus ut harum voluptatem ducimus necessitatibus sed.', 2, 'available', 'image2.jpeg', 151, '2021-06-22 09:57:51', '2021-06-22 09:57:51', NULL),
(329, 'est', 'Non recusandae nisi repellendus dolor eos ipsa.', 4, 'unavailable', 'image2.jpeg', 720, '2021-06-22 09:57:51', '2021-06-22 09:57:51', NULL),
(330, 'voluptatem', 'Ut autem ducimus incidunt. Et adipisci enim est animi corporis.', 7, 'available', 'image3.jpg', 436, '2021-06-22 09:57:52', '2021-06-22 09:57:52', NULL),
(331, 'sunt', 'Nobis aut molestiae eius.', 7, 'available', 'image2.jpeg', 980, '2021-06-22 09:57:52', '2021-06-22 09:57:52', NULL),
(332, 'quidem', 'Sunt quis nihil omnis in pariatur veniam expedita.', 6, 'unavailable', 'image1.jpg', 857, '2021-06-22 09:57:52', '2021-06-22 09:57:52', NULL),
(333, 'at', 'Velit officiis quisquam delectus eum minus nobis. Quis magni facilis libero qui.', 1, 'unavailable', 'image3.jpg', 295, '2021-06-22 09:57:52', '2021-06-22 09:57:52', NULL),
(334, 'officiis', 'Et consequatur id omnis velit culpa voluptatibus quis. Rerum aliquam eligendi consequatur adipisci quas.', 3, 'unavailable', 'image1.jpg', 773, '2021-06-22 09:57:52', '2021-06-22 09:57:52', NULL),
(335, 'voluptatem', 'Fuga sapiente et enim dolores et.', 10, 'unavailable', 'image2.jpeg', 670, '2021-06-22 09:57:52', '2021-06-22 09:57:52', NULL),
(336, 'dolor', 'Eos ab officiis repellendus. Quae dolor repudiandae earum perferendis ipsa consectetur.', 6, 'unavailable', 'image3.jpg', 330, '2021-06-22 09:57:52', '2021-06-22 09:57:52', NULL),
(337, 'ut', 'Quia natus molestias ut est sint.', 5, 'available', 'image3.jpg', 585, '2021-06-22 09:57:52', '2021-06-22 09:57:52', NULL),
(338, 'sint', 'Cumque deleniti autem eos impedit atque.', 4, 'available', 'image1.jpg', 186, '2021-06-22 09:57:52', '2021-06-22 09:57:52', NULL),
(339, 'aliquam', 'Ipsam in numquam in modi harum. Omnis cum iusto sapiente aut voluptate ea id.', 8, 'available', 'image1.jpg', 978, '2021-06-22 09:57:52', '2021-06-22 09:57:52', NULL),
(340, 'aut', 'Natus nam eius ratione quibusdam velit. Harum rerum animi sunt illo ut molestiae autem.', 3, 'available', 'image2.jpeg', 623, '2021-06-22 09:57:52', '2021-06-22 09:57:52', NULL),
(341, 'nam', 'Facilis cupiditate quod culpa porro quae. Reprehenderit molestias quaerat consequatur enim architecto qui.', 10, 'available', 'image1.jpg', 499, '2021-06-22 09:57:52', '2021-06-22 09:57:52', NULL),
(342, 'minima', 'Qui quaerat libero perferendis consequatur praesentium. Et quia accusamus blanditiis ut dolor ipsa nisi.', 9, 'available', 'image2.jpeg', 420, '2021-06-22 09:57:52', '2021-06-22 09:57:52', NULL),
(343, 'incidunt', 'Qui consequatur perferendis laboriosam. Odit sed in sapiente minus tenetur qui.', 3, 'available', 'image1.jpg', 507, '2021-06-22 09:57:52', '2021-06-22 09:57:52', NULL),
(344, 'numquam', 'Magnam molestias impedit sunt aliquam aut unde molestias.', 4, 'unavailable', 'image2.jpeg', 443, '2021-06-22 09:57:52', '2021-06-22 09:57:52', NULL),
(345, 'quisquam', 'Ut rem aut nisi culpa. Eius amet accusantium consequatur atque.', 8, 'available', 'image2.jpeg', 395, '2021-06-22 09:57:52', '2021-06-22 09:57:52', NULL),
(346, 'nihil', 'Pariatur eos voluptatum sapiente eaque et. Aut itaque architecto optio architecto qui.', 8, 'unavailable', 'image2.jpeg', 626, '2021-06-22 09:57:52', '2021-06-22 09:57:52', NULL),
(347, 'eos', 'Est blanditiis voluptatem dolor laborum excepturi. Expedita magnam earum adipisci voluptatem est omnis.', 5, 'unavailable', 'image1.jpg', 619, '2021-06-22 09:57:52', '2021-06-22 09:57:52', NULL),
(348, 'id', 'Minima aspernatur adipisci sit quod. Eaque sit explicabo reiciendis ut qui.', 5, 'available', 'image3.jpg', 909, '2021-06-22 09:57:52', '2021-06-22 09:57:52', NULL),
(349, 'illum', 'Iusto et voluptates omnis et et. Nulla dolores amet et cupiditate eum.', 4, 'available', 'image2.jpeg', 389, '2021-06-22 09:57:52', '2021-06-22 09:57:52', NULL),
(350, 'maxime', 'Fugiat qui tempora voluptatem quibusdam. Quos deleniti quam sed blanditiis in aperiam voluptas.', 1, 'available', 'image3.jpg', 236, '2021-06-22 09:57:52', '2021-06-22 09:57:52', NULL),
(351, 'aut', 'Sapiente reiciendis non maiores enim.', 4, 'available', 'image2.jpeg', 384, '2021-06-22 09:57:52', '2021-06-22 09:57:52', NULL),
(352, 'cumque', 'Natus quos eos et eum natus.', 3, 'unavailable', 'image2.jpeg', 5, '2021-06-22 09:57:52', '2021-06-22 09:57:52', NULL),
(353, 'dolor', 'Quis esse sint et laboriosam velit provident numquam. Suscipit dicta debitis sint magni nostrum enim.', 10, 'available', 'image2.jpeg', 691, '2021-06-22 09:57:52', '2021-06-22 09:57:52', NULL),
(354, 'expedita', 'At aliquam incidunt est non aut. Esse sint voluptas corrupti assumenda ut.', 8, 'available', 'image3.jpg', 815, '2021-06-22 09:57:52', '2021-06-22 09:57:52', NULL),
(355, 'vero', 'Nihil quia nesciunt minima enim laboriosam.', 1, 'unavailable', 'image1.jpg', 260, '2021-06-22 09:57:52', '2021-06-22 09:57:52', NULL),
(356, 'autem', 'Error minima quis quisquam in.', 2, 'available', 'image3.jpg', 38, '2021-06-22 09:57:52', '2021-06-22 09:57:52', NULL),
(357, 'qui', 'Provident dolorem in voluptatibus non recusandae repellat pariatur.', 4, 'available', 'image3.jpg', 827, '2021-06-22 09:57:52', '2021-06-22 09:57:52', NULL),
(358, 'alias', 'Sint qui rem distinctio quis sit. Et architecto dignissimos alias modi alias.', 6, 'unavailable', 'image3.jpg', 356, '2021-06-22 09:57:52', '2021-06-22 09:57:52', NULL),
(359, 'est', 'Blanditiis odio voluptate quia culpa.', 6, 'available', 'image1.jpg', 40, '2021-06-22 09:57:52', '2021-06-22 09:57:52', NULL),
(360, 'sint', 'Accusantium repellendus iure mollitia autem.', 7, 'available', 'image1.jpg', 909, '2021-06-22 09:57:52', '2021-06-22 09:57:52', NULL),
(361, 'hic', 'Eius dicta exercitationem itaque voluptates ullam. Dolores delectus dignissimos enim est ex illo et.', 1, 'unavailable', 'image1.jpg', 520, '2021-06-22 09:57:52', '2021-06-22 09:57:52', NULL),
(362, 'aperiam', 'Voluptatem est in veniam.', 2, 'unavailable', 'image1.jpg', 202, '2021-06-22 09:57:52', '2021-06-22 09:57:52', NULL),
(363, 'porro', 'Voluptatem placeat cumque magnam voluptas non commodi. Dolores voluptas earum quis fuga debitis doloribus distinctio.', 2, 'unavailable', 'image1.jpg', 418, '2021-06-22 09:57:52', '2021-06-22 09:57:52', NULL),
(364, 'quis', 'Architecto et voluptates qui. Dolor corrupti mollitia iste atque.', 8, 'available', 'image3.jpg', 751, '2021-06-22 09:57:52', '2021-06-22 09:57:52', NULL),
(365, 'aut', 'Sit dolor sit quae dolor.', 3, 'available', 'image3.jpg', 596, '2021-06-22 09:57:52', '2021-06-22 09:57:52', NULL),
(366, 'rem', 'Voluptas qui et ut ut perferendis modi. Doloribus nulla aliquid sit dolorem.', 7, 'available', 'image2.jpeg', 146, '2021-06-22 09:57:52', '2021-06-22 09:57:52', NULL),
(367, 'minus', 'Distinctio consequatur et facilis dicta dignissimos.', 5, 'unavailable', 'image3.jpg', 540, '2021-06-22 09:57:52', '2021-06-22 09:57:52', NULL),
(368, 'blanditiis', 'Dolorem incidunt nemo quia quae et dolores aut.', 7, 'available', 'image1.jpg', 876, '2021-06-22 09:57:52', '2021-06-22 09:57:52', NULL),
(369, 'sapiente', 'Aut nesciunt totam non tempore. Amet labore aliquid aperiam.', 6, 'unavailable', 'image1.jpg', 870, '2021-06-22 09:57:52', '2021-06-22 09:57:52', NULL),
(370, 'officiis', 'Sed eaque repellat eos possimus maiores ipsa. Et voluptatem culpa quae qui.', 2, 'unavailable', 'image1.jpg', 596, '2021-06-22 09:57:52', '2021-06-22 09:57:52', NULL),
(371, 'soluta', 'Ab in repudiandae minima ex consectetur.', 1, 'unavailable', 'image1.jpg', 95, '2021-06-22 09:57:52', '2021-06-22 09:57:52', NULL),
(372, 'inventore', 'Dolorum aut at ipsam labore. Magnam necessitatibus et a alias repudiandae atque qui.', 6, 'available', 'image1.jpg', 107, '2021-06-22 09:57:52', '2021-06-22 09:57:52', NULL),
(373, 'nisi', 'Totam quam tempore et aspernatur unde odit ut.', 6, 'available', 'image2.jpeg', 247, '2021-06-22 09:57:52', '2021-06-22 09:57:52', NULL),
(374, 'tempora', 'Est expedita mollitia doloribus inventore vel odio eaque. Ut aperiam recusandae aut veniam quia tenetur.', 4, 'available', 'image2.jpeg', 200, '2021-06-22 09:57:52', '2021-06-22 09:57:52', NULL),
(375, 'dolorem', 'Excepturi vel quia iure tempora corporis dolorem ad. Ut nostrum nesciunt ut voluptatum.', 4, 'unavailable', 'image2.jpeg', 575, '2021-06-22 09:57:52', '2021-06-22 09:57:52', NULL),
(376, 'provident', 'Vel laboriosam fugiat error voluptas doloribus labore. Molestiae iusto voluptatibus ut aut ratione.', 1, 'unavailable', 'image3.jpg', 388, '2021-06-22 09:57:52', '2021-06-22 09:57:52', NULL),
(377, 'et', 'Dolorem ipsum autem dignissimos quia facere.', 6, 'available', 'image1.jpg', 606, '2021-06-22 09:57:52', '2021-06-22 09:57:52', NULL),
(378, 'voluptatem', 'Dolorem illum debitis aut consequuntur quam dolores ipsum repellat. Saepe officiis dolor voluptates cupiditate.', 7, 'unavailable', 'image3.jpg', 374, '2021-06-22 09:57:52', '2021-06-22 09:57:52', NULL),
(379, 'quasi', 'Quo in modi itaque possimus harum aut numquam. Reiciendis aut alias nihil quibusdam corporis.', 5, 'available', 'image1.jpg', 311, '2021-06-22 09:57:52', '2021-06-22 09:57:52', NULL),
(380, 'beatae', 'Laborum enim vero voluptates est.', 2, 'available', 'image1.jpg', 857, '2021-06-22 09:57:52', '2021-06-22 09:57:52', NULL),
(381, 'cumque', 'Perferendis tempore fugit veniam asperiores. Quia est debitis commodi blanditiis et delectus.', 7, 'available', 'image3.jpg', 18, '2021-06-22 09:57:52', '2021-06-22 09:57:52', NULL),
(382, 'fugiat', 'Qui delectus veniam iusto atque.', 9, 'unavailable', 'image1.jpg', 528, '2021-06-22 09:57:52', '2021-06-22 09:57:52', NULL),
(383, 'eaque', 'Libero cupiditate qui quod sunt. Labore similique cumque voluptatem quam vel.', 1, 'available', 'image3.jpg', 75, '2021-06-22 09:57:52', '2021-06-22 09:57:52', NULL),
(384, 'aliquam', 'Omnis vel pariatur sit voluptatem est.', 10, 'available', 'image1.jpg', 793, '2021-06-22 09:57:52', '2021-06-22 09:57:52', NULL),
(385, 'similique', 'Nam perspiciatis ipsum ut soluta. Mollitia est qui id autem.', 5, 'unavailable', 'image1.jpg', 387, '2021-06-22 09:57:52', '2021-06-22 09:57:52', NULL),
(386, 'et', 'Est eaque modi dolor.', 10, 'available', 'image1.jpg', 555, '2021-06-22 09:57:52', '2021-06-22 09:57:52', NULL),
(387, 'numquam', 'Quis pariatur veniam quas ex.', 9, 'unavailable', 'image2.jpeg', 269, '2021-06-22 09:57:52', '2021-06-22 09:57:52', NULL),
(388, 'amet', 'Saepe sint facilis animi nemo voluptates molestiae.', 7, 'unavailable', 'image3.jpg', 292, '2021-06-22 09:57:52', '2021-06-22 09:57:52', NULL),
(389, 'et', 'Odit sint illo qui quidem earum. Tempora omnis voluptatum expedita ut maxime ad.', 6, 'unavailable', 'image1.jpg', 937, '2021-06-22 09:57:52', '2021-06-22 09:57:52', NULL),
(390, 'ducimus', 'Sed velit debitis quia reprehenderit ullam.', 1, 'unavailable', 'image2.jpeg', 410, '2021-06-22 09:57:52', '2021-06-22 09:57:52', NULL),
(391, 'corrupti', 'Harum facilis sunt totam consequatur. Asperiores perferendis qui quae.', 5, 'unavailable', 'image2.jpeg', 831, '2021-06-22 09:57:52', '2021-06-22 09:57:52', NULL),
(392, 'reiciendis', 'Distinctio cumque labore ut laudantium quas ut quia. Accusantium voluptate necessitatibus aut sunt ut.', 5, 'unavailable', 'image3.jpg', 622, '2021-06-22 09:57:52', '2021-06-22 09:57:52', NULL),
(393, 'eos', 'Consectetur ut similique minus modi rerum sit assumenda. Dolores ut vel eius minus quibusdam rerum et exercitationem.', 7, 'available', 'image1.jpg', 492, '2021-06-22 09:57:52', '2021-06-22 09:57:52', NULL),
(394, 'ut', 'Hic minima possimus fugit voluptas. Eveniet dolor temporibus cumque consequatur cum.', 4, 'unavailable', 'image3.jpg', 73, '2021-06-22 09:57:52', '2021-06-22 09:57:52', NULL),
(395, 'corrupti', 'Odio reiciendis minus magnam quo explicabo pariatur. Quia expedita velit voluptatem accusamus magnam.', 4, 'unavailable', 'image3.jpg', 676, '2021-06-22 09:57:52', '2021-06-22 09:57:52', NULL),
(396, 'excepturi', 'Possimus ad et iure.', 10, 'available', 'image1.jpg', 629, '2021-06-22 09:57:52', '2021-06-22 09:57:52', NULL),
(397, 'possimus', 'Laudantium voluptate autem nesciunt vel.', 6, 'available', 'image3.jpg', 258, '2021-06-22 09:57:52', '2021-06-22 09:57:52', NULL),
(398, 'ullam', 'Recusandae necessitatibus est tempora eos. Non deserunt quis ratione alias.', 2, 'available', 'image3.jpg', 971, '2021-06-22 09:57:52', '2021-06-22 09:57:52', NULL),
(399, 'maiores', 'Eius aut aut soluta recusandae reprehenderit blanditiis. Aut rerum eos esse voluptate.', 1, 'available', 'image2.jpeg', 635, '2021-06-22 09:57:52', '2021-06-22 09:57:52', NULL),
(400, 'et', 'Quia aliquid dignissimos vel est.', 7, 'available', 'image2.jpeg', 211, '2021-06-22 09:57:52', '2021-06-22 09:57:52', NULL),
(401, 'et', 'A autem officiis voluptates et. Non expedita ullam officiis atque.', 8, 'unavailable', 'image1.jpg', 675, '2021-06-22 09:57:52', '2021-06-22 09:57:52', NULL),
(402, 'magnam', 'Mollitia odit delectus quis repellendus. Quo sed ratione commodi occaecati repellendus sit.', 3, 'unavailable', 'image1.jpg', 310, '2021-06-22 09:57:52', '2021-06-22 09:57:52', NULL),
(403, 'rerum', 'Itaque repellat iure cupiditate mollitia.', 9, 'unavailable', 'image2.jpeg', 984, '2021-06-22 09:57:52', '2021-06-22 09:57:52', NULL),
(404, 'et', 'Delectus modi minima dolore maxime aliquam et in.', 6, 'unavailable', 'image1.jpg', 600, '2021-06-22 09:57:52', '2021-06-22 09:57:52', NULL),
(405, 'et', 'Nisi sunt et minus laboriosam doloremque quo aut distinctio. Et rerum quos eum harum architecto.', 1, 'unavailable', 'image1.jpg', 820, '2021-06-22 09:57:52', '2021-06-22 09:57:52', NULL),
(406, 'distinctio', 'Debitis assumenda dolore omnis voluptas facilis mollitia.', 1, 'unavailable', 'image2.jpeg', 579, '2021-06-22 09:57:52', '2021-06-22 09:57:52', NULL),
(407, 'in', 'Libero ut inventore optio omnis voluptatem dicta non. Iste nemo mollitia a eius sint.', 9, 'unavailable', 'image2.jpeg', 414, '2021-06-22 09:57:52', '2021-06-22 09:57:52', NULL),
(408, 'commodi', 'Officia non laudantium eos deserunt facilis. A quidem excepturi officiis nostrum pariatur expedita et.', 5, 'unavailable', 'image3.jpg', 257, '2021-06-22 09:57:52', '2021-06-22 09:57:52', NULL),
(409, 'possimus', 'Aperiam facilis praesentium dicta aut dolor. Et quis magnam dolorem qui illum ea.', 9, 'available', 'image3.jpg', 686, '2021-06-22 09:57:52', '2021-06-22 09:57:52', NULL),
(410, 'eos', 'Dolor dolor voluptatem deserunt quod illum. Reiciendis omnis quibusdam sapiente dicta distinctio excepturi.', 8, 'available', 'image1.jpg', 64, '2021-06-22 09:57:52', '2021-06-22 09:57:52', NULL),
(411, 'nam', 'Doloribus dolores earum fuga.', 6, 'available', 'image1.jpg', 154, '2021-06-22 09:57:52', '2021-06-22 09:57:52', NULL),
(412, 'et', 'Perferendis rem dolorem voluptatem veniam dolorem culpa.', 7, 'unavailable', 'image3.jpg', 289, '2021-06-22 09:57:52', '2021-06-22 09:57:52', NULL),
(413, 'velit', 'Necessitatibus corrupti dolorem quidem nostrum dolorum ut. Cupiditate est dolorum repellat facere laudantium ipsum in.', 2, 'unavailable', 'image3.jpg', 658, '2021-06-22 09:57:52', '2021-06-22 09:57:52', NULL),
(414, 'quas', 'Soluta est eaque quia.', 1, 'unavailable', 'image1.jpg', 585, '2021-06-22 09:57:52', '2021-06-22 09:57:52', NULL),
(415, 'omnis', 'Officia repellendus aut voluptatibus pariatur. Quia expedita repellat amet voluptatum provident.', 5, 'unavailable', 'image3.jpg', 666, '2021-06-22 09:57:52', '2021-06-22 09:57:52', NULL),
(416, 'minima', 'Voluptas error voluptate voluptatum.', 3, 'available', 'image2.jpeg', 477, '2021-06-22 09:57:52', '2021-06-22 09:57:52', NULL),
(417, 'corrupti', 'In magni enim qui earum omnis tenetur vitae laboriosam.', 1, 'unavailable', 'image2.jpeg', 646, '2021-06-22 09:57:52', '2021-06-22 09:57:52', NULL),
(418, 'nam', 'Iste aut excepturi voluptas ut omnis ab. Ea iure dolor tempore est quo.', 9, 'unavailable', 'image1.jpg', 395, '2021-06-22 09:57:52', '2021-06-22 09:57:52', NULL),
(419, 'modi', 'In excepturi et odit natus voluptatem fugiat.', 6, 'unavailable', 'image3.jpg', 267, '2021-06-22 09:57:52', '2021-06-22 09:57:52', NULL),
(420, 'eveniet', 'Illum asperiores quaerat voluptates nulla consectetur porro quae.', 7, 'unavailable', 'image1.jpg', 54, '2021-06-22 09:57:52', '2021-06-22 09:57:52', NULL),
(421, 'beatae', 'Dolor accusamus natus nostrum et dolorem consequatur.', 9, 'available', 'image2.jpeg', 680, '2021-06-22 09:57:52', '2021-06-22 09:57:52', NULL),
(422, 'similique', 'Unde quasi in odio est. Explicabo qui repudiandae reiciendis reprehenderit.', 10, 'available', 'image2.jpeg', 96, '2021-06-22 09:57:52', '2021-06-22 09:57:52', NULL),
(423, 'reprehenderit', 'Pariatur suscipit a non minima aut.', 5, 'unavailable', 'image1.jpg', 971, '2021-06-22 09:57:52', '2021-06-22 09:57:52', NULL),
(424, 'qui', 'Nam est eum ut dolores modi id. Vitae eveniet quos optio reiciendis quam.', 5, 'unavailable', 'image1.jpg', 877, '2021-06-22 09:57:52', '2021-06-22 09:57:52', NULL),
(425, 'eius', 'Enim laboriosam asperiores ab dolorem. Soluta praesentium quae quasi necessitatibus adipisci soluta.', 1, 'available', 'image3.jpg', 291, '2021-06-22 09:57:52', '2021-06-22 09:57:52', NULL),
(426, 'officiis', 'Et officia velit commodi reprehenderit nam sunt dignissimos.', 1, 'available', 'image2.jpeg', 614, '2021-06-22 09:57:52', '2021-06-22 09:57:52', NULL),
(427, 'cumque', 'Ut ex natus et aliquid.', 6, 'unavailable', 'image3.jpg', 231, '2021-06-22 09:57:52', '2021-06-22 09:57:52', NULL),
(428, 'illo', 'Unde vitae consectetur nesciunt veritatis similique minima explicabo. Hic facilis perferendis ratione atque consequatur magni impedit.', 1, 'available', 'image2.jpeg', 99, '2021-06-22 09:57:52', '2021-06-22 09:57:52', NULL),
(429, 'unde', 'Nulla voluptates ipsum dolores voluptatum accusamus quasi sed. Omnis aut sequi consequatur.', 1, 'unavailable', 'image1.jpg', 677, '2021-06-22 09:57:52', '2021-06-22 09:57:52', NULL),
(430, 'qui', 'Sed tenetur sunt quis nam exercitationem at reprehenderit. Velit ipsam maiores occaecati sed.', 5, 'available', 'image1.jpg', 90, '2021-06-22 09:57:52', '2021-06-22 09:57:52', NULL),
(431, 'enim', 'Exercitationem sed blanditiis hic magni. Tenetur sed consequatur et esse.', 1, 'unavailable', 'image2.jpeg', 332, '2021-06-22 09:57:52', '2021-06-22 09:57:52', NULL),
(432, 'nesciunt', 'Aperiam at maxime unde illo deserunt cupiditate.', 6, 'unavailable', 'image1.jpg', 114, '2021-06-22 09:57:52', '2021-06-22 09:57:52', NULL),
(433, 'eum', 'Facere sed aut non ipsum occaecati qui facilis. Maxime ratione officiis velit repudiandae reiciendis.', 5, 'unavailable', 'image1.jpg', 283, '2021-06-22 09:57:52', '2021-06-22 09:57:52', NULL),
(434, 'deleniti', 'Placeat nulla accusamus exercitationem et accusamus sapiente eum. Quaerat quo cumque excepturi deleniti quam.', 10, 'available', 'image2.jpeg', 217, '2021-06-22 09:57:52', '2021-06-22 09:57:52', NULL),
(435, 'nisi', 'Voluptas mollitia magni neque autem dolorum sequi. Laudantium velit est voluptates.', 4, 'available', 'image1.jpg', 52, '2021-06-22 09:57:52', '2021-06-22 09:57:52', NULL),
(436, 'atque', 'Illo dicta dolorem esse iste id dolore.', 8, 'unavailable', 'image1.jpg', 902, '2021-06-22 09:57:52', '2021-06-22 09:57:52', NULL),
(437, 'facilis', 'Provident aliquam occaecati quae possimus explicabo voluptas.', 1, 'available', 'image1.jpg', 142, '2021-06-22 09:57:52', '2021-06-22 09:57:52', NULL),
(438, 'repellat', 'Et et sint saepe nisi vitae.', 8, 'available', 'image2.jpeg', 723, '2021-06-22 09:57:52', '2021-06-22 09:57:52', NULL),
(439, 'fugiat', 'Placeat nam est at vitae corporis qui consequuntur.', 1, 'unavailable', 'image2.jpeg', 402, '2021-06-22 09:57:52', '2021-06-22 09:57:52', NULL),
(440, 'debitis', 'Quam veritatis aut maiores hic dolorem. Quo sed voluptate omnis quibusdam.', 3, 'unavailable', 'image3.jpg', 912, '2021-06-22 09:57:52', '2021-06-22 09:57:52', NULL),
(441, 'quibusdam', 'Est voluptatem qui dolorem sed. Eum ut beatae accusantium est.', 2, 'unavailable', 'image1.jpg', 363, '2021-06-22 09:57:52', '2021-06-22 09:57:52', NULL),
(442, 'aspernatur', 'Eum voluptatem et quaerat et aut sed non.', 8, 'unavailable', 'image1.jpg', 634, '2021-06-22 09:57:52', '2021-06-22 09:57:52', NULL),
(443, 'soluta', 'Quisquam minima beatae modi et. Vel dicta neque dicta corporis quo architecto saepe asperiores.', 1, 'unavailable', 'image2.jpeg', 175, '2021-06-22 09:57:52', '2021-06-22 09:57:52', NULL),
(444, 'corrupti', 'Veniam excepturi sunt quod impedit minima ad.', 5, 'available', 'image2.jpeg', 316, '2021-06-22 09:57:52', '2021-06-22 09:57:52', NULL),
(445, 'dolorum', 'Qui eos sint doloremque maiores reiciendis. Atque dolores sint quod soluta deserunt sint.', 9, 'available', 'image3.jpg', 189, '2021-06-22 09:57:52', '2021-06-22 09:57:52', NULL),
(446, 'cumque', 'Inventore non illum molestiae voluptatem eum ut. Rerum qui molestiae fugiat dolor eveniet cum.', 1, 'available', 'image3.jpg', 908, '2021-06-22 09:57:52', '2021-06-22 09:57:52', NULL),
(447, 'architecto', 'Perspiciatis recusandae et voluptatem et odio dolor earum.', 9, 'available', 'image1.jpg', 76, '2021-06-22 09:57:52', '2021-06-22 09:57:52', NULL),
(448, 'quis', 'Omnis deserunt hic laboriosam atque. Qui dolorem ipsum adipisci molestiae laboriosam dicta exercitationem nemo.', 10, 'available', 'image2.jpeg', 735, '2021-06-22 09:57:52', '2021-06-22 09:57:52', NULL),
(449, 'quaerat', 'Eligendi voluptatibus quos aut delectus.', 7, 'unavailable', 'image2.jpeg', 518, '2021-06-22 09:57:52', '2021-06-22 09:57:52', NULL),
(450, 'eum', 'Minima ullam doloremque aspernatur libero. Et omnis recusandae quia eos.', 7, 'available', 'image3.jpg', 824, '2021-06-22 09:57:52', '2021-06-22 09:57:52', NULL),
(451, 'perspiciatis', 'Ducimus voluptas ea sit est possimus. Rerum est qui incidunt sapiente voluptatem.', 5, 'unavailable', 'image2.jpeg', 340, '2021-06-22 09:57:52', '2021-06-22 09:57:52', NULL),
(452, 'tempore', 'Et facilis corporis est nemo animi velit. Dignissimos quam libero rerum omnis rem aut.', 5, 'unavailable', 'image3.jpg', 307, '2021-06-22 09:57:52', '2021-06-22 09:57:52', NULL),
(453, 'consequatur', 'In corrupti harum magnam.', 6, 'available', 'image1.jpg', 525, '2021-06-22 09:57:52', '2021-06-22 09:57:52', NULL),
(454, 'enim', 'Dolorem molestiae fuga quis est voluptates est.', 2, 'available', 'image3.jpg', 483, '2021-06-22 09:57:52', '2021-06-22 09:57:52', NULL),
(455, 'perspiciatis', 'Fugit voluptas recusandae sapiente nisi quidem quia suscipit.', 4, 'unavailable', 'image3.jpg', 442, '2021-06-22 09:57:52', '2021-06-22 09:57:52', NULL),
(456, 'recusandae', 'Necessitatibus dicta aut aut qui illo et non.', 2, 'available', 'image2.jpeg', 137, '2021-06-22 09:57:52', '2021-06-22 09:57:52', NULL),
(457, 'quo', 'Eveniet sunt sequi dolores vitae quod. Qui ipsam rerum sunt.', 1, 'unavailable', 'image3.jpg', 650, '2021-06-22 09:57:52', '2021-06-22 09:57:52', NULL),
(458, 'in', 'Consectetur et qui sunt quisquam dolor. Eveniet distinctio qui commodi temporibus in earum minus.', 2, 'unavailable', 'image2.jpeg', 153, '2021-06-22 09:57:52', '2021-06-22 09:57:52', NULL),
(459, 'architecto', 'Nobis aut fugiat voluptas consequuntur. Ea ut est error itaque.', 2, 'unavailable', 'image2.jpeg', 162, '2021-06-22 09:57:52', '2021-06-22 09:57:52', NULL),
(460, 'dolor', 'Qui nesciunt quia minus. Eum aliquam esse sapiente consequatur.', 9, 'available', 'image3.jpg', 703, '2021-06-22 09:57:52', '2021-06-22 09:57:52', NULL),
(461, 'dolor', 'Illum similique aut nihil et eum. In facere assumenda aut fugit.', 7, 'available', 'image3.jpg', 44, '2021-06-22 09:57:53', '2021-06-22 09:57:53', NULL),
(462, 'laudantium', 'Facilis et non rerum earum.', 4, 'unavailable', 'image3.jpg', 760, '2021-06-22 09:57:53', '2021-06-22 09:57:53', NULL),
(463, 'minima', 'Nulla voluptatem illo qui officia cupiditate. Est quia ipsa exercitationem.', 5, 'available', 'image1.jpg', 340, '2021-06-22 09:57:53', '2021-06-22 09:57:53', NULL),
(464, 'incidunt', 'Temporibus voluptas ut quod quo et atque. Consequatur distinctio nihil sed eius dolorum corporis cum amet.', 10, 'available', 'image1.jpg', 317, '2021-06-22 09:57:53', '2021-06-22 09:57:53', NULL),
(465, 'consectetur', 'Blanditiis incidunt fugit tempora sunt quod expedita. Cumque totam est hic.', 2, 'available', 'image3.jpg', 861, '2021-06-22 09:57:53', '2021-06-22 09:57:53', NULL),
(466, 'ut', 'Quisquam reprehenderit perspiciatis amet magnam accusamus quia sed natus.', 5, 'unavailable', 'image1.jpg', 968, '2021-06-22 09:57:53', '2021-06-22 09:57:53', NULL),
(467, 'sapiente', 'Ut praesentium esse necessitatibus et veritatis. Esse dolorum odit et.', 8, 'unavailable', 'image2.jpeg', 60, '2021-06-22 09:57:53', '2021-06-22 09:57:53', NULL),
(468, 'debitis', 'Molestias possimus perspiciatis omnis sed quos. Molestiae quo cupiditate dolores aut.', 6, 'available', 'image1.jpg', 92, '2021-06-22 09:57:53', '2021-06-22 09:57:53', NULL),
(469, 'culpa', 'Saepe eos repellat laudantium cum quaerat. Reprehenderit fuga quae et ipsum et asperiores aut.', 2, 'unavailable', 'image2.jpeg', 519, '2021-06-22 09:57:53', '2021-06-22 09:57:53', NULL),
(470, 'sint', 'Qui sed cum voluptate enim omnis. Et sunt voluptate consequuntur beatae.', 7, 'unavailable', 'image1.jpg', 560, '2021-06-22 09:57:53', '2021-06-22 09:57:53', NULL),
(471, 'aut', 'Illo at dolores fugit.', 6, 'unavailable', 'image3.jpg', 601, '2021-06-22 09:57:53', '2021-06-22 09:57:53', NULL),
(472, 'fugit', 'Ducimus aut occaecati repellendus aliquid qui asperiores a quae. Mollitia nemo commodi ut aliquam ea dolor sapiente.', 8, 'available', 'image3.jpg', 250, '2021-06-22 09:57:53', '2021-06-22 09:57:53', NULL),
(473, 'aut', 'Cumque aut consequatur eligendi architecto sit a. Et temporibus porro facilis animi.', 7, 'unavailable', 'image1.jpg', 789, '2021-06-22 09:57:53', '2021-06-22 09:57:53', NULL),
(474, 'est', 'Dolores aut vel pariatur dolorem nisi. Quasi alias aliquid accusantium et.', 4, 'unavailable', 'image1.jpg', 185, '2021-06-22 09:57:53', '2021-06-22 09:57:53', NULL),
(475, 'est', 'Sit ut sint optio sunt.', 5, 'unavailable', 'image2.jpeg', 85, '2021-06-22 09:57:53', '2021-06-22 09:57:53', NULL),
(476, 'ut', 'Alias sint aspernatur nulla magni dignissimos reprehenderit voluptas. Nihil sit aut autem aut facere est.', 1, 'available', 'image1.jpg', 343, '2021-06-22 09:57:53', '2021-06-22 09:57:53', NULL),
(477, 'suscipit', 'Similique amet qui sunt molestiae voluptas fuga. Velit saepe omnis nihil.', 5, 'unavailable', 'image2.jpeg', 603, '2021-06-22 09:57:53', '2021-06-22 09:57:53', NULL),
(478, 'aliquid', 'Voluptatem animi dicta eaque dolorum deleniti.', 7, 'unavailable', 'image3.jpg', 668, '2021-06-22 09:57:53', '2021-06-22 09:57:53', NULL),
(479, 'praesentium', 'Nostrum repellendus neque dolores sunt.', 2, 'unavailable', 'image2.jpeg', 644, '2021-06-22 09:57:53', '2021-06-22 09:57:53', NULL),
(480, 'sit', 'Placeat et sapiente enim cupiditate ut odio consequatur.', 1, 'unavailable', 'image2.jpeg', 406, '2021-06-22 09:57:53', '2021-06-22 09:57:53', NULL),
(481, 'itaque', 'Est atque est nemo rerum velit ducimus. Minus numquam et quod sunt.', 3, 'unavailable', 'image2.jpeg', 509, '2021-06-22 09:57:53', '2021-06-22 09:57:53', NULL),
(482, 'est', 'Dolor sint eos qui rerum ut doloribus.', 4, 'unavailable', 'image3.jpg', 573, '2021-06-22 09:57:53', '2021-06-22 09:57:53', NULL),
(483, 'qui', 'Quia aut voluptates veritatis et voluptas. Aut delectus quia ab a.', 7, 'available', 'image3.jpg', 532, '2021-06-22 09:57:53', '2021-06-22 09:57:53', NULL),
(484, 'maiores', 'Eos quia aut quis molestiae enim. Ut sint quae nisi sit ut facilis neque.', 10, 'available', 'image1.jpg', 785, '2021-06-22 09:57:53', '2021-06-22 09:57:53', NULL),
(485, 'consequuntur', 'Fuga est officiis dolore repudiandae neque rerum numquam. Rerum id eos voluptas nostrum autem.', 10, 'available', 'image3.jpg', 686, '2021-06-22 09:57:53', '2021-06-22 09:57:53', NULL),
(486, 'sequi', 'Consequuntur quia suscipit autem dignissimos sequi voluptatem eos. Qui qui doloremque voluptas.', 6, 'unavailable', 'image3.jpg', 36, '2021-06-22 09:57:53', '2021-06-22 09:57:53', NULL),
(487, 'quod', 'Modi voluptas suscipit et eligendi omnis ratione laudantium.', 2, 'unavailable', 'image2.jpeg', 362, '2021-06-22 09:57:53', '2021-06-22 09:57:53', NULL),
(488, 'qui', 'Iure totam perspiciatis provident nostrum corporis.', 6, 'unavailable', 'image3.jpg', 119, '2021-06-22 09:57:53', '2021-06-22 09:57:53', NULL),
(489, 'reprehenderit', 'Vitae magni veniam doloribus adipisci quis quaerat. Similique a quis distinctio non non suscipit.', 9, 'unavailable', 'image3.jpg', 163, '2021-06-22 09:57:53', '2021-06-22 09:57:53', NULL),
(490, 'officiis', 'Facilis dolorum sit est est aperiam molestiae deleniti maiores.', 10, 'available', 'image2.jpeg', 103, '2021-06-22 09:57:53', '2021-06-22 09:57:53', NULL),
(491, 'ut', 'Officiis ut voluptas mollitia velit.', 2, 'available', 'image3.jpg', 316, '2021-06-22 09:57:53', '2021-06-22 09:57:53', NULL),
(492, 'exercitationem', 'Dicta et libero ea.', 4, 'available', 'image3.jpg', 150, '2021-06-22 09:57:53', '2021-06-22 09:57:53', NULL),
(493, 'provident', 'Illum harum omnis non omnis consequatur qui in ea.', 1, 'available', 'image2.jpeg', 894, '2021-06-22 09:57:53', '2021-06-22 09:57:53', NULL),
(494, 'enim', 'In nemo magnam iure possimus magnam sit. Voluptas mollitia vero nemo.', 4, 'unavailable', 'image3.jpg', 857, '2021-06-22 09:57:53', '2021-06-22 09:57:53', NULL),
(495, 'ad', 'Blanditiis est dolore debitis non placeat quisquam. Corporis sunt quae architecto iure.', 2, 'available', 'image2.jpeg', 665, '2021-06-22 09:57:53', '2021-06-22 09:57:53', NULL),
(496, 'in', 'Ducimus et consequuntur qui.', 8, 'unavailable', 'image1.jpg', 114, '2021-06-22 09:57:53', '2021-06-22 09:57:53', NULL),
(497, 'hic', 'Officia sapiente exercitationem quasi et. Cumque commodi quo ipsa ut tenetur magni similique.', 6, 'available', 'image3.jpg', 915, '2021-06-22 09:57:53', '2021-06-22 09:57:53', NULL),
(498, 'ea', 'Omnis cupiditate et aut accusantium placeat. Facilis modi natus enim veritatis.', 3, 'available', 'image2.jpeg', 367, '2021-06-22 09:57:53', '2021-06-22 09:57:53', NULL),
(499, 'id', 'Ipsa explicabo repellat laboriosam sit incidunt. Corrupti odio inventore corporis veritatis.', 7, 'available', 'image2.jpeg', 82, '2021-06-22 09:57:53', '2021-06-22 09:57:53', NULL),
(500, 'voluptatem', 'Magni minus dolorum quia cum molestias. Quia voluptatem quod rem quia voluptatem est.', 1, 'unavailable', 'image3.jpg', 13, '2021-06-22 09:57:53', '2021-06-22 09:57:53', NULL),
(501, 'voluptatibus', 'Placeat voluptate illum quod ut repellendus. Rerum repellat voluptate eos distinctio amet dolores aut.', 4, 'available', 'image3.jpg', 119, '2021-06-22 09:57:53', '2021-06-22 09:57:53', NULL),
(502, 'porro', 'Molestiae nostrum ad voluptas in veniam delectus voluptatem temporibus. Doloremque cum doloremque eos occaecati magnam.', 5, 'unavailable', 'image3.jpg', 43, '2021-06-22 09:57:53', '2021-06-22 09:57:53', NULL),
(503, 'corporis', 'Quo qui error odio. Vitae totam qui perspiciatis dignissimos.', 3, 'available', 'image3.jpg', 228, '2021-06-22 09:57:53', '2021-06-22 09:57:53', NULL),
(504, 'voluptas', 'Minima vero et tempore dignissimos expedita voluptates ea.', 5, 'available', 'image2.jpeg', 181, '2021-06-22 09:57:53', '2021-06-22 09:57:53', NULL),
(505, 'ut', 'Aliquam vitae consequatur incidunt possimus dolor amet voluptatem.', 3, 'unavailable', 'image3.jpg', 917, '2021-06-22 09:57:53', '2021-06-22 09:57:53', NULL),
(506, 'accusantium', 'Dolores odio in laboriosam molestiae sunt rerum quod.', 2, 'available', 'image1.jpg', 714, '2021-06-22 09:57:53', '2021-06-22 09:57:53', NULL),
(507, 'sed', 'Fugit amet magnam est veritatis iusto. Ratione ut eos sit doloribus.', 3, 'unavailable', 'image1.jpg', 440, '2021-06-22 09:57:53', '2021-06-22 09:57:53', NULL),
(508, 'est', 'Illum optio ipsa tenetur eos consequatur sint. Quia quia est facilis blanditiis minus consequatur provident.', 5, 'unavailable', 'image2.jpeg', 133, '2021-06-22 09:57:53', '2021-06-22 09:57:53', NULL),
(509, 'fugiat', 'Qui et et id aut. Esse et ut aliquam sit fuga rerum quas.', 10, 'unavailable', 'image2.jpeg', 385, '2021-06-22 09:57:53', '2021-06-22 09:57:53', NULL),
(510, 'perferendis', 'In molestiae reiciendis assumenda maxime omnis. Doloribus ea architecto nam.', 6, 'unavailable', 'image1.jpg', 320, '2021-06-22 09:57:53', '2021-06-22 09:57:53', NULL),
(511, 'nostrum', 'Quod eum vitae vitae non ullam. Laboriosam omnis quia ipsum aut quasi.', 10, 'unavailable', 'image1.jpg', 413, '2021-06-22 09:57:53', '2021-06-22 09:57:53', NULL),
(512, 'nesciunt', 'Laborum ea dolores voluptatem ex. Quod ipsam numquam vel a eligendi consectetur voluptates.', 8, 'available', 'image2.jpeg', 723, '2021-06-22 09:57:53', '2021-06-22 09:57:53', NULL),
(513, 'inventore', 'Doloribus facilis sit veniam ratione nihil molestiae.', 6, 'unavailable', 'image1.jpg', 871, '2021-06-22 09:57:53', '2021-06-22 09:57:53', NULL),
(514, 'qui', 'Exercitationem aut neque magnam ut hic.', 10, 'available', 'image3.jpg', 890, '2021-06-22 09:57:53', '2021-06-22 09:57:53', NULL),
(515, 'aut', 'Assumenda voluptas maxime consequuntur aut eum.', 5, 'unavailable', 'image3.jpg', 399, '2021-06-22 09:57:53', '2021-06-22 09:57:53', NULL),
(516, 'est', 'Voluptates dolorem corporis ipsa quos. Voluptas rerum sit omnis ea.', 8, 'available', 'image2.jpeg', 290, '2021-06-22 09:57:53', '2021-06-22 09:57:53', NULL),
(517, 'voluptatum', 'Ut aut aliquid cumque consequatur placeat voluptatem asperiores.', 6, 'available', 'image1.jpg', 25, '2021-06-22 09:57:53', '2021-06-22 09:57:53', NULL),
(518, 'quia', 'Repellendus hic et explicabo placeat. Consectetur quisquam debitis non.', 4, 'unavailable', 'image1.jpg', 199, '2021-06-22 09:57:53', '2021-06-22 09:57:53', NULL),
(519, 'odit', 'Quod vero quia labore tenetur nesciunt mollitia atque. Sunt quos eum nisi voluptatem est.', 10, 'available', 'image1.jpg', 197, '2021-06-22 09:57:53', '2021-06-22 09:57:53', NULL),
(520, 'rerum', 'Amet iure veniam sint dolorem voluptatem facilis. Debitis omnis amet facilis voluptatem tenetur et.', 2, 'available', 'image1.jpg', 205, '2021-06-22 09:57:53', '2021-06-22 09:57:53', NULL),
(521, 'suscipit', 'Repellendus quibusdam nostrum ad inventore consequatur nulla.', 1, 'available', 'image1.jpg', 764, '2021-06-22 09:57:53', '2021-06-22 09:57:53', NULL),
(522, 'eius', 'Consectetur qui quod et neque omnis odio vel. Autem cumque numquam odio quis sint animi.', 2, 'available', 'image2.jpeg', 611, '2021-06-22 09:57:53', '2021-06-22 09:57:53', NULL),
(523, 'est', 'Earum ad et consequuntur soluta harum a eligendi quas.', 5, 'unavailable', 'image1.jpg', 844, '2021-06-22 09:57:53', '2021-06-22 09:57:53', NULL),
(524, 'dolorum', 'Et eum voluptates et et voluptate praesentium necessitatibus quis. Aut incidunt quaerat quisquam.', 7, 'available', 'image2.jpeg', 76, '2021-06-22 09:57:53', '2021-06-22 09:57:53', NULL),
(525, 'dolorem', 'Sunt ipsam unde tempora. Qui dolor fugiat eius beatae facilis repellat in.', 9, 'unavailable', 'image3.jpg', 500, '2021-06-22 09:57:53', '2021-06-22 09:57:53', NULL),
(526, 'nobis', 'In sint est iste in consequatur quos.', 10, 'unavailable', 'image2.jpeg', 447, '2021-06-22 09:57:53', '2021-06-22 09:57:53', NULL),
(527, 'quae', 'Velit similique dolorem dignissimos tempore earum a quis qui.', 10, 'unavailable', 'image2.jpeg', 338, '2021-06-22 09:57:53', '2021-06-22 09:57:53', NULL),
(528, 'autem', 'Quaerat aliquid quis doloribus repellat rerum cumque. Fugit ullam est fugit distinctio expedita explicabo sed sint.', 1, 'unavailable', 'image2.jpeg', 848, '2021-06-22 09:57:53', '2021-06-22 09:57:53', NULL),
(529, 'ab', 'Ea dolores aut quidem repellat maiores iste.', 6, 'unavailable', 'image3.jpg', 825, '2021-06-22 09:57:53', '2021-06-22 09:57:53', NULL),
(530, 'officiis', 'Voluptatem et qui at dolore tempore voluptatem quo.', 1, 'available', 'image1.jpg', 838, '2021-06-22 09:57:53', '2021-06-22 09:57:53', NULL),
(531, 'eveniet', 'Facere animi velit est dolorem. Sapiente ea quasi qui id natus.', 3, 'available', 'image1.jpg', 421, '2021-06-22 09:57:53', '2021-06-22 09:57:53', NULL),
(532, 'voluptas', 'Blanditiis aut ut accusamus nam magni assumenda vel corrupti.', 3, 'unavailable', 'image3.jpg', 294, '2021-06-22 09:57:53', '2021-06-22 09:57:53', NULL),
(533, 'assumenda', 'Rerum repellendus tempora sequi dolor. Mollitia quo velit quisquam numquam magnam.', 10, 'available', 'image1.jpg', 848, '2021-06-22 09:57:53', '2021-06-22 09:57:53', NULL),
(534, 'rem', 'Quibusdam in non aut voluptates error repudiandae.', 9, 'unavailable', 'image2.jpeg', 782, '2021-06-22 09:57:53', '2021-06-22 09:57:53', NULL),
(535, 'ea', 'Iure consectetur saepe consequatur molestias cupiditate. Quisquam atque perferendis maxime voluptatem repudiandae tempora accusamus consequatur.', 5, 'available', 'image2.jpeg', 33, '2021-06-22 09:57:53', '2021-06-22 09:57:53', NULL),
(536, 'consequatur', 'Qui molestiae aut quibusdam excepturi aliquid. Possimus dolor sunt ut quas.', 2, 'unavailable', 'image1.jpg', 603, '2021-06-22 09:57:53', '2021-06-22 09:57:53', NULL),
(537, 'ab', 'Qui explicabo esse aut iusto voluptatum.', 7, 'unavailable', 'image3.jpg', 164, '2021-06-22 09:57:53', '2021-06-22 09:57:53', NULL),
(538, 'omnis', 'Aperiam saepe voluptate aliquam modi sed.', 10, 'available', 'image2.jpeg', 111, '2021-06-22 09:57:53', '2021-06-22 09:57:53', NULL),
(539, 'saepe', 'Est eos debitis laborum consequatur possimus. Explicabo harum reprehenderit et eius dolor debitis ab aspernatur.', 2, 'available', 'image2.jpeg', 39, '2021-06-22 09:57:53', '2021-06-22 09:57:53', NULL),
(540, 'accusamus', 'Laborum aliquam sapiente sed nesciunt debitis. Sunt aliquam voluptatem voluptate sit veritatis.', 3, 'available', 'image1.jpg', 997, '2021-06-22 09:57:53', '2021-06-22 09:57:53', NULL),
(541, 'dolore', 'Aut odit deserunt magni magnam officia autem dignissimos.', 3, 'available', 'image2.jpeg', 495, '2021-06-22 09:57:53', '2021-06-22 09:57:53', NULL),
(542, 'nihil', 'Illo cum sapiente consequatur sunt et. Deserunt molestiae voluptatem nemo molestias eum impedit ullam porro.', 5, 'available', 'image2.jpeg', 160, '2021-06-22 09:57:53', '2021-06-22 09:57:53', NULL),
(543, 'mollitia', 'Nisi eligendi odit culpa fugit iure molestias minima. Eum quisquam quisquam unde eum rem accusamus animi.', 8, 'available', 'image3.jpg', 98, '2021-06-22 09:57:53', '2021-06-22 09:57:53', NULL),
(544, 'deleniti', 'Labore sunt omnis quo quia.', 8, 'available', 'image1.jpg', 870, '2021-06-22 09:57:53', '2021-06-22 09:57:53', NULL),
(545, 'atque', 'Voluptatibus aliquid culpa harum quia numquam officiis quia. Atque soluta expedita praesentium earum.', 2, 'available', 'image2.jpeg', 52, '2021-06-22 09:57:53', '2021-06-22 09:57:53', NULL),
(546, 'expedita', 'Ab sequi non veniam dolorum est omnis eaque. Tenetur voluptatem corrupti libero quia consequatur soluta.', 9, 'available', 'image2.jpeg', 805, '2021-06-22 09:57:53', '2021-06-22 09:57:53', NULL),
(547, 'delectus', 'Quia reiciendis vitae officiis facilis. Hic ad quod in.', 5, 'unavailable', 'image3.jpg', 26, '2021-06-22 09:57:53', '2021-06-22 09:57:53', NULL),
(548, 'dignissimos', 'Repellat excepturi rerum repellendus amet.', 6, 'unavailable', 'image2.jpeg', 929, '2021-06-22 09:57:53', '2021-06-22 09:57:53', NULL),
(549, 'eius', 'Facilis molestiae ratione a in. Iste voluptatem quisquam adipisci nam autem consequuntur deleniti.', 4, 'available', 'image2.jpeg', 715, '2021-06-22 09:57:53', '2021-06-22 09:57:53', NULL),
(550, 'hic', 'Tempora est tempore hic dignissimos tenetur ut dolore. Ipsa atque et et unde libero laboriosam.', 4, 'unavailable', 'image1.jpg', 320, '2021-06-22 09:57:53', '2021-06-22 09:57:53', NULL),
(551, 'corrupti', 'Omnis quibusdam et iure voluptas totam. Eos recusandae qui libero dolorem saepe quam animi.', 8, 'available', 'image2.jpeg', 186, '2021-06-22 09:57:53', '2021-06-22 09:57:53', NULL),
(552, 'quia', 'Impedit nesciunt vero molestias aut quae.', 3, 'unavailable', 'image3.jpg', 998, '2021-06-22 09:57:54', '2021-06-22 09:57:54', NULL),
(553, 'ratione', 'Quia eius asperiores molestiae quas eius rerum.', 9, 'unavailable', 'image1.jpg', 758, '2021-06-22 09:57:54', '2021-06-22 09:57:54', NULL),
(554, 'ullam', 'Recusandae exercitationem exercitationem ut sit pariatur ratione quam. Ut perspiciatis sapiente et nulla consequatur.', 6, 'unavailable', 'image1.jpg', 155, '2021-06-22 09:57:54', '2021-06-22 09:57:54', NULL),
(555, 'sunt', 'Incidunt et nemo nihil labore est exercitationem et.', 8, 'unavailable', 'image2.jpeg', 213, '2021-06-22 09:57:54', '2021-06-22 09:57:54', NULL),
(556, 'necessitatibus', 'Nihil quis fuga velit nemo quos. Et et provident cupiditate.', 7, 'unavailable', 'image3.jpg', 319, '2021-06-22 09:57:54', '2021-06-22 09:57:54', NULL),
(557, 'excepturi', 'Ut omnis aut iusto sit dolorem vel nostrum.', 1, 'unavailable', 'image3.jpg', 358, '2021-06-22 09:57:54', '2021-06-22 09:57:54', NULL),
(558, 'dicta', 'Illo voluptates voluptates eum odio reiciendis pariatur.', 4, 'unavailable', 'image2.jpeg', 706, '2021-06-22 09:57:54', '2021-06-22 09:57:54', NULL),
(559, 'ut', 'Blanditiis corporis est omnis commodi. Veniam sit nemo reprehenderit explicabo quisquam similique autem.', 8, 'available', 'image1.jpg', 35, '2021-06-22 09:57:54', '2021-06-22 09:57:54', NULL),
(560, 'consequuntur', 'Dolores eaque quo maiores voluptatem excepturi dolorem.', 3, 'available', 'image1.jpg', 458, '2021-06-22 09:57:54', '2021-06-22 09:57:54', NULL),
(561, 'et', 'Adipisci delectus est nemo cum culpa. Fugit ex blanditiis et aspernatur similique est.', 1, 'available', 'image2.jpeg', 650, '2021-06-22 09:57:54', '2021-06-22 09:57:54', NULL),
(562, 'saepe', 'Non ducimus odit eos occaecati voluptates. Autem consequatur delectus adipisci.', 7, 'available', 'image3.jpg', 950, '2021-06-22 09:57:54', '2021-06-22 09:57:54', NULL),
(563, 'quam', 'Odio officia quibusdam asperiores ad. Maiores excepturi veniam facilis cum.', 6, 'available', 'image1.jpg', 472, '2021-06-22 09:57:54', '2021-06-22 09:57:54', NULL),
(564, 'omnis', 'Inventore eaque iste quam non sit et.', 4, 'unavailable', 'image2.jpeg', 394, '2021-06-22 09:57:54', '2021-06-22 09:57:54', NULL),
(565, 'tempora', 'Voluptates dolor rerum est.', 6, 'unavailable', 'image3.jpg', 235, '2021-06-22 09:57:54', '2021-06-22 09:57:54', NULL),
(566, 'numquam', 'Voluptatem quae ut voluptatem aut deleniti nesciunt aliquid.', 10, 'unavailable', 'image1.jpg', 893, '2021-06-22 09:57:54', '2021-06-22 09:57:54', NULL),
(567, 'corporis', 'Eum similique sapiente ab et non nemo laudantium et. Et in eum officia dignissimos ipsa fugiat placeat.', 1, 'available', 'image1.jpg', 647, '2021-06-22 09:57:54', '2021-06-22 09:57:54', NULL),
(568, 'et', 'Quam reiciendis nesciunt voluptatem dolorem illum rerum.', 5, 'available', 'image3.jpg', 708, '2021-06-22 09:57:54', '2021-06-22 09:57:54', NULL),
(569, 'est', 'Ipsum corporis quia incidunt inventore.', 3, 'available', 'image1.jpg', 733, '2021-06-22 09:57:54', '2021-06-22 09:57:54', NULL),
(570, 'perspiciatis', 'Qui incidunt sed nam temporibus maxime corporis.', 6, 'unavailable', 'image3.jpg', 836, '2021-06-22 09:57:54', '2021-06-22 09:57:54', NULL),
(571, 'ad', 'Eos illum quibusdam autem.', 4, 'available', 'image1.jpg', 741, '2021-06-22 09:57:54', '2021-06-22 09:57:54', NULL);
INSERT INTO `products` (`id`, `name`, `description`, `quantity`, `status`, `image`, `seller_id`, `created_at`, `updated_at`, `deleted_at`) VALUES
(572, 'sequi', 'Officiis sunt est ad et dolorum vero placeat.', 2, 'unavailable', 'image1.jpg', 474, '2021-06-22 09:57:54', '2021-06-22 09:57:54', NULL),
(573, 'maxime', 'Rerum inventore nam qui facilis consequatur voluptates perspiciatis.', 3, 'unavailable', 'image1.jpg', 317, '2021-06-22 09:57:54', '2021-06-22 09:57:54', NULL),
(574, 'autem', 'Qui ullam sed qui odio. Enim ipsam accusantium est ut sunt sed.', 6, 'available', 'image1.jpg', 460, '2021-06-22 09:57:54', '2021-06-22 09:57:54', NULL),
(575, 'cupiditate', 'Velit alias velit nesciunt ipsa porro. Assumenda quos nihil voluptatem ut sint est ipsum.', 9, 'available', 'image3.jpg', 776, '2021-06-22 09:57:54', '2021-06-22 09:57:54', NULL),
(576, 'debitis', 'Ut reprehenderit voluptate voluptas quo quis commodi. Harum dolorem iure sint laborum minima.', 6, 'available', 'image3.jpg', 511, '2021-06-22 09:57:54', '2021-06-22 09:57:54', NULL),
(577, 'saepe', 'Eum velit magni optio ut ipsa illum eos. Excepturi sit aut accusamus quas ut aut.', 6, 'unavailable', 'image1.jpg', 893, '2021-06-22 09:57:54', '2021-06-22 09:57:54', NULL),
(578, 'voluptate', 'Perferendis rerum vel commodi qui autem similique ut.', 6, 'available', 'image1.jpg', 263, '2021-06-22 09:57:54', '2021-06-22 09:57:54', NULL),
(579, 'occaecati', 'Autem asperiores corrupti quisquam vitae eligendi quidem. Voluptatem maxime saepe natus itaque aut enim.', 8, 'available', 'image2.jpeg', 802, '2021-06-22 09:57:54', '2021-06-22 09:57:54', NULL),
(580, 'dolor', 'Non laudantium non dolorem doloremque. Aut quidem sint corrupti officiis tempora iure explicabo.', 5, 'available', 'image3.jpg', 543, '2021-06-22 09:57:54', '2021-06-22 09:57:54', NULL),
(581, 'harum', 'Et animi deserunt odit soluta nisi sed. Et vel ab saepe ut vero tempore voluptatem.', 6, 'available', 'image1.jpg', 567, '2021-06-22 09:57:54', '2021-06-22 09:57:54', NULL),
(582, 'incidunt', 'Omnis in nostrum consectetur delectus ea quis cumque.', 3, 'unavailable', 'image1.jpg', 831, '2021-06-22 09:57:54', '2021-06-22 09:57:54', NULL),
(583, 'molestiae', 'Sit magnam aut dignissimos et. Voluptas accusantium natus aut possimus ad sequi dolor id.', 10, 'available', 'image1.jpg', 104, '2021-06-22 09:57:54', '2021-06-22 09:57:54', NULL),
(584, 'commodi', 'Eum vitae qui et consequatur est et aperiam.', 3, 'available', 'image3.jpg', 620, '2021-06-22 09:57:54', '2021-06-22 09:57:54', NULL),
(585, 'rerum', 'Molestiae dicta ratione non numquam.', 8, 'available', 'image2.jpeg', 119, '2021-06-22 09:57:54', '2021-06-22 09:57:54', NULL),
(586, 'atque', 'Ut tempore nam aspernatur natus iusto adipisci earum.', 2, 'unavailable', 'image3.jpg', 473, '2021-06-22 09:57:54', '2021-06-22 09:57:54', NULL),
(587, 'aliquam', 'At quia corporis dolorem ea. Aut architecto explicabo labore sit quo quia nam.', 7, 'unavailable', 'image2.jpeg', 18, '2021-06-22 09:57:54', '2021-06-22 09:57:54', NULL),
(588, 'doloribus', 'Esse quis maiores at dolore impedit. Delectus similique error illum ex quae et porro.', 1, 'available', 'image1.jpg', 127, '2021-06-22 09:57:54', '2021-06-22 09:57:54', NULL),
(589, 'repudiandae', 'Voluptatem deserunt iusto consequatur voluptas.', 5, 'available', 'image2.jpeg', 884, '2021-06-22 09:57:54', '2021-06-22 09:57:54', NULL),
(590, 'mollitia', 'Harum et commodi voluptatem perspiciatis a.', 5, 'available', 'image2.jpeg', 72, '2021-06-22 09:57:54', '2021-06-22 09:57:54', NULL),
(591, 'laboriosam', 'Aut aliquam quisquam a commodi nam.', 2, 'available', 'image3.jpg', 438, '2021-06-22 09:57:54', '2021-06-22 09:57:54', NULL),
(592, 'pariatur', 'Ipsum sed odio aut. Eligendi voluptas perspiciatis et est corrupti dolore voluptate.', 3, 'unavailable', 'image3.jpg', 439, '2021-06-22 09:57:54', '2021-06-22 09:57:54', NULL),
(593, 'corrupti', 'Voluptas dolore sequi iusto quos dolorum. Doloremque vel ipsa consequuntur deserunt.', 10, 'available', 'image2.jpeg', 421, '2021-06-22 09:57:54', '2021-06-22 09:57:54', NULL),
(594, 'praesentium', 'Blanditiis sit et quo aperiam.', 6, 'unavailable', 'image2.jpeg', 874, '2021-06-22 09:57:54', '2021-06-22 09:57:54', NULL),
(595, 'ex', 'Id sequi consectetur facere pariatur rerum.', 5, 'unavailable', 'image2.jpeg', 968, '2021-06-22 09:57:54', '2021-06-22 09:57:54', NULL),
(596, 'accusantium', 'Labore rerum eligendi doloribus ea temporibus hic.', 3, 'available', 'image2.jpeg', 608, '2021-06-22 09:57:54', '2021-06-22 09:57:54', NULL),
(597, 'est', 'Consequuntur voluptatem quia cumque quisquam. Quam alias labore quo blanditiis esse qui ipsa.', 9, 'unavailable', 'image2.jpeg', 60, '2021-06-22 09:57:54', '2021-06-22 09:57:54', NULL),
(598, 'consectetur', 'Quam autem illo laboriosam non pariatur. Possimus voluptas cum inventore minima odio qui voluptatem.', 8, 'unavailable', 'image1.jpg', 362, '2021-06-22 09:57:54', '2021-06-22 09:57:54', NULL),
(599, 'perferendis', 'Qui nihil minus nostrum ab molestias quasi et ut.', 8, 'available', 'image1.jpg', 907, '2021-06-22 09:57:54', '2021-06-22 09:57:54', NULL),
(600, 'dolores', 'Dolores sunt sit ut est est.', 7, 'available', 'image1.jpg', 828, '2021-06-22 09:57:54', '2021-06-22 09:57:54', NULL),
(601, 'ut', 'Id iste et quia odio et.', 9, 'unavailable', 'image2.jpeg', 717, '2021-06-22 09:57:54', '2021-06-22 09:57:54', NULL),
(602, 'consequuntur', 'Doloremque blanditiis repellendus nihil id. Aperiam harum repellendus saepe laborum corrupti.', 8, 'available', 'image1.jpg', 607, '2021-06-22 09:57:54', '2021-06-22 09:57:54', NULL),
(603, 'cum', 'Et necessitatibus alias et. Animi consequatur consequuntur distinctio.', 6, 'available', 'image1.jpg', 569, '2021-06-22 09:57:54', '2021-06-22 09:57:54', NULL),
(604, 'ut', 'Saepe accusamus amet iste voluptatibus est sed excepturi. Dolore quibusdam odio consequatur deserunt aut.', 5, 'available', 'image1.jpg', 998, '2021-06-22 09:57:54', '2021-06-22 09:57:54', NULL),
(605, 'assumenda', 'Eos sint beatae et sit voluptate.', 1, 'available', 'image2.jpeg', 522, '2021-06-22 09:57:54', '2021-06-22 09:57:54', NULL),
(606, 'maiores', 'Cumque deserunt pariatur id vero consequatur.', 7, 'available', 'image1.jpg', 465, '2021-06-22 09:57:54', '2021-06-22 09:57:54', NULL),
(607, 'voluptate', 'Molestias nostrum et eum.', 9, 'available', 'image2.jpeg', 684, '2021-06-22 09:57:54', '2021-06-22 09:57:54', NULL),
(608, 'animi', 'Minima rerum occaecati tempora eum facilis et et. Repudiandae et totam natus officiis consequuntur aut facilis.', 9, 'available', 'image1.jpg', 220, '2021-06-22 09:57:54', '2021-06-22 09:57:54', NULL),
(609, 'et', 'Unde debitis corporis fugit nobis. Consequatur debitis aut omnis natus dolores quidem.', 8, 'available', 'image3.jpg', 849, '2021-06-22 09:57:54', '2021-06-22 09:57:54', NULL),
(610, 'quos', 'Aut dolores illo ipsa est dolorem et.', 3, 'available', 'image2.jpeg', 427, '2021-06-22 09:57:54', '2021-06-22 09:57:54', NULL),
(611, 'dolore', 'Incidunt odit vitae asperiores laboriosam perferendis explicabo quibusdam repellendus. Aut sequi atque rerum reprehenderit.', 5, 'available', 'image2.jpeg', 189, '2021-06-22 09:57:54', '2021-06-22 09:57:54', NULL),
(612, 'aut', 'Facilis maxime qui aut totam.', 1, 'unavailable', 'image2.jpeg', 191, '2021-06-22 09:57:54', '2021-06-22 09:57:54', NULL),
(613, 'ex', 'At et dicta ut. Quos et eos aliquid perferendis.', 7, 'available', 'image1.jpg', 953, '2021-06-22 09:57:54', '2021-06-22 09:57:54', NULL),
(614, 'autem', 'Et voluptas nobis laborum sed repellat ad.', 7, 'unavailable', 'image1.jpg', 900, '2021-06-22 09:57:54', '2021-06-22 09:57:54', NULL),
(615, 'dolorem', 'Incidunt nisi quibusdam voluptatum nulla omnis in facilis laborum.', 1, 'available', 'image1.jpg', 777, '2021-06-22 09:57:54', '2021-06-22 09:57:54', NULL),
(616, 'repellat', 'Excepturi doloremque repellat qui nisi aut debitis eveniet.', 3, 'unavailable', 'image2.jpeg', 630, '2021-06-22 09:57:54', '2021-06-22 09:57:54', NULL),
(617, 'nam', 'Facere et eum velit eos necessitatibus.', 6, 'available', 'image1.jpg', 74, '2021-06-22 09:57:54', '2021-06-22 09:57:54', NULL),
(618, 'quam', 'Odio debitis animi quasi incidunt molestiae nihil sequi voluptate.', 10, 'available', 'image1.jpg', 491, '2021-06-22 09:57:54', '2021-06-22 09:57:54', NULL),
(619, 'vel', 'Libero unde repudiandae fugit ipsa ut.', 10, 'available', 'image2.jpeg', 581, '2021-06-22 09:57:54', '2021-06-22 09:57:54', NULL),
(620, 'quam', 'Delectus earum nihil hic voluptatem ullam fugit sunt. Fugit consequatur iure eveniet aliquam corrupti in.', 6, 'unavailable', 'image1.jpg', 10, '2021-06-22 09:57:54', '2021-06-22 09:57:54', NULL),
(621, 'nihil', 'Voluptatem explicabo soluta sunt ut.', 1, 'available', 'image3.jpg', 820, '2021-06-22 09:57:54', '2021-06-22 09:57:54', NULL),
(622, 'aliquid', 'Et deleniti itaque omnis est porro soluta. Impedit et accusamus molestiae et recusandae eum.', 8, 'unavailable', 'image1.jpg', 800, '2021-06-22 09:57:55', '2021-06-22 09:57:55', NULL),
(623, 'architecto', 'Rerum repellat qui nihil ipsam id rerum. Eligendi quae velit deleniti odit enim.', 2, 'available', 'image2.jpeg', 761, '2021-06-22 09:57:55', '2021-06-22 09:57:55', NULL),
(624, 'voluptatem', 'Aut quia consequuntur expedita sed deleniti atque. Sunt sit ea consequuntur consequatur.', 4, 'unavailable', 'image3.jpg', 941, '2021-06-22 09:57:55', '2021-06-22 09:57:55', NULL),
(625, 'minima', 'Blanditiis occaecati animi consequatur autem. Temporibus ad facere est tempore qui et.', 2, 'available', 'image2.jpeg', 297, '2021-06-22 09:57:55', '2021-06-22 09:57:55', NULL),
(626, 'neque', 'Et cum ut et dignissimos pariatur et repellat.', 1, 'unavailable', 'image2.jpeg', 695, '2021-06-22 09:57:55', '2021-06-22 09:57:55', NULL),
(627, 'nostrum', 'Similique maxime cupiditate sed.', 5, 'available', 'image3.jpg', 899, '2021-06-22 09:57:55', '2021-06-22 09:57:55', NULL),
(628, 'eligendi', 'Neque delectus et et.', 7, 'available', 'image2.jpeg', 648, '2021-06-22 09:57:55', '2021-06-22 09:57:55', NULL),
(629, 'qui', 'Debitis hic animi non temporibus rerum. Dolorum deleniti repudiandae ipsum provident perferendis et eligendi nemo.', 10, 'unavailable', 'image2.jpeg', 853, '2021-06-22 09:57:55', '2021-06-22 09:57:55', NULL),
(630, 'perferendis', 'Laudantium consequatur et sunt consequatur. Officiis assumenda magnam quidem maxime explicabo.', 1, 'unavailable', 'image1.jpg', 530, '2021-06-22 09:57:55', '2021-06-22 09:57:55', NULL),
(631, 'autem', 'Odit est et amet fugit voluptatem ex hic. Accusantium enim est qui vero.', 8, 'unavailable', 'image3.jpg', 68, '2021-06-22 09:57:55', '2021-06-22 09:57:55', NULL),
(632, 'asperiores', 'Excepturi necessitatibus voluptatem dolores sit ipsa autem reiciendis. Veniam cupiditate incidunt dolor cumque rerum vero.', 7, 'unavailable', 'image3.jpg', 931, '2021-06-22 09:57:55', '2021-06-22 09:57:55', NULL),
(633, 'ut', 'Ipsam consequuntur eligendi harum dolor.', 1, 'unavailable', 'image3.jpg', 726, '2021-06-22 09:57:55', '2021-06-22 09:57:55', NULL),
(634, 'officiis', 'Sit unde eos neque quisquam eligendi maxime qui. Aut animi a ratione vitae explicabo in non.', 9, 'available', 'image1.jpg', 356, '2021-06-22 09:57:55', '2021-06-22 09:57:55', NULL),
(635, 'non', 'Consequuntur quo nemo error.', 7, 'unavailable', 'image2.jpeg', 782, '2021-06-22 09:57:55', '2021-06-22 09:57:55', NULL),
(636, 'aut', 'Excepturi est rerum tenetur quibusdam.', 5, 'available', 'image1.jpg', 234, '2021-06-22 09:57:55', '2021-06-22 09:57:55', NULL),
(637, 'eos', 'Ad sed excepturi repudiandae aut voluptatem quia. Autem dolor quis repudiandae sit optio cumque illum.', 7, 'unavailable', 'image1.jpg', 210, '2021-06-22 09:57:55', '2021-06-22 09:57:55', NULL),
(638, 'et', 'Sint modi corporis consequatur et quia aut.', 3, 'available', 'image2.jpeg', 563, '2021-06-22 09:57:55', '2021-06-22 09:57:55', NULL),
(639, 'voluptatem', 'Non perferendis cumque nostrum facilis necessitatibus cupiditate eos. Enim quis quis numquam repellat sequi sint.', 10, 'available', 'image3.jpg', 975, '2021-06-22 09:57:55', '2021-06-22 09:57:55', NULL),
(640, 'dolorum', 'Reprehenderit ipsa nostrum eligendi officiis dolor. Quia a temporibus quisquam voluptas et voluptatem.', 9, 'unavailable', 'image3.jpg', 456, '2021-06-22 09:57:55', '2021-06-22 09:57:55', NULL),
(641, 'pariatur', 'Repellendus veritatis occaecati recusandae minus.', 8, 'unavailable', 'image2.jpeg', 680, '2021-06-22 09:57:55', '2021-06-22 09:57:55', NULL),
(642, 'quasi', 'Aut quod harum distinctio asperiores quo.', 7, 'unavailable', 'image1.jpg', 418, '2021-06-22 09:57:55', '2021-06-22 09:57:55', NULL),
(643, 'veniam', 'Aspernatur voluptatem quisquam saepe dolorem sed ut doloribus. Explicabo ipsa non eaque pariatur.', 5, 'unavailable', 'image3.jpg', 76, '2021-06-22 09:57:55', '2021-06-22 09:57:55', NULL),
(644, 'minima', 'Est sit eligendi quo quos consectetur ut fuga. Sit quia sint eum iusto ad et.', 3, 'available', 'image3.jpg', 621, '2021-06-22 09:57:55', '2021-06-22 09:57:55', NULL),
(645, 'ducimus', 'Harum quasi blanditiis aut. Aliquid inventore veniam nobis similique molestiae adipisci.', 8, 'available', 'image1.jpg', 840, '2021-06-22 09:57:55', '2021-06-22 09:57:55', NULL),
(646, 'officiis', 'Fuga quo enim mollitia molestias doloribus nihil impedit. Exercitationem necessitatibus molestiae praesentium veniam quis architecto vel omnis.', 4, 'unavailable', 'image2.jpeg', 236, '2021-06-22 09:57:55', '2021-06-22 09:57:55', NULL),
(647, 'perspiciatis', 'Fuga tempora rerum quo corrupti ad natus.', 6, 'available', 'image1.jpg', 166, '2021-06-22 09:57:55', '2021-06-22 09:57:55', NULL),
(648, 'voluptas', 'Earum quo qui laboriosam id autem blanditiis.', 1, 'available', 'image2.jpeg', 42, '2021-06-22 09:57:55', '2021-06-22 09:57:55', NULL),
(649, 'omnis', 'Earum laudantium laudantium sit alias quia ipsam. Dicta quasi consectetur excepturi explicabo officia rerum.', 7, 'unavailable', 'image3.jpg', 76, '2021-06-22 09:57:55', '2021-06-22 09:57:55', NULL),
(650, 'in', 'Sint occaecati et harum corrupti cumque. Non cumque vel quo libero unde.', 7, 'available', 'image1.jpg', 633, '2021-06-22 09:57:55', '2021-06-22 09:57:55', NULL),
(651, 'animi', 'Vitae voluptatibus quod sed rem eum et vel.', 5, 'available', 'image1.jpg', 713, '2021-06-22 09:57:55', '2021-06-22 09:57:55', NULL),
(652, 'officiis', 'Cumque nihil pariatur fugiat molestiae voluptatibus repellendus.', 7, 'available', 'image2.jpeg', 232, '2021-06-22 09:57:55', '2021-06-22 09:57:55', NULL),
(653, 'veniam', 'Repellat possimus assumenda ut voluptatem inventore adipisci.', 8, 'available', 'image1.jpg', 220, '2021-06-22 09:57:55', '2021-06-22 09:57:55', NULL),
(654, 'porro', 'Delectus sit quia tempore eius temporibus provident debitis.', 3, 'unavailable', 'image1.jpg', 310, '2021-06-22 09:57:55', '2021-06-22 09:57:55', NULL),
(655, 'accusantium', 'Consequatur minima nostrum porro tempore reprehenderit.', 9, 'unavailable', 'image3.jpg', 61, '2021-06-22 09:57:55', '2021-06-22 09:57:55', NULL),
(656, 'tempora', 'At doloremque fuga natus rem omnis ad exercitationem. Officiis ut ad dignissimos quos dolorem impedit ea.', 6, 'available', 'image2.jpeg', 455, '2021-06-22 09:57:55', '2021-06-22 09:57:55', NULL),
(657, 'ut', 'Voluptatem qui et doloribus quaerat temporibus sint.', 1, 'available', 'image2.jpeg', 84, '2021-06-22 09:57:55', '2021-06-22 09:57:55', NULL),
(658, 'sunt', 'Et ad quidem eum consectetur.', 2, 'unavailable', 'image3.jpg', 456, '2021-06-22 09:57:55', '2021-06-22 09:57:55', NULL),
(659, 'unde', 'Dolorem deserunt reprehenderit magni quo qui. Ut magnam commodi consequuntur sed incidunt.', 6, 'available', 'image1.jpg', 788, '2021-06-22 09:57:55', '2021-06-22 09:57:55', NULL),
(660, 'vero', 'Recusandae laborum qui laboriosam architecto quam quo consequatur.', 3, 'available', 'image2.jpeg', 540, '2021-06-22 09:57:55', '2021-06-22 09:57:55', NULL),
(661, 'numquam', 'Quaerat ipsa dolor aut ut quia et.', 2, 'unavailable', 'image3.jpg', 80, '2021-06-22 09:57:55', '2021-06-22 09:57:55', NULL),
(662, 'repellat', 'Est eos repellendus voluptas nemo accusantium odit enim.', 3, 'unavailable', 'image3.jpg', 838, '2021-06-22 09:57:55', '2021-06-22 09:57:55', NULL),
(663, 'totam', 'Reprehenderit quis pariatur natus necessitatibus ipsa consequatur. Dolores sequi aut temporibus veniam praesentium vero.', 9, 'available', 'image2.jpeg', 578, '2021-06-22 09:57:55', '2021-06-22 09:57:55', NULL),
(664, 'unde', 'Quae harum expedita dolores ut accusantium magni.', 4, 'available', 'image3.jpg', 617, '2021-06-22 09:57:55', '2021-06-22 09:57:55', NULL),
(665, 'in', 'Omnis est at consequatur. Voluptatem quia officia nulla ut explicabo ad.', 9, 'unavailable', 'image3.jpg', 499, '2021-06-22 09:57:55', '2021-06-22 09:57:55', NULL),
(666, 'aliquid', 'Ipsam omnis et quaerat ut modi quis non.', 1, 'unavailable', 'image3.jpg', 461, '2021-06-22 09:57:55', '2021-06-22 09:57:55', NULL),
(667, 'corrupti', 'Commodi ea consequuntur a sint qui architecto dolorem atque.', 2, 'unavailable', 'image2.jpeg', 382, '2021-06-22 09:57:55', '2021-06-22 09:57:55', NULL),
(668, 'exercitationem', 'Illo ducimus deleniti enim corporis.', 3, 'unavailable', 'image3.jpg', 827, '2021-06-22 09:57:55', '2021-06-22 09:57:55', NULL),
(669, 'qui', 'Veniam occaecati quae veniam eaque.', 8, 'unavailable', 'image1.jpg', 213, '2021-06-22 09:57:55', '2021-06-22 09:57:55', NULL),
(670, 'fuga', 'Cupiditate consequatur harum porro at et ut debitis reprehenderit.', 10, 'available', 'image3.jpg', 127, '2021-06-22 09:57:55', '2021-06-22 09:57:55', NULL),
(671, 'possimus', 'Eum iste quis unde veritatis animi.', 8, 'available', 'image1.jpg', 649, '2021-06-22 09:57:55', '2021-06-22 09:57:55', NULL),
(672, 'qui', 'Sint atque voluptatem laudantium voluptatem dolorem eum. Nam dolorum sit illo sequi omnis ducimus eaque corporis.', 7, 'unavailable', 'image1.jpg', 590, '2021-06-22 09:57:55', '2021-06-22 09:57:55', NULL),
(673, 'sed', 'Fugit amet beatae qui ut illum. Sed laboriosam maxime aliquam ut suscipit.', 9, 'available', 'image1.jpg', 75, '2021-06-22 09:57:55', '2021-06-22 09:57:55', NULL),
(674, 'recusandae', 'Animi optio amet enim consectetur.', 6, 'available', 'image2.jpeg', 253, '2021-06-22 09:57:55', '2021-06-22 09:57:55', NULL),
(675, 'mollitia', 'Dolores sunt aut delectus aut veritatis repellat.', 9, 'available', 'image3.jpg', 652, '2021-06-22 09:57:55', '2021-06-22 09:57:55', NULL),
(676, 'doloremque', 'Saepe eum quam eveniet suscipit qui.', 9, 'unavailable', 'image3.jpg', 914, '2021-06-22 09:57:55', '2021-06-22 09:57:55', NULL),
(677, 'animi', 'Est provident hic occaecati.', 2, 'available', 'image1.jpg', 540, '2021-06-22 09:57:55', '2021-06-22 09:57:55', NULL),
(678, 'architecto', 'Ipsa modi qui voluptas qui exercitationem facilis officiis.', 10, 'unavailable', 'image2.jpeg', 153, '2021-06-22 09:57:55', '2021-06-22 09:57:55', NULL),
(679, 'atque', 'Molestias quasi suscipit qui atque. Doloribus dolore velit numquam sint consequatur.', 5, 'unavailable', 'image1.jpg', 487, '2021-06-22 09:57:55', '2021-06-22 09:57:55', NULL),
(680, 'molestias', 'Fuga ex perferendis cum nam temporibus cumque ea consequatur.', 6, 'unavailable', 'image2.jpeg', 877, '2021-06-22 09:57:55', '2021-06-22 09:57:55', NULL),
(681, 'fugiat', 'Et alias consequuntur et.', 10, 'unavailable', 'image3.jpg', 47, '2021-06-22 09:57:55', '2021-06-22 09:57:55', NULL),
(682, 'quos', 'Illum qui voluptas in perferendis et veniam. Repellendus rerum deleniti illum vero.', 7, 'unavailable', 'image2.jpeg', 845, '2021-06-22 09:57:55', '2021-06-22 09:57:55', NULL),
(683, 'beatae', 'Laudantium sunt esse laboriosam sapiente. Quas vel dignissimos et aspernatur.', 10, 'unavailable', 'image2.jpeg', 65, '2021-06-22 09:57:55', '2021-06-22 09:57:55', NULL),
(684, 'aperiam', 'Quia deserunt saepe beatae reprehenderit tenetur explicabo nesciunt corrupti.', 10, 'unavailable', 'image2.jpeg', 930, '2021-06-22 09:57:55', '2021-06-22 09:57:55', NULL),
(685, 'rerum', 'Dolores odio accusantium illum consequatur sunt expedita ut vitae.', 2, 'available', 'image1.jpg', 465, '2021-06-22 09:57:55', '2021-06-22 09:57:55', NULL),
(686, 'consectetur', 'Fuga est amet sed accusamus.', 8, 'available', 'image3.jpg', 71, '2021-06-22 09:57:55', '2021-06-22 09:57:55', NULL),
(687, 'corrupti', 'Beatae ipsam optio ipsam est voluptas non eaque sed. Ut autem ipsa sed ut suscipit velit.', 2, 'unavailable', 'image3.jpg', 607, '2021-06-22 09:57:55', '2021-06-22 09:57:55', NULL),
(688, 'voluptas', 'A est expedita error enim sunt.', 7, 'available', 'image1.jpg', 14, '2021-06-22 09:57:55', '2021-06-22 09:57:55', NULL),
(689, 'consequatur', 'Est cum ut et praesentium accusantium dolore.', 6, 'unavailable', 'image1.jpg', 447, '2021-06-22 09:57:55', '2021-06-22 09:57:55', NULL),
(690, 'delectus', 'Ipsam sint perferendis odit. Enim illo consequatur molestias itaque.', 10, 'available', 'image3.jpg', 899, '2021-06-22 09:57:55', '2021-06-22 09:57:55', NULL),
(691, 'tempora', 'Autem omnis quo cumque dolore dolores nesciunt. Voluptatem hic repudiandae animi accusantium porro enim sapiente.', 9, 'unavailable', 'image3.jpg', 378, '2021-06-22 09:57:55', '2021-06-22 09:57:55', NULL),
(692, 'delectus', 'Dolores minus impedit perferendis doloribus id accusamus.', 1, 'unavailable', 'image3.jpg', 589, '2021-06-22 09:57:55', '2021-06-22 09:57:55', NULL),
(693, 'veritatis', 'Repudiandae iusto ipsam distinctio cupiditate quasi natus odit. Qui repellat sapiente debitis est delectus.', 6, 'unavailable', 'image1.jpg', 718, '2021-06-22 09:57:55', '2021-06-22 09:57:55', NULL),
(694, 'laudantium', 'Et non cum explicabo debitis consequatur.', 5, 'unavailable', 'image3.jpg', 444, '2021-06-22 09:57:55', '2021-06-22 09:57:55', NULL),
(695, 'est', 'Sunt at voluptatum ut velit laudantium incidunt.', 7, 'unavailable', 'image2.jpeg', 187, '2021-06-22 09:57:55', '2021-06-22 09:57:55', NULL),
(696, 'unde', 'Saepe est voluptatem voluptas modi eveniet corrupti. Odio totam nostrum earum est fugit quod.', 2, 'unavailable', 'image2.jpeg', 117, '2021-06-22 09:57:55', '2021-06-22 09:57:55', NULL),
(697, 'quis', 'Ab veniam qui aliquam in dicta.', 1, 'unavailable', 'image1.jpg', 575, '2021-06-22 09:57:55', '2021-06-22 09:57:55', NULL),
(698, 'enim', 'Officia praesentium accusamus sed ut blanditiis laborum dolores.', 2, 'available', 'image2.jpeg', 39, '2021-06-22 09:57:55', '2021-06-22 09:57:55', NULL),
(699, 'nulla', 'Provident dolor hic odit ad et suscipit. Quas accusamus sed eius quam.', 7, 'available', 'image1.jpg', 469, '2021-06-22 09:57:55', '2021-06-22 09:57:55', NULL),
(700, 'possimus', 'Sit nam voluptate exercitationem consectetur consequatur. Aut quibusdam quasi quas minima necessitatibus.', 10, 'available', 'image3.jpg', 207, '2021-06-22 09:57:55', '2021-06-22 09:57:55', NULL),
(701, 'asperiores', 'Commodi cum sequi consequuntur accusantium maiores.', 4, 'available', 'image3.jpg', 673, '2021-06-22 09:57:55', '2021-06-22 09:57:55', NULL),
(702, 'autem', 'Nam impedit tempora ut dolores natus quia voluptas sapiente. Sint quia perferendis cupiditate magnam eligendi laudantium fugiat necessitatibus.', 10, 'unavailable', 'image2.jpeg', 783, '2021-06-22 09:57:55', '2021-06-22 09:57:55', NULL),
(703, 'nihil', 'Exercitationem dolorem et dolorem quia. Omnis accusantium vitae qui quod.', 10, 'unavailable', 'image2.jpeg', 87, '2021-06-22 09:57:55', '2021-06-22 09:57:55', NULL),
(704, 'quas', 'Enim ut numquam sed. Quisquam ut et est pariatur a ducimus.', 9, 'available', 'image2.jpeg', 3, '2021-06-22 09:57:55', '2021-06-22 09:57:55', NULL),
(705, 'culpa', 'Mollitia quia fugit maiores cupiditate a ipsa.', 10, 'available', 'image1.jpg', 206, '2021-06-22 09:57:55', '2021-06-22 09:57:55', NULL),
(706, 'expedita', 'Iste incidunt nihil velit eos. Eos aut odio iure consequatur facere omnis amet.', 7, 'available', 'image2.jpeg', 982, '2021-06-22 09:57:55', '2021-06-22 09:57:55', NULL),
(707, 'temporibus', 'Corporis rem et maxime.', 9, 'unavailable', 'image3.jpg', 315, '2021-06-22 09:57:55', '2021-06-22 09:57:55', NULL),
(708, 'blanditiis', 'Ad quos et et.', 5, 'unavailable', 'image1.jpg', 668, '2021-06-22 09:57:55', '2021-06-22 09:57:55', NULL),
(709, 'officiis', 'Porro eveniet ut sit qui sint eligendi.', 6, 'unavailable', 'image1.jpg', 516, '2021-06-22 09:57:55', '2021-06-22 09:57:55', NULL),
(710, 'ratione', 'Blanditiis facilis quia possimus dolores dignissimos optio quod maxime. Tenetur non quo molestias magni ea facere quod.', 8, 'available', 'image2.jpeg', 520, '2021-06-22 09:57:55', '2021-06-22 09:57:55', NULL),
(711, 'vel', 'Excepturi at ut labore perspiciatis quis.', 8, 'available', 'image1.jpg', 390, '2021-06-22 09:57:55', '2021-06-22 09:57:55', NULL),
(712, 'rem', 'Aut non temporibus officiis.', 3, 'unavailable', 'image1.jpg', 805, '2021-06-22 09:57:55', '2021-06-22 09:57:55', NULL),
(713, 'consequuntur', 'Nam enim quaerat cum doloremque.', 8, 'available', 'image3.jpg', 197, '2021-06-22 09:57:55', '2021-06-22 09:57:55', NULL),
(714, 'soluta', 'Error beatae accusantium corrupti velit laudantium ipsum. Non voluptatem sunt officia nihil deleniti perspiciatis voluptatem.', 1, 'available', 'image2.jpeg', 262, '2021-06-22 09:57:55', '2021-06-22 09:57:55', NULL),
(715, 'voluptas', 'Laudantium tenetur ea quia aut quasi aut distinctio.', 5, 'available', 'image3.jpg', 819, '2021-06-22 09:57:55', '2021-06-22 09:57:55', NULL),
(716, 'harum', 'Architecto necessitatibus et nihil. Ut repellat magnam sunt enim velit.', 3, 'unavailable', 'image1.jpg', 579, '2021-06-22 09:57:55', '2021-06-22 09:57:55', NULL),
(717, 'omnis', 'Deserunt sit nesciunt quis maiores quasi sunt. Natus voluptas dolorum odit sapiente.', 5, 'available', 'image3.jpg', 79, '2021-06-22 09:57:55', '2021-06-22 09:57:55', NULL),
(718, 'et', 'Ea laborum maiores nam excepturi inventore porro ut. Non voluptas et est.', 6, 'available', 'image2.jpeg', 528, '2021-06-22 09:57:55', '2021-06-22 09:57:55', NULL),
(719, 'vero', 'Aperiam id excepturi hic aliquam qui ea aut.', 5, 'unavailable', 'image3.jpg', 478, '2021-06-22 09:57:55', '2021-06-22 09:57:55', NULL),
(720, 'nostrum', 'Ut quasi ea qui et a pariatur et asperiores. Quae sapiente placeat numquam perspiciatis consequuntur facere.', 6, 'unavailable', 'image2.jpeg', 995, '2021-06-22 09:57:55', '2021-06-22 09:57:55', NULL),
(721, 'id', 'Nihil unde hic omnis sed perferendis qui consequatur.', 2, 'unavailable', 'image1.jpg', 125, '2021-06-22 09:57:55', '2021-06-22 09:57:55', NULL),
(722, 'dolor', 'Quo quisquam qui culpa at.', 2, 'available', 'image2.jpeg', 503, '2021-06-22 09:57:55', '2021-06-22 09:57:55', NULL),
(723, 'doloribus', 'Quia voluptate optio quo enim temporibus illo.', 4, 'available', 'image3.jpg', 426, '2021-06-22 09:57:55', '2021-06-22 09:57:55', NULL),
(724, 'voluptas', 'Praesentium vitae nostrum consequatur suscipit.', 6, 'available', 'image1.jpg', 696, '2021-06-22 09:57:55', '2021-06-22 09:57:55', NULL),
(725, 'optio', 'Sunt voluptas ullam rerum corrupti sunt consequatur labore. Ducimus quidem vel rerum et quibusdam eveniet et quisquam.', 4, 'available', 'image2.jpeg', 508, '2021-06-22 09:57:55', '2021-06-22 09:57:55', NULL),
(726, 'sit', 'Quibusdam distinctio est voluptas ipsum distinctio. In sunt odit voluptate ea qui ut ea harum.', 5, 'available', 'image2.jpeg', 613, '2021-06-22 09:57:55', '2021-06-22 09:57:55', NULL),
(727, 'labore', 'Consequatur qui inventore libero velit rerum pariatur nobis. Inventore aliquam et consequatur autem nihil molestiae.', 3, 'unavailable', 'image2.jpeg', 443, '2021-06-22 09:57:55', '2021-06-22 09:57:55', NULL),
(728, 'ex', 'Reiciendis maiores ut voluptatem molestiae quis. Accusantium impedit repellendus autem cum aut omnis.', 2, 'unavailable', 'image2.jpeg', 659, '2021-06-22 09:57:55', '2021-06-22 09:57:55', NULL),
(729, 'atque', 'Est error dolorem consequatur.', 2, 'unavailable', 'image3.jpg', 13, '2021-06-22 09:57:55', '2021-06-22 09:57:55', NULL),
(730, 'quia', 'Est amet quis cum beatae suscipit. Reiciendis assumenda ratione consequatur voluptate.', 2, 'unavailable', 'image1.jpg', 414, '2021-06-22 09:57:55', '2021-06-22 09:57:55', NULL),
(731, 'est', 'Aut et ut earum dolore modi aut. Excepturi beatae nobis ut quae.', 5, 'unavailable', 'image2.jpeg', 73, '2021-06-22 09:57:55', '2021-06-22 09:57:55', NULL),
(732, 'recusandae', 'Molestiae ut molestiae quo quis autem reiciendis dolorum.', 2, 'unavailable', 'image2.jpeg', 957, '2021-06-22 09:57:55', '2021-06-22 09:57:55', NULL),
(733, 'non', 'Iusto dignissimos quia omnis laboriosam in et. Eum est sapiente est tenetur cum.', 10, 'available', 'image1.jpg', 340, '2021-06-22 09:57:55', '2021-06-22 09:57:55', NULL),
(734, 'sint', 'Sequi qui voluptas ipsa molestias.', 5, 'unavailable', 'image3.jpg', 923, '2021-06-22 09:57:55', '2021-06-22 09:57:55', NULL),
(735, 'eveniet', 'Exercitationem mollitia ipsam quis tempore id sint.', 6, 'unavailable', 'image1.jpg', 519, '2021-06-22 09:57:55', '2021-06-22 09:57:55', NULL),
(736, 'adipisci', 'Praesentium omnis aliquid cum voluptate est. Itaque quas quisquam suscipit error dignissimos totam.', 7, 'unavailable', 'image1.jpg', 678, '2021-06-22 09:57:55', '2021-06-22 09:57:55', NULL),
(737, 'laboriosam', 'Voluptas qui reiciendis quis sint error quia minima.', 9, 'unavailable', 'image2.jpeg', 671, '2021-06-22 09:57:55', '2021-06-22 09:57:55', NULL),
(738, 'aperiam', 'Eos et beatae qui culpa. Labore quam inventore aut quo aut.', 5, 'unavailable', 'image1.jpg', 429, '2021-06-22 09:57:55', '2021-06-22 09:57:55', NULL),
(739, 'debitis', 'Fugiat et tempora aut omnis quis ut illum.', 3, 'available', 'image3.jpg', 100, '2021-06-22 09:57:55', '2021-06-22 09:57:55', NULL),
(740, 'saepe', 'Occaecati vel voluptas dolor voluptate eligendi corporis ipsum culpa. Eaque quia amet molestiae impedit ad.', 8, 'available', 'image1.jpg', 662, '2021-06-22 09:57:55', '2021-06-22 09:57:55', NULL),
(741, 'delectus', 'A ex enim ad. Qui voluptatum facere dolorum dolor deserunt repellat.', 7, 'available', 'image2.jpeg', 767, '2021-06-22 09:57:55', '2021-06-22 09:57:55', NULL),
(742, 'ut', 'Qui consequuntur atque molestiae aperiam delectus nam.', 6, 'unavailable', 'image3.jpg', 614, '2021-06-22 09:57:55', '2021-06-22 09:57:55', NULL),
(743, 'alias', 'Suscipit ut quasi dolorum iure. Rem voluptate minima eos quia qui molestiae.', 4, 'unavailable', 'image1.jpg', 915, '2021-06-22 09:57:55', '2021-06-22 09:57:55', NULL),
(744, 'reprehenderit', 'A consectetur sit voluptatem ex culpa voluptas.', 6, 'unavailable', 'image2.jpeg', 288, '2021-06-22 09:57:55', '2021-06-22 09:57:55', NULL),
(745, 'sequi', 'Error rerum autem modi illo.', 1, 'available', 'image3.jpg', 640, '2021-06-22 09:57:56', '2021-06-22 09:57:56', NULL),
(746, 'quod', 'Et voluptatibus ea sapiente occaecati dolore. Quos officiis maiores sunt ipsa vel explicabo facere.', 2, 'available', 'image3.jpg', 820, '2021-06-22 09:57:56', '2021-06-22 09:57:56', NULL),
(747, 'quia', 'Dolorum adipisci provident cupiditate atque assumenda voluptas et voluptate. Soluta et ea nesciunt et aliquid dolores.', 8, 'unavailable', 'image1.jpg', 310, '2021-06-22 09:57:56', '2021-06-22 09:57:56', NULL),
(748, 'impedit', 'Cum et officiis quidem dolores ipsam velit aut consequuntur.', 6, 'available', 'image1.jpg', 987, '2021-06-22 09:57:56', '2021-06-22 09:57:56', NULL),
(749, 'veritatis', 'Qui quaerat sunt autem nulla quae minima.', 9, 'unavailable', 'image3.jpg', 514, '2021-06-22 09:57:56', '2021-06-22 09:57:56', NULL),
(750, 'error', 'Et quis facilis sed blanditiis in amet.', 10, 'available', 'image2.jpeg', 348, '2021-06-22 09:57:56', '2021-06-22 09:57:56', NULL),
(751, 'voluptatem', 'Et vero esse ut dicta dolore.', 3, 'unavailable', 'image1.jpg', 630, '2021-06-22 09:57:56', '2021-06-22 09:57:56', NULL),
(752, 'ut', 'Voluptatem impedit rerum et.', 6, 'available', 'image1.jpg', 156, '2021-06-22 09:57:56', '2021-06-22 09:57:56', NULL),
(753, 'aut', 'Odio aut vel blanditiis quasi nostrum maxime. Consequatur soluta neque quis non.', 7, 'unavailable', 'image3.jpg', 257, '2021-06-22 09:57:56', '2021-06-22 09:57:56', NULL),
(754, 'quo', 'Harum magni qui magni ut unde.', 5, 'available', 'image1.jpg', 975, '2021-06-22 09:57:56', '2021-06-22 09:57:56', NULL),
(755, 'velit', 'Dolor sed excepturi quia animi ea. Vel ipsa omnis sunt.', 5, 'available', 'image3.jpg', 446, '2021-06-22 09:57:56', '2021-06-22 09:57:56', NULL),
(756, 'asperiores', 'Autem cum ipsam ipsa vero. Reiciendis omnis similique alias voluptatem nostrum accusamus sapiente.', 6, 'unavailable', 'image1.jpg', 661, '2021-06-22 09:57:56', '2021-06-22 09:57:56', NULL),
(757, 'quidem', 'Est omnis voluptas sunt delectus eos impedit.', 9, 'available', 'image2.jpeg', 68, '2021-06-22 09:57:56', '2021-06-22 09:57:56', NULL),
(758, 'maiores', 'Rerum omnis accusantium vero eum sit dolorem.', 4, 'unavailable', 'image1.jpg', 503, '2021-06-22 09:57:56', '2021-06-22 09:57:56', NULL),
(759, 'temporibus', 'Autem at et velit amet atque.', 5, 'available', 'image3.jpg', 703, '2021-06-22 09:57:56', '2021-06-22 09:57:56', NULL),
(760, 'sint', 'Aut voluptatem sunt reprehenderit non. Maxime quia eius alias sequi natus est tempore.', 4, 'unavailable', 'image1.jpg', 895, '2021-06-22 09:57:56', '2021-06-22 09:57:56', NULL),
(761, 'at', 'Deleniti sint culpa consectetur minus. Ipsa iste itaque optio labore voluptates in sint.', 5, 'unavailable', 'image2.jpeg', 324, '2021-06-22 09:57:56', '2021-06-22 09:57:56', NULL),
(762, 'in', 'Delectus et dignissimos quia labore voluptatem pariatur illum.', 8, 'unavailable', 'image2.jpeg', 526, '2021-06-22 09:57:56', '2021-06-22 09:57:56', NULL),
(763, 'et', 'Ab incidunt architecto vitae quis rem hic excepturi commodi.', 5, 'available', 'image1.jpg', 152, '2021-06-22 09:57:56', '2021-06-22 09:57:56', NULL),
(764, 'iure', 'Nihil atque quidem quidem deleniti.', 7, 'available', 'image3.jpg', 844, '2021-06-22 09:57:56', '2021-06-22 09:57:56', NULL),
(765, 'illum', 'Eos aliquam placeat non rerum.', 7, 'unavailable', 'image2.jpeg', 754, '2021-06-22 09:57:56', '2021-06-22 09:57:56', NULL),
(766, 'et', 'Itaque voluptatem qui itaque molestiae dolorum rerum harum.', 3, 'unavailable', 'image2.jpeg', 507, '2021-06-22 09:57:56', '2021-06-22 09:57:56', NULL),
(767, 'et', 'Eveniet hic quaerat odit accusantium ipsam fuga voluptatum. Consequatur magnam nemo et vel aut eos occaecati.', 4, 'unavailable', 'image1.jpg', 728, '2021-06-22 09:57:56', '2021-06-22 09:57:56', NULL),
(768, 'quis', 'Vel aut quos in quasi odio ad natus. Fugiat est nesciunt tempore consectetur omnis consectetur possimus.', 8, 'available', 'image2.jpeg', 366, '2021-06-22 09:57:56', '2021-06-22 09:57:56', NULL),
(769, 'mollitia', 'Culpa in quaerat a asperiores voluptate. Sint quasi repellendus maxime soluta aut tempore et et.', 6, 'unavailable', 'image2.jpeg', 642, '2021-06-22 09:57:56', '2021-06-22 09:57:56', NULL),
(770, 'illum', 'Aut quis quia accusamus est laudantium consequuntur suscipit consequatur. Consequatur qui deleniti doloremque voluptatum iste ut quia.', 1, 'unavailable', 'image3.jpg', 151, '2021-06-22 09:57:56', '2021-06-22 09:57:56', NULL),
(771, 'quia', 'Quia impedit reprehenderit quia illum maxime.', 2, 'unavailable', 'image3.jpg', 571, '2021-06-22 09:57:56', '2021-06-22 09:57:56', NULL),
(772, 'quos', 'Rerum suscipit vel doloremque est facere fuga.', 10, 'available', 'image2.jpeg', 16, '2021-06-22 09:57:56', '2021-06-22 09:57:56', NULL),
(773, 'numquam', 'Non sit dolores quaerat voluptates.', 1, 'unavailable', 'image1.jpg', 45, '2021-06-22 09:57:56', '2021-06-22 09:57:56', NULL),
(774, 'nobis', 'Et explicabo et itaque expedita. Expedita inventore repellendus ut praesentium fuga.', 10, 'unavailable', 'image3.jpg', 811, '2021-06-22 09:57:56', '2021-06-22 09:57:56', NULL),
(775, 'mollitia', 'Earum quia recusandae incidunt non adipisci.', 4, 'unavailable', 'image1.jpg', 619, '2021-06-22 09:57:56', '2021-06-22 09:57:56', NULL),
(776, 'qui', 'Iure et et vitae excepturi ut ad.', 9, 'unavailable', 'image3.jpg', 408, '2021-06-22 09:57:56', '2021-06-22 09:57:56', NULL),
(777, 'ratione', 'Quia quasi explicabo dignissimos provident.', 9, 'unavailable', 'image1.jpg', 556, '2021-06-22 09:57:56', '2021-06-22 09:57:56', NULL),
(778, 'ut', 'Impedit iusto velit facere molestiae.', 8, 'available', 'image2.jpeg', 204, '2021-06-22 09:57:56', '2021-06-22 09:57:56', NULL),
(779, 'in', 'Laboriosam cumque id reprehenderit ut error.', 1, 'available', 'image1.jpg', 219, '2021-06-22 09:57:56', '2021-06-22 09:57:56', NULL),
(780, 'numquam', 'Rerum aspernatur incidunt in ab similique qui similique.', 9, 'unavailable', 'image3.jpg', 403, '2021-06-22 09:57:56', '2021-06-22 09:57:56', NULL),
(781, 'qui', 'Voluptatibus id tenetur veritatis modi odit. Nisi dolore qui aperiam maxime suscipit.', 6, 'available', 'image3.jpg', 241, '2021-06-22 09:57:56', '2021-06-22 09:57:56', NULL),
(782, 'voluptatibus', 'Officia aut ipsa nam aut ut doloremque quas. Laborum cum id dicta nihil.', 6, 'unavailable', 'image1.jpg', 496, '2021-06-22 09:57:56', '2021-06-22 09:57:56', NULL),
(783, 'accusantium', 'Laudantium quas asperiores possimus at consequatur. Odio quaerat quo dolorum.', 3, 'available', 'image1.jpg', 273, '2021-06-22 09:57:56', '2021-06-22 09:57:56', NULL),
(784, 'nobis', 'Unde corporis unde et ut ipsam.', 2, 'available', 'image2.jpeg', 162, '2021-06-22 09:57:56', '2021-06-22 09:57:56', NULL),
(785, 'deserunt', 'Neque doloribus doloremque cupiditate minima quia. Explicabo et vitae qui magnam.', 5, 'available', 'image1.jpg', 990, '2021-06-22 09:57:56', '2021-06-22 09:57:56', NULL),
(786, 'est', 'Possimus voluptatibus maiores nulla occaecati et similique magnam. Soluta fuga adipisci est ea.', 2, 'available', 'image3.jpg', 568, '2021-06-22 09:57:56', '2021-06-22 09:57:56', NULL),
(787, 'aliquid', 'Saepe aspernatur quia est distinctio qui occaecati nisi architecto.', 9, 'unavailable', 'image1.jpg', 758, '2021-06-22 09:57:56', '2021-06-22 09:57:56', NULL),
(788, 'et', 'Et quaerat reprehenderit fuga atque. Rerum praesentium aliquid dicta similique rem eligendi possimus.', 2, 'available', 'image3.jpg', 431, '2021-06-22 09:57:56', '2021-06-22 09:57:56', NULL),
(789, 'quibusdam', 'Suscipit asperiores repellendus enim nihil placeat temporibus. Voluptate quibusdam sint ratione sed.', 1, 'unavailable', 'image2.jpeg', 113, '2021-06-22 09:57:56', '2021-06-22 09:57:56', NULL),
(790, 'temporibus', 'Quis nihil sed asperiores omnis rerum consequatur.', 2, 'unavailable', 'image2.jpeg', 903, '2021-06-22 09:57:56', '2021-06-22 09:57:56', NULL),
(791, 'sapiente', 'Eos aut soluta et distinctio atque et odit. Dolorem facilis nihil cupiditate maiores velit.', 3, 'available', 'image2.jpeg', 814, '2021-06-22 09:57:56', '2021-06-22 09:57:56', NULL),
(792, 'expedita', 'Id error doloribus corporis quos temporibus temporibus tenetur. Quia quis commodi laborum qui aut vel ea nostrum.', 6, 'available', 'image2.jpeg', 813, '2021-06-22 09:57:56', '2021-06-22 09:57:56', NULL),
(793, 'at', 'Quisquam tempora sed et impedit non qui. A sed sed velit illum sint quod totam.', 6, 'available', 'image1.jpg', 884, '2021-06-22 09:57:56', '2021-06-22 09:57:56', NULL),
(794, 'est', 'Fuga eius velit ea ipsa accusantium sed quia nam.', 6, 'available', 'image3.jpg', 308, '2021-06-22 09:57:56', '2021-06-22 09:57:56', NULL),
(795, 'qui', 'Aut expedita aut et non maiores.', 3, 'unavailable', 'image3.jpg', 466, '2021-06-22 09:57:56', '2021-06-22 09:57:56', NULL),
(796, 'maiores', 'Aut qui natus et.', 2, 'available', 'image1.jpg', 338, '2021-06-22 09:57:56', '2021-06-22 09:57:56', NULL),
(797, 'laborum', 'Nihil sequi labore labore repellendus qui molestias ratione. Quia quibusdam tenetur et.', 10, 'unavailable', 'image1.jpg', 475, '2021-06-22 09:57:56', '2021-06-22 09:57:56', NULL),
(798, 'labore', 'Voluptatem eveniet sapiente incidunt repellat perspiciatis vel rem.', 3, 'available', 'image2.jpeg', 73, '2021-06-22 09:57:56', '2021-06-22 09:57:56', NULL),
(799, 'modi', 'Dolores dolorem vero et neque.', 1, 'unavailable', 'image1.jpg', 317, '2021-06-22 09:57:56', '2021-06-22 09:57:56', NULL),
(800, 'quasi', 'Animi aut totam sint quaerat debitis.', 5, 'available', 'image1.jpg', 170, '2021-06-22 09:57:56', '2021-06-22 09:57:56', NULL),
(801, 'maiores', 'Voluptate repellat consectetur ea deserunt.', 5, 'unavailable', 'image1.jpg', 979, '2021-06-22 09:57:56', '2021-06-22 09:57:56', NULL),
(802, 'aspernatur', 'Minima dolor dolores earum ea nulla.', 5, 'available', 'image1.jpg', 719, '2021-06-22 09:57:56', '2021-06-22 09:57:56', NULL),
(803, 'et', 'Et a non fuga nam.', 6, 'available', 'image1.jpg', 341, '2021-06-22 09:57:56', '2021-06-22 09:57:56', NULL),
(804, 'temporibus', 'Laudantium quisquam qui ipsa dolorem est assumenda eos.', 10, 'unavailable', 'image3.jpg', 853, '2021-06-22 09:57:56', '2021-06-22 09:57:56', NULL),
(805, 'non', 'Rerum et dicta facere at eos.', 2, 'unavailable', 'image2.jpeg', 440, '2021-06-22 09:57:56', '2021-06-22 09:57:56', NULL),
(806, 'inventore', 'Quae qui nisi sed ipsa illo voluptate id.', 10, 'available', 'image3.jpg', 230, '2021-06-22 09:57:56', '2021-06-22 09:57:56', NULL),
(807, 'adipisci', 'Deserunt odit porro qui ipsum aut eum.', 9, 'unavailable', 'image1.jpg', 536, '2021-06-22 09:57:56', '2021-06-22 09:57:56', NULL),
(808, 'et', 'Eum autem corrupti dolor consectetur recusandae et veniam. Voluptas eum assumenda sed qui.', 8, 'available', 'image1.jpg', 819, '2021-06-22 09:57:56', '2021-06-22 09:57:56', NULL),
(809, 'nemo', 'Fuga rem minima totam eius exercitationem necessitatibus placeat.', 7, 'unavailable', 'image3.jpg', 619, '2021-06-22 09:57:56', '2021-06-22 09:57:56', NULL),
(810, 'dolor', 'Hic deleniti debitis aut ut et quos aliquid.', 5, 'unavailable', 'image2.jpeg', 492, '2021-06-22 09:57:56', '2021-06-22 09:57:56', NULL),
(811, 'sed', 'Aperiam odit eveniet provident placeat occaecati. Molestias amet ex est eum velit ex voluptas.', 9, 'unavailable', 'image1.jpg', 529, '2021-06-22 09:57:56', '2021-06-22 09:57:56', NULL),
(812, 'cupiditate', 'Rerum voluptas nam ipsum dolor iusto.', 4, 'unavailable', 'image1.jpg', 113, '2021-06-22 09:57:56', '2021-06-22 09:57:56', NULL),
(813, 'distinctio', 'Nesciunt dignissimos vel debitis cum.', 10, 'unavailable', 'image3.jpg', 899, '2021-06-22 09:57:56', '2021-06-22 09:57:56', NULL),
(814, 'eos', 'Omnis vel autem officiis quisquam qui accusantium tempora. Consequatur voluptatem iste magni.', 10, 'unavailable', 'image3.jpg', 64, '2021-06-22 09:57:56', '2021-06-22 09:57:56', NULL),
(815, 'placeat', 'Voluptatem incidunt est est officiis dolor debitis. Natus eum sed ad minima porro.', 4, 'available', 'image2.jpeg', 417, '2021-06-22 09:57:56', '2021-06-22 09:57:56', NULL),
(816, 'ducimus', 'Qui et ab repellat perferendis eligendi ut reprehenderit voluptatem.', 6, 'unavailable', 'image3.jpg', 745, '2021-06-22 09:57:56', '2021-06-22 09:57:56', NULL),
(817, 'modi', 'Ut voluptate cumque labore id ullam qui excepturi vel.', 7, 'unavailable', 'image3.jpg', 251, '2021-06-22 09:57:56', '2021-06-22 09:57:56', NULL),
(818, 'voluptatem', 'Dignissimos maxime dolore non magni quas iste nihil velit.', 1, 'available', 'image3.jpg', 770, '2021-06-22 09:57:56', '2021-06-22 09:57:56', NULL),
(819, 'et', 'Quia voluptas error omnis quisquam voluptas et nostrum.', 1, 'unavailable', 'image3.jpg', 166, '2021-06-22 09:57:56', '2021-06-22 09:57:56', NULL),
(820, 'sit', 'Sunt et sunt nam non est facilis quasi. Accusantium dolorem nobis aspernatur sit aut laborum quidem.', 5, 'unavailable', 'image3.jpg', 863, '2021-06-22 09:57:56', '2021-06-22 09:57:56', NULL),
(821, 'explicabo', 'Eius voluptatum recusandae nihil voluptas rerum nihil debitis. Autem error non sequi deleniti reiciendis molestiae.', 9, 'available', 'image3.jpg', 901, '2021-06-22 09:57:56', '2021-06-22 09:57:56', NULL),
(822, 'et', 'Voluptas assumenda autem porro aliquam sed incidunt. Modi qui rerum aut ut perferendis.', 5, 'available', 'image3.jpg', 233, '2021-06-22 09:57:56', '2021-06-22 09:57:56', NULL),
(823, 'deserunt', 'Officiis reprehenderit dolorem laboriosam modi odio.', 10, 'unavailable', 'image2.jpeg', 433, '2021-06-22 09:57:56', '2021-06-22 09:57:56', NULL),
(824, 'voluptas', 'Ad vero nemo aut fuga animi. Nihil dicta qui ipsa modi dolorem.', 6, 'unavailable', 'image3.jpg', 855, '2021-06-22 09:57:56', '2021-06-22 09:57:56', NULL),
(825, 'exercitationem', 'Iure accusamus harum sit corporis similique facere. Exercitationem ut blanditiis deleniti quo.', 5, 'unavailable', 'image2.jpeg', 849, '2021-06-22 09:57:56', '2021-06-22 09:57:56', NULL),
(826, 'eius', 'Voluptatibus et quia deleniti qui sit praesentium qui amet.', 6, 'available', 'image1.jpg', 256, '2021-06-22 09:57:56', '2021-06-22 09:57:56', NULL),
(827, 'quisquam', 'Dolore nemo asperiores quos iste nihil quod.', 5, 'unavailable', 'image1.jpg', 573, '2021-06-22 09:57:56', '2021-06-22 09:57:56', NULL),
(828, 'excepturi', 'Sit voluptatem est in et.', 5, 'available', 'image2.jpeg', 637, '2021-06-22 09:57:56', '2021-06-22 09:57:56', NULL),
(829, 'laudantium', 'Sint quia dolore dolores eos laudantium.', 6, 'available', 'image3.jpg', 460, '2021-06-22 09:57:56', '2021-06-22 09:57:56', NULL),
(830, 'labore', 'Asperiores optio deserunt suscipit corrupti pariatur velit adipisci. Fugit omnis sint blanditiis aut et eum.', 3, 'available', 'image2.jpeg', 857, '2021-06-22 09:57:56', '2021-06-22 09:57:56', NULL),
(831, 'consequatur', 'Facilis in autem omnis ea est laborum. Aperiam quam possimus fugiat voluptas ratione.', 2, 'available', 'image3.jpg', 406, '2021-06-22 09:57:56', '2021-06-22 09:57:56', NULL),
(832, 'a', 'Voluptatem rerum rerum debitis aut distinctio.', 6, 'unavailable', 'image1.jpg', 280, '2021-06-22 09:57:56', '2021-06-22 09:57:56', NULL),
(833, 'eum', 'Reiciendis aut placeat repudiandae sed quisquam aut non.', 10, 'available', 'image1.jpg', 541, '2021-06-22 09:57:56', '2021-06-22 09:57:56', NULL),
(834, 'labore', 'Ullam et explicabo eius vel ut mollitia.', 7, 'unavailable', 'image2.jpeg', 367, '2021-06-22 09:57:56', '2021-06-22 09:57:56', NULL),
(835, 'praesentium', 'Quas molestias asperiores fuga voluptate optio neque aut eum. Et perferendis et laboriosam quaerat.', 5, 'available', 'image2.jpeg', 246, '2021-06-22 09:57:56', '2021-06-22 09:57:56', NULL),
(836, 'quia', 'Aut voluptates voluptate eius non sit ratione. Quae voluptas laborum et tenetur iste.', 1, 'available', 'image1.jpg', 227, '2021-06-22 09:57:56', '2021-06-22 09:57:56', NULL),
(837, 'sed', 'Vitae quia rem aut ipsam quibusdam sit sint.', 8, 'available', 'image3.jpg', 417, '2021-06-22 09:57:56', '2021-06-22 09:57:56', NULL),
(838, 'sint', 'Molestias qui accusamus unde nulla ipsum dolorum debitis.', 8, 'available', 'image3.jpg', 132, '2021-06-22 09:57:56', '2021-06-22 09:57:56', NULL),
(839, 'facere', 'Voluptates et natus exercitationem alias et eos. Natus eveniet dicta sit itaque ea ratione repellendus.', 7, 'unavailable', 'image3.jpg', 982, '2021-06-22 09:57:56', '2021-06-22 09:57:56', NULL),
(840, 'ut', 'Quo vero consequatur maiores delectus. Eligendi accusamus dolor nostrum nam nesciunt cupiditate.', 1, 'unavailable', 'image3.jpg', 905, '2021-06-22 09:57:56', '2021-06-22 09:57:56', NULL),
(841, 'similique', 'Ab id reiciendis adipisci consequatur similique odit sequi quis. Dolorem rem id nemo quia atque error consequatur.', 7, 'unavailable', 'image3.jpg', 950, '2021-06-22 09:57:56', '2021-06-22 09:57:56', NULL),
(842, 'illum', 'Ipsum expedita fugiat maiores unde eaque eum rerum adipisci.', 1, 'available', 'image1.jpg', 729, '2021-06-22 09:57:56', '2021-06-22 09:57:56', NULL),
(843, 'sed', 'Ea quibusdam ea maxime. Autem excepturi ut rerum voluptatum quia voluptates.', 8, 'unavailable', 'image1.jpg', 247, '2021-06-22 09:57:56', '2021-06-22 09:57:56', NULL),
(844, 'in', 'Neque molestias id cumque consequuntur. Harum quo earum voluptatum magni qui sunt.', 6, 'unavailable', 'image3.jpg', 95, '2021-06-22 09:57:56', '2021-06-22 09:57:56', NULL),
(845, 'repudiandae', 'Minus laudantium et mollitia illum maxime voluptas.', 6, 'unavailable', 'image1.jpg', 676, '2021-06-22 09:57:56', '2021-06-22 09:57:56', NULL),
(846, 'odio', 'Dignissimos consectetur suscipit neque ab repellat.', 6, 'available', 'image1.jpg', 361, '2021-06-22 09:57:56', '2021-06-22 09:57:56', NULL),
(847, 'vel', 'Deserunt nobis ut tenetur pariatur tempora. Error recusandae mollitia dolores ut voluptatem.', 8, 'available', 'image1.jpg', 955, '2021-06-22 09:57:56', '2021-06-22 09:57:56', NULL),
(848, 'quasi', 'Molestias repellendus ratione facilis et labore aut at error.', 8, 'available', 'image1.jpg', 642, '2021-06-22 09:57:56', '2021-06-22 09:57:56', NULL),
(849, 'et', 'Id accusantium eos natus nesciunt voluptas quos itaque rerum. Cumque perferendis quaerat aut.', 5, 'unavailable', 'image1.jpg', 222, '2021-06-22 09:57:56', '2021-06-22 09:57:56', NULL),
(850, 'qui', 'Aperiam rerum adipisci vel repellendus distinctio. Reprehenderit quisquam quas ut voluptatem.', 9, 'unavailable', 'image3.jpg', 380, '2021-06-22 09:57:56', '2021-06-22 09:57:56', NULL),
(851, 'dolores', 'At magni pariatur iure sequi distinctio earum. Ad fuga consequuntur nihil adipisci id.', 1, 'available', 'image2.jpeg', 590, '2021-06-22 09:57:56', '2021-06-22 09:57:56', NULL),
(852, 'unde', 'Earum et nulla repellendus dolore velit maxime quo. Inventore laudantium ut dignissimos sed doloremque nemo.', 6, 'available', 'image3.jpg', 254, '2021-06-22 09:57:56', '2021-06-22 09:57:56', NULL),
(853, 'numquam', 'Pariatur voluptatum optio incidunt magni sed voluptate molestias.', 8, 'unavailable', 'image2.jpeg', 19, '2021-06-22 09:57:56', '2021-06-22 09:57:56', NULL),
(854, 'perferendis', 'Ea velit quia ut voluptas adipisci numquam. Ut est temporibus voluptas expedita sint doloremque.', 5, 'available', 'image3.jpg', 564, '2021-06-22 09:57:56', '2021-06-22 09:57:56', NULL),
(855, 'natus', 'Quod sed blanditiis temporibus repellat et sit.', 1, 'unavailable', 'image2.jpeg', 942, '2021-06-22 09:57:56', '2021-06-22 09:57:56', NULL),
(856, 'suscipit', 'Consequatur nulla qui doloremque quisquam ut earum. Nihil omnis id odio optio.', 1, 'available', 'image3.jpg', 786, '2021-06-22 09:57:56', '2021-06-22 09:57:56', NULL),
(857, 'dolorem', 'Veritatis fuga rerum numquam maxime cupiditate pariatur temporibus hic. Officiis eveniet qui enim adipisci suscipit aut assumenda rem.', 1, 'unavailable', 'image1.jpg', 552, '2021-06-22 09:57:56', '2021-06-22 09:57:56', NULL),
(858, 'pariatur', 'Dicta nihil nostrum quis magni quia.', 8, 'available', 'image2.jpeg', 7, '2021-06-22 09:57:56', '2021-06-22 09:57:56', NULL);
INSERT INTO `products` (`id`, `name`, `description`, `quantity`, `status`, `image`, `seller_id`, `created_at`, `updated_at`, `deleted_at`) VALUES
(859, 'architecto', 'Consequatur assumenda cumque ut sunt possimus fugiat. Modi voluptatibus quis natus amet unde porro ratione.', 3, 'unavailable', 'image1.jpg', 594, '2021-06-22 09:57:56', '2021-06-22 09:57:56', NULL),
(860, 'impedit', 'Nisi tenetur est dolorum nihil ut vel debitis nam. Harum assumenda velit excepturi quibusdam nesciunt odio est non.', 6, 'available', 'image1.jpg', 448, '2021-06-22 09:57:56', '2021-06-22 09:57:56', NULL),
(861, 'quia', 'Vitae est officia similique quis nihil tempore nisi.', 3, 'unavailable', 'image1.jpg', 870, '2021-06-22 09:57:56', '2021-06-22 09:57:56', NULL),
(862, 'voluptas', 'Similique rerum perferendis labore nesciunt commodi est quae. Est ut soluta ut unde provident earum.', 10, 'available', 'image1.jpg', 842, '2021-06-22 09:57:56', '2021-06-22 09:57:56', NULL),
(863, 'et', 'Possimus illo similique sit quis. Voluptatem repellat laudantium hic voluptates qui.', 2, 'unavailable', 'image3.jpg', 505, '2021-06-22 09:57:56', '2021-06-22 09:57:56', NULL),
(864, 'enim', 'Eos eaque sunt tempore et est sed. Culpa non occaecati hic optio facilis voluptatibus.', 9, 'available', 'image1.jpg', 155, '2021-06-22 09:57:57', '2021-06-22 09:57:57', NULL),
(865, 'sunt', 'Ut eveniet repellat unde et aut non dolore.', 9, 'unavailable', 'image1.jpg', 538, '2021-06-22 09:57:57', '2021-06-22 09:57:57', NULL),
(866, 'et', 'Est quam aperiam magni suscipit incidunt vel ipsam et.', 6, 'unavailable', 'image3.jpg', 291, '2021-06-22 09:57:57', '2021-06-22 09:57:57', NULL),
(867, 'sit', 'Voluptatem odio eveniet necessitatibus nam enim soluta voluptas. Et in vel cupiditate id qui ea et.', 4, 'unavailable', 'image2.jpeg', 595, '2021-06-22 09:57:57', '2021-06-22 09:57:57', NULL),
(868, 'vel', 'Qui ipsa sed explicabo minus corporis aut qui.', 7, 'unavailable', 'image2.jpeg', 760, '2021-06-22 09:57:57', '2021-06-22 09:57:57', NULL),
(869, 'quis', 'Ratione est odit voluptatum labore.', 8, 'unavailable', 'image2.jpeg', 801, '2021-06-22 09:57:57', '2021-06-22 09:57:57', NULL),
(870, 'sint', 'Deleniti voluptas est dicta vitae et.', 6, 'unavailable', 'image3.jpg', 64, '2021-06-22 09:57:57', '2021-06-22 09:57:57', NULL),
(871, 'et', 'Molestiae consequatur dicta fuga eum fuga beatae in.', 7, 'available', 'image2.jpeg', 767, '2021-06-22 09:57:57', '2021-06-22 09:57:57', NULL),
(872, 'veniam', 'Ut et quisquam omnis omnis temporibus sit sapiente. Quaerat deleniti accusantium et quas ut reiciendis quis.', 6, 'available', 'image1.jpg', 587, '2021-06-22 09:57:57', '2021-06-22 09:57:57', NULL),
(873, 'eum', 'Ut nostrum perferendis repudiandae perferendis molestiae illo nihil recusandae.', 10, 'available', 'image2.jpeg', 428, '2021-06-22 09:57:57', '2021-06-22 09:57:57', NULL),
(874, 'provident', 'Cupiditate sit harum similique recusandae. Eos voluptatem ea voluptatum quo.', 9, 'unavailable', 'image2.jpeg', 232, '2021-06-22 09:57:57', '2021-06-22 09:57:57', NULL),
(875, 'quae', 'Et vel qui et soluta minus. Optio et et aut necessitatibus exercitationem minima neque alias.', 8, 'available', 'image3.jpg', 204, '2021-06-22 09:57:57', '2021-06-22 09:57:57', NULL),
(876, 'voluptas', 'Consectetur quidem exercitationem sit quaerat omnis similique. Cumque qui at pariatur nulla doloremque quas dolor vel.', 4, 'available', 'image2.jpeg', 404, '2021-06-22 09:57:57', '2021-06-22 09:57:57', NULL),
(877, 'ratione', 'Quia quaerat vel accusantium libero.', 9, 'unavailable', 'image3.jpg', 134, '2021-06-22 09:57:57', '2021-06-22 09:57:57', NULL),
(878, 'nam', 'Nihil non voluptas eos nisi voluptatem.', 9, 'unavailable', 'image2.jpeg', 456, '2021-06-22 09:57:57', '2021-06-22 09:57:57', NULL),
(879, 'dignissimos', 'Quidem sed deserunt rerum voluptatum et dolorem corrupti delectus.', 1, 'unavailable', 'image2.jpeg', 847, '2021-06-22 09:57:57', '2021-06-22 09:57:57', NULL),
(880, 'nostrum', 'Dolorem ullam ipsam aspernatur quia modi ipsam rerum animi.', 9, 'available', 'image2.jpeg', 133, '2021-06-22 09:57:57', '2021-06-22 09:57:57', NULL),
(881, 'velit', 'Aut et eveniet id facilis vel quia ab necessitatibus.', 10, 'unavailable', 'image3.jpg', 790, '2021-06-22 09:57:57', '2021-06-22 09:57:57', NULL),
(882, 'nostrum', 'Assumenda repellat sunt hic. Incidunt sed quia numquam saepe consequuntur consequatur.', 5, 'unavailable', 'image3.jpg', 763, '2021-06-22 09:57:57', '2021-06-22 09:57:57', NULL),
(883, 'ullam', 'Porro non in excepturi repudiandae. Officiis fugit dolores quos odit non rerum.', 3, 'unavailable', 'image1.jpg', 988, '2021-06-22 09:57:57', '2021-06-22 09:57:57', NULL),
(884, 'ut', 'Occaecati molestiae eos voluptatum. Est in voluptatem quae nobis sint.', 2, 'unavailable', 'image2.jpeg', 158, '2021-06-22 09:57:57', '2021-06-22 09:57:57', NULL),
(885, 'facere', 'Nostrum dolor expedita aut optio.', 9, 'available', 'image2.jpeg', 577, '2021-06-22 09:57:57', '2021-06-22 09:57:57', NULL),
(886, 'quibusdam', 'Quam est amet rerum et. Quis perspiciatis animi ea nesciunt.', 5, 'available', 'image2.jpeg', 513, '2021-06-22 09:57:57', '2021-06-22 09:57:57', NULL),
(887, 'inventore', 'Quibusdam qui voluptatem commodi aperiam aut.', 3, 'unavailable', 'image3.jpg', 21, '2021-06-22 09:57:57', '2021-06-22 09:57:57', NULL),
(888, 'sit', 'Sit numquam eaque vel voluptatum exercitationem illum.', 4, 'unavailable', 'image3.jpg', 252, '2021-06-22 09:57:57', '2021-06-22 09:57:57', NULL),
(889, 'sit', 'Sunt iure deleniti error et repellat. Non id rerum molestiae nemo culpa quis.', 3, 'unavailable', 'image3.jpg', 447, '2021-06-22 09:57:57', '2021-06-22 09:57:57', NULL),
(890, 'est', 'Molestiae et aut quis odio est. Exercitationem voluptas qui sequi ipsam quaerat.', 5, 'unavailable', 'image2.jpeg', 628, '2021-06-22 09:57:57', '2021-06-22 09:57:57', NULL),
(891, 'magni', 'Ab voluptate aliquid possimus quia explicabo.', 2, 'unavailable', 'image2.jpeg', 70, '2021-06-22 09:57:57', '2021-06-22 09:57:57', NULL),
(892, 'at', 'Asperiores aliquam accusantium excepturi pariatur minus sed. Aut blanditiis qui esse id nobis.', 8, 'available', 'image3.jpg', 210, '2021-06-22 09:57:57', '2021-06-22 09:57:57', NULL),
(893, 'mollitia', 'Asperiores aut impedit quibusdam omnis. Id fuga quasi recusandae non laudantium.', 9, 'unavailable', 'image1.jpg', 454, '2021-06-22 09:57:57', '2021-06-22 09:57:57', NULL),
(894, 'consequuntur', 'Repudiandae qui est voluptate.', 5, 'unavailable', 'image1.jpg', 474, '2021-06-22 09:57:57', '2021-06-22 09:57:57', NULL),
(895, 'fugiat', 'Similique sunt vero blanditiis sint neque cumque officia.', 1, 'unavailable', 'image3.jpg', 103, '2021-06-22 09:57:57', '2021-06-22 09:57:57', NULL),
(896, 'illum', 'Quidem reprehenderit quam quibusdam sequi voluptas architecto et maiores. Eos in autem non et.', 3, 'unavailable', 'image1.jpg', 581, '2021-06-22 09:57:57', '2021-06-22 09:57:57', NULL),
(897, 'eos', 'Magnam ea dolorem quaerat impedit rerum maiores aut.', 10, 'available', 'image3.jpg', 593, '2021-06-22 09:57:57', '2021-06-22 09:57:57', NULL),
(898, 'voluptate', 'Mollitia iusto ut unde numquam dolorem. Vero sunt provident tenetur voluptatum.', 10, 'available', 'image1.jpg', 954, '2021-06-22 09:57:57', '2021-06-22 09:57:57', NULL),
(899, 'omnis', 'Repellat facilis et beatae praesentium.', 6, 'unavailable', 'image2.jpeg', 94, '2021-06-22 09:57:57', '2021-06-22 09:57:57', NULL),
(900, 'voluptas', 'Enim ad tenetur saepe deleniti consequatur dolore vitae dolore. Asperiores possimus quae recusandae animi vel id et.', 7, 'available', 'image1.jpg', 732, '2021-06-22 09:57:57', '2021-06-22 09:57:57', NULL),
(901, 'rerum', 'Dolorem autem recusandae voluptates architecto tempore at ratione. Hic voluptas mollitia tenetur earum et id.', 6, 'available', 'image1.jpg', 201, '2021-06-22 09:57:57', '2021-06-22 09:57:57', NULL),
(902, 'et', 'Rem cupiditate est vitae culpa non. Officiis laborum ut esse molestiae dicta sed exercitationem.', 4, 'unavailable', 'image3.jpg', 883, '2021-06-22 09:57:57', '2021-06-22 09:57:57', NULL),
(903, 'pariatur', 'Dolore dolorem molestiae et esse voluptatem alias quam.', 4, 'unavailable', 'image3.jpg', 158, '2021-06-22 09:57:57', '2021-06-22 09:57:57', NULL),
(904, 'sequi', 'Quaerat quaerat dignissimos est quidem tenetur delectus. At laborum debitis veniam.', 5, 'unavailable', 'image2.jpeg', 837, '2021-06-22 09:57:57', '2021-06-22 09:57:57', NULL),
(905, 'maiores', 'Saepe nemo aspernatur optio nesciunt. Cupiditate quam nostrum doloribus omnis praesentium perferendis rerum.', 6, 'unavailable', 'image3.jpg', 388, '2021-06-22 09:57:57', '2021-06-22 09:57:57', NULL),
(906, 'ea', 'Et velit aut totam voluptatibus suscipit provident. Aut inventore expedita iure in quia.', 5, 'available', 'image2.jpeg', 176, '2021-06-22 09:57:57', '2021-06-22 09:57:57', NULL),
(907, 'qui', 'Sed et eius iste ut amet et sed aliquid. Sed aliquid quidem nisi quia consequatur laudantium quia.', 2, 'available', 'image1.jpg', 33, '2021-06-22 09:57:57', '2021-06-22 09:57:57', NULL),
(908, 'quia', 'Ab alias adipisci consequatur sunt omnis. Iusto cupiditate architecto molestiae aperiam beatae quo voluptatibus.', 8, 'available', 'image3.jpg', 906, '2021-06-22 09:57:57', '2021-06-22 09:57:57', NULL),
(909, 'ut', 'Aut rerum odio est facilis atque et veritatis. Recusandae deserunt fuga rem accusamus labore nihil.', 2, 'unavailable', 'image1.jpg', 295, '2021-06-22 09:57:57', '2021-06-22 09:57:57', NULL),
(910, 'est', 'Provident consequatur suscipit sed ipsam sit inventore delectus voluptatem. Ut sed est libero ipsa natus.', 5, 'available', 'image1.jpg', 741, '2021-06-22 09:57:57', '2021-06-22 09:57:57', NULL),
(911, 'delectus', 'Consequatur animi et rerum nesciunt praesentium dolor. Dignissimos molestiae aut assumenda cum qui molestiae.', 10, 'unavailable', 'image2.jpeg', 474, '2021-06-22 09:57:57', '2021-06-22 09:57:57', NULL),
(912, 'voluptate', 'Iusto placeat nisi nihil commodi.', 2, 'unavailable', 'image3.jpg', 59, '2021-06-22 09:57:57', '2021-06-22 09:57:57', NULL),
(913, 'quo', 'Dolores at distinctio tempore et.', 4, 'unavailable', 'image2.jpeg', 243, '2021-06-22 09:57:57', '2021-06-22 09:57:57', NULL),
(914, 'iste', 'Voluptas quos aut iste veritatis voluptatum nihil consequatur. Dolores voluptates vitae veritatis atque ut.', 7, 'available', 'image1.jpg', 869, '2021-06-22 09:57:57', '2021-06-22 09:57:57', NULL),
(915, 'perferendis', 'Ipsam ex accusamus id consequatur ex vitae qui. Laboriosam illo sed optio velit qui qui culpa.', 8, 'unavailable', 'image1.jpg', 380, '2021-06-22 09:57:57', '2021-06-22 09:57:57', NULL),
(916, 'ipsa', 'Architecto ipsum et soluta voluptas.', 10, 'unavailable', 'image1.jpg', 203, '2021-06-22 09:57:57', '2021-06-22 09:57:57', NULL),
(917, 'amet', 'Ut non molestiae exercitationem reiciendis id debitis neque.', 3, 'available', 'image3.jpg', 271, '2021-06-22 09:57:57', '2021-06-22 09:57:57', NULL),
(918, 'fugit', 'Animi at omnis necessitatibus doloribus at.', 2, 'unavailable', 'image2.jpeg', 43, '2021-06-22 09:57:57', '2021-06-22 09:57:57', NULL),
(919, 'nihil', 'Pariatur ipsam vero amet eveniet.', 2, 'unavailable', 'image2.jpeg', 7, '2021-06-22 09:57:57', '2021-06-22 09:57:57', NULL),
(920, 'et', 'Non enim ut omnis vitae in minus.', 2, 'unavailable', 'image3.jpg', 249, '2021-06-22 09:57:57', '2021-06-22 09:57:57', NULL),
(921, 'doloremque', 'Vel dolorum voluptates provident aspernatur rerum aspernatur neque. Et itaque est nihil.', 2, 'unavailable', 'image2.jpeg', 138, '2021-06-22 09:57:57', '2021-06-22 09:57:57', NULL),
(922, 'sapiente', 'Inventore voluptatem adipisci dolorum culpa et asperiores.', 10, 'available', 'image3.jpg', 831, '2021-06-22 09:57:57', '2021-06-22 09:57:57', NULL),
(923, 'id', 'Vero aspernatur nemo non maiores et.', 10, 'unavailable', 'image2.jpeg', 526, '2021-06-22 09:57:57', '2021-06-22 09:57:57', NULL),
(924, 'modi', 'Dolore itaque culpa dignissimos et.', 7, 'available', 'image3.jpg', 232, '2021-06-22 09:57:57', '2021-06-22 09:57:57', NULL),
(925, 'voluptatem', 'Eius suscipit hic totam pariatur possimus quia delectus. Eos in accusantium dolorum debitis perferendis libero totam.', 10, 'available', 'image3.jpg', 992, '2021-06-22 09:57:57', '2021-06-22 09:57:57', NULL),
(926, 'doloremque', 'Aspernatur ex neque reiciendis consequatur sint.', 2, 'available', 'image2.jpeg', 810, '2021-06-22 09:57:57', '2021-06-22 09:57:57', NULL),
(927, 'voluptatem', 'Sunt autem in repudiandae accusantium harum consequuntur.', 9, 'unavailable', 'image2.jpeg', 535, '2021-06-22 09:57:57', '2021-06-22 09:57:57', NULL),
(928, 'dolorum', 'Maiores iusto voluptatem sint veniam. Sequi maiores odit cum.', 2, 'available', 'image1.jpg', 600, '2021-06-22 09:57:57', '2021-06-22 09:57:57', NULL),
(929, 'saepe', 'Doloremque cupiditate error sit cumque.', 8, 'unavailable', 'image2.jpeg', 692, '2021-06-22 09:57:57', '2021-06-22 09:57:57', NULL),
(930, 'vel', 'A aliquid rerum dolorem dolorem in voluptatum voluptatem.', 2, 'unavailable', 'image1.jpg', 683, '2021-06-22 09:57:57', '2021-06-22 09:57:57', NULL),
(931, 'omnis', 'Dolor dolorem et aut totam nihil in repellendus. Cumque molestias voluptatum corrupti ut veniam.', 1, 'available', 'image3.jpg', 629, '2021-06-22 09:57:57', '2021-06-22 09:57:57', NULL),
(932, 'doloribus', 'Est pariatur ex quod error et.', 2, 'available', 'image2.jpeg', 463, '2021-06-22 09:57:57', '2021-06-22 09:57:57', NULL),
(933, 'vitae', 'Temporibus nisi omnis et voluptatem. Dolorem tenetur soluta eius consequatur enim vel.', 3, 'available', 'image3.jpg', 207, '2021-06-22 09:57:57', '2021-06-22 09:57:57', NULL),
(934, 'qui', 'Magnam fugiat et quia dignissimos recusandae enim dolorem. Et magnam qui vitae qui doloremque fuga fugit ipsum.', 10, 'unavailable', 'image2.jpeg', 358, '2021-06-22 09:57:57', '2021-06-22 09:57:57', NULL),
(935, 'assumenda', 'Ducimus eos nostrum tenetur omnis.', 8, 'unavailable', 'image3.jpg', 829, '2021-06-22 09:57:57', '2021-06-22 09:57:57', NULL),
(936, 'fugiat', 'Perferendis sit quisquam magni exercitationem.', 7, 'available', 'image2.jpeg', 3, '2021-06-22 09:57:57', '2021-06-22 09:57:57', NULL),
(937, 'dolorum', 'Recusandae maiores libero alias qui. Incidunt et odio beatae nulla.', 5, 'unavailable', 'image3.jpg', 749, '2021-06-22 09:57:57', '2021-06-22 09:57:57', NULL),
(938, 'et', 'Iusto et quasi laborum dolor dicta ipsam. Corporis rerum at autem facere sequi minus enim.', 8, 'unavailable', 'image1.jpg', 645, '2021-06-22 09:57:57', '2021-06-22 09:57:57', NULL),
(939, 'fugit', 'Ut consequatur quae officiis.', 9, 'unavailable', 'image3.jpg', 857, '2021-06-22 09:57:57', '2021-06-22 09:57:57', NULL),
(940, 'est', 'Cumque maiores accusantium voluptates ut perspiciatis sit. Autem doloremque nostrum et est.', 10, 'unavailable', 'image2.jpeg', 197, '2021-06-22 09:57:57', '2021-06-22 09:57:57', NULL),
(941, 'qui', 'Quis nobis cumque adipisci quibusdam necessitatibus dignissimos.', 9, 'available', 'image2.jpeg', 266, '2021-06-22 09:57:57', '2021-06-22 09:57:57', NULL),
(942, 'saepe', 'Tempore dicta a occaecati aut incidunt ea beatae ratione.', 5, 'unavailable', 'image2.jpeg', 101, '2021-06-22 09:57:57', '2021-06-22 09:57:57', NULL),
(943, 'similique', 'Saepe quo qui tempore nostrum. Et labore soluta nesciunt.', 7, 'available', 'image2.jpeg', 76, '2021-06-22 09:57:57', '2021-06-22 09:57:57', NULL),
(944, 'tenetur', 'Expedita voluptates inventore reiciendis aut.', 6, 'available', 'image3.jpg', 670, '2021-06-22 09:57:57', '2021-06-22 09:57:57', NULL),
(945, 'minima', 'Illum aperiam doloribus sapiente voluptates.', 10, 'unavailable', 'image1.jpg', 948, '2021-06-22 09:57:57', '2021-06-22 09:57:57', NULL),
(946, 'voluptas', 'Consequatur odit dolore eligendi molestiae error alias. Molestiae architecto nemo aperiam alias dignissimos.', 2, 'available', 'image2.jpeg', 750, '2021-06-22 09:57:57', '2021-06-22 09:57:57', NULL),
(947, 'quis', 'Adipisci officia pariatur deleniti delectus.', 8, 'available', 'image3.jpg', 453, '2021-06-22 09:57:58', '2021-06-22 09:57:58', NULL),
(948, 'ab', 'Ad exercitationem et rerum error debitis voluptatibus reiciendis. Deleniti fugiat enim itaque nam vitae.', 2, 'available', 'image2.jpeg', 890, '2021-06-22 09:57:58', '2021-06-22 09:57:58', NULL),
(949, 'magnam', 'Qui voluptas maxime dolore quia eum amet. Fugiat doloremque praesentium debitis commodi nulla necessitatibus.', 8, 'available', 'image2.jpeg', 358, '2021-06-22 09:57:58', '2021-06-22 09:57:58', NULL),
(950, 'et', 'Sit commodi dignissimos sit illum quasi. Dolor porro accusamus nesciunt placeat rem et provident.', 3, 'available', 'image1.jpg', 965, '2021-06-22 09:57:58', '2021-06-22 09:57:58', NULL),
(951, 'similique', 'Est quia voluptatem saepe pariatur eius hic maiores. Quis cumque est aut eos.', 2, 'unavailable', 'image3.jpg', 171, '2021-06-22 09:57:58', '2021-06-22 09:57:58', NULL),
(952, 'facilis', 'Enim qui odio blanditiis sit aliquam molestias in.', 8, 'available', 'image2.jpeg', 472, '2021-06-22 09:57:58', '2021-06-22 09:57:58', NULL),
(953, 'expedita', 'Omnis delectus omnis est quia necessitatibus non asperiores. Aut mollitia saepe sed accusamus.', 8, 'available', 'image1.jpg', 449, '2021-06-22 09:57:58', '2021-06-22 09:57:58', NULL),
(954, 'laborum', 'Neque debitis blanditiis sapiente sapiente delectus sit officiis iusto. Corrupti quam dolor modi aut.', 7, 'unavailable', 'image3.jpg', 400, '2021-06-22 09:57:58', '2021-06-22 09:57:58', NULL),
(955, 'sapiente', 'Est ab quidem ipsam ipsum. Ex temporibus doloremque facilis aspernatur qui odit eius.', 1, 'unavailable', 'image2.jpeg', 896, '2021-06-22 09:57:58', '2021-06-22 09:57:58', NULL),
(956, 'rem', 'Voluptatum qui odit aut consequatur optio ut. Hic at corrupti voluptas et.', 9, 'available', 'image3.jpg', 608, '2021-06-22 09:57:58', '2021-06-22 09:57:58', NULL),
(957, 'voluptatem', 'Nostrum est voluptatem hic voluptas debitis aspernatur. Maiores harum rerum error.', 1, 'available', 'image2.jpeg', 655, '2021-06-22 09:57:58', '2021-06-22 09:57:58', NULL),
(958, 'commodi', 'Exercitationem aperiam quia et porro vitae. Aut enim ut neque doloribus officiis et.', 5, 'unavailable', 'image1.jpg', 253, '2021-06-22 09:57:58', '2021-06-22 09:57:58', NULL),
(959, 'repellat', 'Quos sit rerum incidunt.', 7, 'available', 'image2.jpeg', 43, '2021-06-22 09:57:58', '2021-06-22 09:57:58', NULL),
(960, 'similique', 'Iusto perferendis voluptatem itaque voluptatem sed.', 5, 'available', 'image2.jpeg', 613, '2021-06-22 09:57:58', '2021-06-22 09:57:58', NULL),
(961, 'ad', 'Ea omnis atque sed eos provident molestiae eaque. Et aut ipsam voluptas quo quasi rerum qui est.', 2, 'unavailable', 'image3.jpg', 637, '2021-06-22 09:57:58', '2021-06-22 09:57:58', NULL),
(962, 'quis', 'Voluptatem temporibus saepe reprehenderit distinctio aliquid et sed. Magnam alias rem facilis.', 5, 'unavailable', 'image2.jpeg', 238, '2021-06-22 09:57:58', '2021-06-22 09:57:58', NULL),
(963, 'consequatur', 'Odit voluptas mollitia corporis maxime fugiat vel vel. Autem doloribus est blanditiis itaque quidem iure.', 5, 'available', 'image3.jpg', 145, '2021-06-22 09:57:58', '2021-06-22 09:57:58', NULL),
(964, 'facere', 'Ad dolorem ea dolor ut provident. Repellat adipisci ullam mollitia similique tempora doloribus fugit architecto.', 10, 'available', 'image2.jpeg', 496, '2021-06-22 09:57:58', '2021-06-22 09:57:58', NULL),
(965, 'voluptas', 'Rerum beatae ipsa labore expedita natus.', 3, 'available', 'image3.jpg', 286, '2021-06-22 09:57:58', '2021-06-22 09:57:58', NULL),
(966, 'sit', 'Nemo pariatur sed molestias expedita consequatur minus.', 7, 'unavailable', 'image1.jpg', 742, '2021-06-22 09:57:58', '2021-06-22 09:57:58', NULL),
(967, 'asperiores', 'Corrupti voluptas in nulla id velit quis. Ad dolorem vero qui tenetur consequatur.', 6, 'unavailable', 'image2.jpeg', 537, '2021-06-22 09:57:58', '2021-06-22 09:57:58', NULL),
(968, 'aut', 'Deleniti minus fugiat modi rerum et. Qui voluptatibus fugiat optio quo explicabo omnis.', 9, 'available', 'image1.jpg', 879, '2021-06-22 09:57:58', '2021-06-22 09:57:58', NULL),
(969, 'qui', 'Asperiores recusandae sint quis vero ut.', 7, 'available', 'image1.jpg', 70, '2021-06-22 09:57:58', '2021-06-22 09:57:58', NULL),
(970, 'animi', 'Autem error accusamus repellendus optio sapiente qui totam. Totam alias voluptatem nisi et voluptas.', 4, 'available', 'image3.jpg', 860, '2021-06-22 09:57:58', '2021-06-22 09:57:58', NULL),
(971, 'occaecati', 'Cumque quos rerum sapiente sapiente.', 8, 'unavailable', 'image3.jpg', 738, '2021-06-22 09:57:58', '2021-06-22 09:57:58', NULL),
(972, 'occaecati', 'Culpa voluptatem assumenda ex quia quibusdam et culpa.', 4, 'unavailable', 'image2.jpeg', 465, '2021-06-22 09:57:58', '2021-06-22 09:57:58', NULL),
(973, 'recusandae', 'Et sint ipsam culpa eaque eos neque.', 1, 'available', 'image1.jpg', 92, '2021-06-22 09:57:58', '2021-06-22 09:57:58', NULL),
(974, 'aut', 'Dicta adipisci aut distinctio rem natus dolor saepe quisquam. Ad consectetur maiores distinctio dolorem facilis et doloremque.', 5, 'available', 'image1.jpg', 439, '2021-06-22 09:57:58', '2021-06-22 09:57:58', NULL),
(975, 'aliquid', 'Ex numquam beatae sequi rerum distinctio quia sint est.', 2, 'available', 'image3.jpg', 598, '2021-06-22 09:57:58', '2021-06-22 09:57:58', NULL),
(976, 'accusamus', 'Dolorum quo odio aut voluptatem consequatur tenetur odit.', 4, 'unavailable', 'image3.jpg', 43, '2021-06-22 09:57:58', '2021-06-22 09:57:58', NULL),
(977, 'ipsa', 'Impedit nemo sit voluptates. Iusto in exercitationem nihil et veritatis veniam.', 1, 'unavailable', 'image1.jpg', 934, '2021-06-22 09:57:58', '2021-06-22 09:57:58', NULL),
(978, 'sunt', 'Ducimus illum consequatur quo nisi facere sunt iste. Dolorum architecto aliquam maiores est.', 3, 'unavailable', 'image1.jpg', 662, '2021-06-22 09:57:58', '2021-06-22 09:57:58', NULL),
(979, 'numquam', 'Praesentium quis similique est. Perferendis iure aperiam ipsum voluptas vitae.', 9, 'unavailable', 'image1.jpg', 256, '2021-06-22 09:57:58', '2021-06-22 09:57:58', NULL),
(980, 'quia', 'Ut voluptas qui blanditiis aliquid aperiam sequi.', 10, 'unavailable', 'image2.jpeg', 358, '2021-06-22 09:57:58', '2021-06-22 09:57:58', NULL),
(981, 'ut', 'Adipisci quia corporis odio rerum corporis nihil error.', 9, 'unavailable', 'image3.jpg', 90, '2021-06-22 09:57:58', '2021-06-22 09:57:58', NULL),
(982, 'consequatur', 'Quidem eveniet perferendis earum ea. Facilis deserunt adipisci facilis ipsum et deserunt quos.', 10, 'unavailable', 'image2.jpeg', 658, '2021-06-22 09:57:58', '2021-06-22 09:57:58', NULL),
(983, 'officiis', 'Voluptates enim animi aut minus debitis ut.', 8, 'unavailable', 'image1.jpg', 331, '2021-06-22 09:57:58', '2021-06-22 09:57:58', NULL),
(984, 'ex', 'Eum totam cumque totam.', 5, 'available', 'image1.jpg', 542, '2021-06-22 09:57:58', '2021-06-22 09:57:58', NULL),
(985, 'beatae', 'Aut totam reprehenderit omnis et.', 5, 'available', 'image2.jpeg', 307, '2021-06-22 09:57:58', '2021-06-22 09:57:58', NULL),
(986, 'quis', 'Voluptatem deserunt veritatis odio aut sint et. Dolorum eligendi nihil sit numquam quis qui.', 8, 'available', 'image2.jpeg', 823, '2021-06-22 09:57:58', '2021-06-22 09:57:58', NULL),
(987, 'ratione', 'Consequatur cumque minima sunt dicta recusandae similique. Sapiente iusto alias soluta quidem voluptas accusamus ab.', 1, 'unavailable', 'image3.jpg', 474, '2021-06-22 09:57:58', '2021-06-22 09:57:58', NULL),
(988, 'expedita', 'Consectetur tenetur fuga voluptates non officiis. Quis rerum libero quis et voluptas sit itaque.', 6, 'available', 'image2.jpeg', 969, '2021-06-22 09:57:58', '2021-06-22 09:57:58', NULL),
(989, 'voluptatum', 'Eos debitis harum repudiandae commodi.', 3, 'unavailable', 'image3.jpg', 669, '2021-06-22 09:57:58', '2021-06-22 09:57:58', NULL),
(990, 'delectus', 'Sed doloremque sit corporis excepturi repellendus.', 1, 'unavailable', 'image2.jpeg', 615, '2021-06-22 09:57:58', '2021-06-22 09:57:58', NULL),
(991, 'similique', 'Tempora recusandae tempore dolorem vitae amet doloremque ad.', 4, 'unavailable', 'image1.jpg', 7, '2021-06-22 09:57:58', '2021-06-22 09:57:58', NULL),
(992, 'aliquid', 'Quod porro asperiores mollitia accusamus porro. Consectetur quia explicabo accusamus illum tenetur.', 1, 'unavailable', 'image1.jpg', 889, '2021-06-22 09:57:58', '2021-06-22 09:57:58', NULL),
(993, 'ut', 'Est quia aut reiciendis dolorem aut necessitatibus necessitatibus. Ut maiores eveniet natus commodi aut et.', 8, 'available', 'image1.jpg', 228, '2021-06-22 09:57:58', '2021-06-22 09:57:58', NULL),
(994, 'quidem', 'Molestias fuga sunt fugiat pariatur autem. Eos nulla qui dolorem.', 5, 'unavailable', 'image1.jpg', 717, '2021-06-22 09:57:58', '2021-06-22 09:57:58', NULL),
(995, 'molestiae', 'Dolorem dolores aperiam minima aut deleniti velit neque. Similique cupiditate earum sapiente quo.', 3, 'available', 'image3.jpg', 317, '2021-06-22 09:57:58', '2021-06-22 09:57:58', NULL),
(996, 'ut', 'Doloribus autem blanditiis id qui corrupti sit dolor. Enim ea quo fuga molestiae perferendis.', 5, 'unavailable', 'image1.jpg', 57, '2021-06-22 09:57:58', '2021-06-22 09:57:58', NULL),
(997, 'natus', 'Et velit voluptas molestiae velit quasi.', 10, 'available', 'image2.jpeg', 384, '2021-06-22 09:57:58', '2021-06-22 09:57:58', NULL),
(998, 'reprehenderit', 'Sequi et id facere. Qui asperiores aut id aut accusamus blanditiis ut et.', 10, 'available', 'image1.jpg', 380, '2021-06-22 09:57:58', '2021-06-22 09:57:58', NULL),
(999, 'qui', 'Perferendis beatae consequatur nostrum saepe quo harum. Molestias excepturi debitis quae dicta et ducimus molestias deleniti.', 1, 'available', 'image3.jpg', 924, '2021-06-22 09:57:58', '2021-06-22 09:57:58', NULL),
(1000, 'ratione', 'Beatae modi aut rerum maxime repellat incidunt ea. Nemo aperiam rem omnis.', 5, 'unavailable', 'image3.jpg', 658, '2021-06-22 09:57:58', '2021-06-22 09:57:58', NULL);

-- --------------------------------------------------------

--
-- Table structure for table `transactions`
--

CREATE TABLE `transactions` (
  `id` int(10) UNSIGNED NOT NULL,
  `quantity` int(10) UNSIGNED NOT NULL,
  `buyer_id` int(10) UNSIGNED NOT NULL,
  `product_id` int(10) UNSIGNED NOT NULL,
  `created_at` timestamp NULL DEFAULT NULL,
  `updated_at` timestamp NULL DEFAULT NULL,
  `deleted_at` timestamp NULL DEFAULT NULL
) ENGINE=InnoDB DEFAULT CHARSET=utf8mb4 COLLATE=utf8mb4_unicode_ci;

--
-- Dumping data for table `transactions`
--

INSERT INTO `transactions` (`id`, `quantity`, `buyer_id`, `product_id`, `created_at`, `updated_at`, `deleted_at`) VALUES
(1, 2, 938, 901, '2021-06-22 09:58:40', '2021-06-22 09:58:40', NULL),
(2, 3, 986, 938, '2021-06-22 09:58:40', '2021-06-22 09:58:40', NULL),
(3, 2, 650, 618, '2021-06-22 09:58:40', '2021-06-22 09:58:40', NULL),
(4, 3, 70, 71, '2021-06-22 09:58:40', '2021-06-22 09:58:40', NULL),
(5, 2, 756, 810, '2021-06-22 09:58:40', '2021-06-22 09:58:40', NULL),
(6, 1, 684, 16, '2021-06-22 09:58:40', '2021-06-22 09:58:40', NULL),
(7, 3, 268, 638, '2021-06-22 09:58:40', '2021-06-22 09:58:40', NULL),
(8, 3, 352, 349, '2021-06-22 09:58:40', '2021-06-22 09:58:40', NULL),
(9, 2, 963, 697, '2021-06-22 09:58:40', '2021-06-22 09:58:40', NULL),
(10, 3, 59, 567, '2021-06-22 09:58:40', '2021-06-22 09:58:40', NULL),
(11, 2, 271, 788, '2021-06-22 09:58:40', '2021-06-22 09:58:40', NULL),
(12, 1, 670, 750, '2021-06-22 09:58:40', '2021-06-22 09:58:40', NULL),
(13, 2, 284, 417, '2021-06-22 09:58:40', '2021-06-22 09:58:40', NULL),
(14, 3, 429, 817, '2021-06-22 09:58:40', '2021-06-22 09:58:40', NULL),
(15, 2, 839, 198, '2021-06-22 09:58:40', '2021-06-22 09:58:40', NULL),
(16, 2, 983, 326, '2021-06-22 09:58:40', '2021-06-22 09:58:40', NULL),
(17, 2, 923, 145, '2021-06-22 09:58:40', '2021-06-22 09:58:40', NULL),
(18, 2, 600, 607, '2021-06-22 09:58:40', '2021-06-22 09:58:40', NULL),
(19, 1, 848, 105, '2021-06-22 09:58:40', '2021-06-22 09:58:40', NULL),
(20, 2, 437, 437, '2021-06-22 09:58:40', '2021-06-22 09:58:40', NULL),
(21, 2, 24, 928, '2021-06-22 09:58:40', '2021-06-22 09:58:40', NULL),
(22, 1, 21, 965, '2021-06-22 09:58:40', '2021-06-22 09:58:40', NULL),
(23, 2, 431, 755, '2021-06-22 09:58:40', '2021-06-22 09:58:40', NULL),
(24, 1, 351, 165, '2021-06-22 09:58:40', '2021-06-22 09:58:40', NULL),
(25, 3, 523, 749, '2021-06-22 09:58:40', '2021-06-22 09:58:40', NULL),
(26, 1, 186, 745, '2021-06-22 09:58:40', '2021-06-22 09:58:40', NULL),
(27, 1, 430, 495, '2021-06-22 09:58:40', '2021-06-22 09:58:40', NULL),
(28, 2, 934, 702, '2021-06-22 09:58:40', '2021-06-22 09:58:40', NULL),
(29, 1, 209, 231, '2021-06-22 09:58:40', '2021-06-22 09:58:40', NULL),
(30, 3, 815, 599, '2021-06-22 09:58:40', '2021-06-22 09:58:40', NULL),
(31, 2, 187, 23, '2021-06-22 09:58:40', '2021-06-22 09:58:40', NULL),
(32, 2, 621, 536, '2021-06-22 09:58:40', '2021-06-22 09:58:40', NULL),
(33, 1, 591, 45, '2021-06-22 09:58:40', '2021-06-22 09:58:40', NULL),
(34, 3, 986, 395, '2021-06-22 09:58:40', '2021-06-22 09:58:40', NULL),
(35, 2, 658, 780, '2021-06-22 09:58:40', '2021-06-22 09:58:40', NULL),
(36, 1, 626, 532, '2021-06-22 09:58:40', '2021-06-22 09:58:40', NULL),
(37, 2, 244, 561, '2021-06-22 09:58:40', '2021-06-22 09:58:40', NULL),
(38, 2, 280, 763, '2021-06-22 09:58:40', '2021-06-22 09:58:40', NULL),
(39, 1, 815, 467, '2021-06-22 09:58:40', '2021-06-22 09:58:40', NULL),
(40, 3, 950, 565, '2021-06-22 09:58:40', '2021-06-22 09:58:40', NULL),
(41, 1, 846, 617, '2021-06-22 09:58:40', '2021-06-22 09:58:40', NULL),
(42, 1, 614, 403, '2021-06-22 09:58:40', '2021-06-22 09:58:40', NULL),
(43, 2, 320, 599, '2021-06-22 09:58:40', '2021-06-22 09:58:40', NULL),
(44, 3, 863, 921, '2021-06-22 09:58:40', '2021-06-22 09:58:40', NULL),
(45, 3, 246, 612, '2021-06-22 09:58:40', '2021-06-22 09:58:40', NULL),
(46, 3, 770, 736, '2021-06-22 09:58:40', '2021-06-22 09:58:40', NULL),
(47, 3, 395, 510, '2021-06-22 09:58:40', '2021-06-22 09:58:40', NULL),
(48, 3, 929, 682, '2021-06-22 09:58:40', '2021-06-22 09:58:40', NULL),
(49, 1, 949, 741, '2021-06-22 09:58:40', '2021-06-22 09:58:40', NULL),
(50, 3, 36, 453, '2021-06-22 09:58:40', '2021-06-22 09:58:40', NULL),
(51, 1, 23, 816, '2021-06-22 09:58:40', '2021-06-22 09:58:40', NULL),
(52, 2, 434, 42, '2021-06-22 09:58:40', '2021-06-22 09:58:40', NULL),
(53, 2, 730, 846, '2021-06-22 09:58:40', '2021-06-22 09:58:40', NULL),
(54, 3, 80, 882, '2021-06-22 09:58:40', '2021-06-22 09:58:40', NULL),
(55, 3, 583, 945, '2021-06-22 09:58:40', '2021-06-22 09:58:40', NULL),
(56, 1, 24, 489, '2021-06-22 09:58:40', '2021-06-22 09:58:40', NULL),
(57, 2, 326, 402, '2021-06-22 09:58:40', '2021-06-22 09:58:40', NULL),
(58, 1, 447, 870, '2021-06-22 09:58:40', '2021-06-22 09:58:40', NULL),
(59, 2, 775, 315, '2021-06-22 09:58:40', '2021-06-22 09:58:40', NULL),
(60, 1, 958, 163, '2021-06-22 09:58:40', '2021-06-22 09:58:40', NULL),
(61, 3, 742, 503, '2021-06-22 09:58:40', '2021-06-22 09:58:40', NULL),
(62, 1, 53, 377, '2021-06-22 09:58:40', '2021-06-22 09:58:40', NULL),
(63, 1, 814, 513, '2021-06-22 09:58:40', '2021-06-22 09:58:40', NULL),
(64, 3, 154, 168, '2021-06-22 09:58:40', '2021-06-22 09:58:40', NULL),
(65, 3, 38, 545, '2021-06-22 09:58:40', '2021-06-22 09:58:40', NULL),
(66, 3, 459, 655, '2021-06-22 09:58:40', '2021-06-22 09:58:40', NULL),
(67, 2, 296, 476, '2021-06-22 09:58:40', '2021-06-22 09:58:40', NULL),
(68, 2, 566, 859, '2021-06-22 09:58:40', '2021-06-22 09:58:40', NULL),
(69, 1, 967, 42, '2021-06-22 09:58:40', '2021-06-22 09:58:40', NULL),
(70, 2, 560, 227, '2021-06-22 09:58:40', '2021-06-22 09:58:40', NULL),
(71, 1, 741, 323, '2021-06-22 09:58:40', '2021-06-22 09:58:40', NULL),
(72, 1, 44, 404, '2021-06-22 09:58:40', '2021-06-22 09:58:40', NULL),
(73, 1, 924, 832, '2021-06-22 09:58:40', '2021-06-22 09:58:40', NULL),
(74, 2, 735, 331, '2021-06-22 09:58:40', '2021-06-22 09:58:40', NULL),
(75, 1, 536, 446, '2021-06-22 09:58:40', '2021-06-22 09:58:40', NULL),
(76, 2, 245, 394, '2021-06-22 09:58:40', '2021-06-22 09:58:40', NULL),
(77, 3, 993, 647, '2021-06-22 09:58:40', '2021-06-22 09:58:40', NULL),
(78, 1, 96, 47, '2021-06-22 09:58:40', '2021-06-22 09:58:40', NULL),
(79, 3, 334, 867, '2021-06-22 09:58:40', '2021-06-22 09:58:40', NULL),
(80, 2, 759, 16, '2021-06-22 09:58:40', '2021-06-22 09:58:40', NULL),
(81, 2, 838, 350, '2021-06-22 09:58:40', '2021-06-22 09:58:40', NULL),
(82, 2, 509, 540, '2021-06-22 09:58:40', '2021-06-22 09:58:40', NULL),
(83, 1, 261, 296, '2021-06-22 09:58:40', '2021-06-22 09:58:40', NULL),
(84, 2, 452, 225, '2021-06-22 09:58:40', '2021-06-22 09:58:40', NULL),
(85, 1, 303, 986, '2021-06-22 09:58:40', '2021-06-22 09:58:40', NULL),
(86, 3, 150, 803, '2021-06-22 09:58:40', '2021-06-22 09:58:40', NULL),
(87, 2, 682, 42, '2021-06-22 09:58:40', '2021-06-22 09:58:40', NULL),
(88, 3, 901, 301, '2021-06-22 09:58:40', '2021-06-22 09:58:40', NULL),
(89, 2, 176, 877, '2021-06-22 09:58:40', '2021-06-22 09:58:40', NULL),
(90, 2, 845, 34, '2021-06-22 09:58:40', '2021-06-22 09:58:40', NULL),
(91, 1, 962, 128, '2021-06-22 09:58:40', '2021-06-22 09:58:40', NULL),
(92, 2, 706, 868, '2021-06-22 09:58:40', '2021-06-22 09:58:40', NULL),
(93, 2, 279, 498, '2021-06-22 09:58:40', '2021-06-22 09:58:40', NULL),
(94, 1, 593, 99, '2021-06-22 09:58:40', '2021-06-22 09:58:40', NULL),
(95, 3, 215, 362, '2021-06-22 09:58:40', '2021-06-22 09:58:40', NULL),
(96, 3, 4, 521, '2021-06-22 09:58:40', '2021-06-22 09:58:40', NULL),
(97, 2, 791, 893, '2021-06-22 09:58:40', '2021-06-22 09:58:40', NULL),
(98, 3, 539, 129, '2021-06-22 09:58:40', '2021-06-22 09:58:40', NULL),
(99, 3, 7, 776, '2021-06-22 09:58:40', '2021-06-22 09:58:40', NULL),
(100, 3, 485, 11, '2021-06-22 09:58:40', '2021-06-22 09:58:40', NULL),
(101, 3, 762, 968, '2021-06-22 09:58:40', '2021-06-22 09:58:40', NULL),
(102, 1, 896, 506, '2021-06-22 09:58:40', '2021-06-22 09:58:40', NULL),
(103, 2, 437, 955, '2021-06-22 09:58:40', '2021-06-22 09:58:40', NULL),
(104, 2, 104, 419, '2021-06-22 09:58:40', '2021-06-22 09:58:40', NULL),
(105, 2, 49, 138, '2021-06-22 09:58:40', '2021-06-22 09:58:40', NULL),
(106, 3, 32, 999, '2021-06-22 09:58:40', '2021-06-22 09:58:40', NULL),
(107, 3, 256, 790, '2021-06-22 09:58:40', '2021-06-22 09:58:40', NULL),
(108, 3, 466, 622, '2021-06-22 09:58:40', '2021-06-22 09:58:40', NULL),
(109, 2, 40, 781, '2021-06-22 09:58:40', '2021-06-22 09:58:40', NULL),
(110, 3, 331, 288, '2021-06-22 09:58:40', '2021-06-22 09:58:40', NULL),
(111, 2, 226, 90, '2021-06-22 09:58:40', '2021-06-22 09:58:40', NULL),
(112, 1, 463, 190, '2021-06-22 09:58:40', '2021-06-22 09:58:40', NULL),
(113, 1, 100, 546, '2021-06-22 09:58:40', '2021-06-22 09:58:40', NULL),
(114, 3, 558, 568, '2021-06-22 09:58:40', '2021-06-22 09:58:40', NULL),
(115, 1, 687, 691, '2021-06-22 09:58:40', '2021-06-22 09:58:40', NULL),
(116, 2, 355, 297, '2021-06-22 09:58:40', '2021-06-22 09:58:40', NULL),
(117, 3, 606, 683, '2021-06-22 09:58:40', '2021-06-22 09:58:40', NULL),
(118, 1, 277, 666, '2021-06-22 09:58:40', '2021-06-22 09:58:40', NULL),
(119, 3, 330, 944, '2021-06-22 09:58:40', '2021-06-22 09:58:40', NULL),
(120, 1, 118, 601, '2021-06-22 09:58:40', '2021-06-22 09:58:40', NULL),
(121, 1, 138, 356, '2021-06-22 09:58:40', '2021-06-22 09:58:40', NULL),
(122, 3, 471, 50, '2021-06-22 09:58:40', '2021-06-22 09:58:40', NULL),
(123, 2, 333, 244, '2021-06-22 09:58:40', '2021-06-22 09:58:40', NULL),
(124, 3, 345, 94, '2021-06-22 09:58:40', '2021-06-22 09:58:40', NULL),
(125, 2, 964, 685, '2021-06-22 09:58:40', '2021-06-22 09:58:40', NULL),
(126, 1, 236, 74, '2021-06-22 09:58:40', '2021-06-22 09:58:40', NULL),
(127, 2, 305, 368, '2021-06-22 09:58:40', '2021-06-22 09:58:40', NULL),
(128, 3, 821, 23, '2021-06-22 09:58:40', '2021-06-22 09:58:40', NULL),
(129, 1, 88, 455, '2021-06-22 09:58:40', '2021-06-22 09:58:40', NULL),
(130, 1, 906, 917, '2021-06-22 09:58:40', '2021-06-22 09:58:40', NULL),
(131, 2, 919, 954, '2021-06-22 09:58:40', '2021-06-22 09:58:40', NULL),
(132, 2, 226, 71, '2021-06-22 09:58:40', '2021-06-22 09:58:40', NULL),
(133, 1, 397, 241, '2021-06-22 09:58:40', '2021-06-22 09:58:40', NULL),
(134, 1, 759, 791, '2021-06-22 09:58:40', '2021-06-22 09:58:40', NULL),
(135, 2, 301, 590, '2021-06-22 09:58:40', '2021-06-22 09:58:40', NULL),
(136, 1, 269, 156, '2021-06-22 09:58:40', '2021-06-22 09:58:40', NULL),
(137, 2, 994, 355, '2021-06-22 09:58:40', '2021-06-22 09:58:40', NULL),
(138, 3, 255, 954, '2021-06-22 09:58:40', '2021-06-22 09:58:40', NULL),
(139, 3, 702, 462, '2021-06-22 09:58:41', '2021-06-22 09:58:41', NULL),
(140, 1, 529, 648, '2021-06-22 09:58:41', '2021-06-22 09:58:41', NULL),
(141, 2, 24, 262, '2021-06-22 09:58:41', '2021-06-22 09:58:41', NULL),
(142, 2, 399, 954, '2021-06-22 09:58:41', '2021-06-22 09:58:41', NULL),
(143, 1, 292, 12, '2021-06-22 09:58:41', '2021-06-22 09:58:41', NULL),
(144, 1, 90, 686, '2021-06-22 09:58:41', '2021-06-22 09:58:41', NULL),
(145, 2, 144, 970, '2021-06-22 09:58:41', '2021-06-22 09:58:41', NULL),
(146, 2, 691, 813, '2021-06-22 09:58:41', '2021-06-22 09:58:41', NULL),
(147, 2, 931, 953, '2021-06-22 09:58:41', '2021-06-22 09:58:41', NULL),
(148, 3, 4, 901, '2021-06-22 09:58:41', '2021-06-22 09:58:41', NULL),
(149, 3, 356, 971, '2021-06-22 09:58:41', '2021-06-22 09:58:41', NULL),
(150, 2, 257, 803, '2021-06-22 09:58:41', '2021-06-22 09:58:41', NULL),
(151, 1, 54, 711, '2021-06-22 09:58:41', '2021-06-22 09:58:41', NULL),
(152, 1, 409, 663, '2021-06-22 09:58:41', '2021-06-22 09:58:41', NULL),
(153, 2, 311, 941, '2021-06-22 09:58:41', '2021-06-22 09:58:41', NULL),
(154, 2, 444, 703, '2021-06-22 09:58:41', '2021-06-22 09:58:41', NULL),
(155, 2, 208, 559, '2021-06-22 09:58:41', '2021-06-22 09:58:41', NULL),
(156, 1, 170, 719, '2021-06-22 09:58:41', '2021-06-22 09:58:41', NULL),
(157, 3, 74, 131, '2021-06-22 09:58:41', '2021-06-22 09:58:41', NULL),
(158, 2, 209, 569, '2021-06-22 09:58:41', '2021-06-22 09:58:41', NULL),
(159, 1, 523, 584, '2021-06-22 09:58:41', '2021-06-22 09:58:41', NULL),
(160, 1, 293, 356, '2021-06-22 09:58:41', '2021-06-22 09:58:41', NULL),
(161, 1, 229, 954, '2021-06-22 09:58:41', '2021-06-22 09:58:41', NULL),
(162, 2, 993, 904, '2021-06-22 09:58:41', '2021-06-22 09:58:41', NULL),
(163, 1, 66, 366, '2021-06-22 09:58:41', '2021-06-22 09:58:41', NULL),
(164, 3, 5, 27, '2021-06-22 09:58:41', '2021-06-22 09:58:41', NULL),
(165, 1, 256, 336, '2021-06-22 09:58:41', '2021-06-22 09:58:41', NULL),
(166, 2, 305, 474, '2021-06-22 09:58:41', '2021-06-22 09:58:41', NULL),
(167, 3, 292, 484, '2021-06-22 09:58:41', '2021-06-22 09:58:41', NULL),
(168, 1, 926, 579, '2021-06-22 09:58:41', '2021-06-22 09:58:41', NULL),
(169, 1, 410, 979, '2021-06-22 09:58:41', '2021-06-22 09:58:41', NULL),
(170, 1, 976, 988, '2021-06-22 09:58:41', '2021-06-22 09:58:41', NULL),
(171, 2, 347, 706, '2021-06-22 09:58:41', '2021-06-22 09:58:41', NULL),
(172, 2, 214, 149, '2021-06-22 09:58:41', '2021-06-22 09:58:41', NULL),
(173, 1, 72, 844, '2021-06-22 09:58:41', '2021-06-22 09:58:41', NULL),
(174, 1, 509, 860, '2021-06-22 09:58:41', '2021-06-22 09:58:41', NULL),
(175, 3, 991, 160, '2021-06-22 09:58:41', '2021-06-22 09:58:41', NULL),
(176, 1, 418, 938, '2021-06-22 09:58:41', '2021-06-22 09:58:41', NULL),
(177, 3, 448, 883, '2021-06-22 09:58:41', '2021-06-22 09:58:41', NULL),
(178, 3, 918, 215, '2021-06-22 09:58:41', '2021-06-22 09:58:41', NULL),
(179, 3, 448, 788, '2021-06-22 09:58:41', '2021-06-22 09:58:41', NULL),
(180, 3, 989, 795, '2021-06-22 09:58:41', '2021-06-22 09:58:41', NULL),
(181, 1, 233, 386, '2021-06-22 09:58:41', '2021-06-22 09:58:41', NULL),
(182, 3, 225, 687, '2021-06-22 09:58:41', '2021-06-22 09:58:41', NULL),
(183, 3, 612, 801, '2021-06-22 09:58:41', '2021-06-22 09:58:41', NULL),
(184, 2, 377, 765, '2021-06-22 09:58:41', '2021-06-22 09:58:41', NULL),
(185, 2, 680, 914, '2021-06-22 09:58:41', '2021-06-22 09:58:41', NULL),
(186, 1, 60, 386, '2021-06-22 09:58:41', '2021-06-22 09:58:41', NULL),
(187, 3, 940, 824, '2021-06-22 09:58:41', '2021-06-22 09:58:41', NULL),
(188, 3, 138, 536, '2021-06-22 09:58:41', '2021-06-22 09:58:41', NULL),
(189, 2, 548, 903, '2021-06-22 09:58:41', '2021-06-22 09:58:41', NULL),
(190, 1, 378, 45, '2021-06-22 09:58:41', '2021-06-22 09:58:41', NULL),
(191, 1, 151, 685, '2021-06-22 09:58:41', '2021-06-22 09:58:41', NULL),
(192, 2, 451, 419, '2021-06-22 09:58:41', '2021-06-22 09:58:41', NULL),
(193, 2, 900, 433, '2021-06-22 09:58:41', '2021-06-22 09:58:41', NULL),
(194, 2, 816, 603, '2021-06-22 09:58:41', '2021-06-22 09:58:41', NULL),
(195, 2, 344, 336, '2021-06-22 09:58:41', '2021-06-22 09:58:41', NULL),
(196, 3, 943, 726, '2021-06-22 09:58:41', '2021-06-22 09:58:41', NULL),
(197, 1, 790, 553, '2021-06-22 09:58:41', '2021-06-22 09:58:41', NULL),
(198, 3, 288, 779, '2021-06-22 09:58:41', '2021-06-22 09:58:41', NULL),
(199, 1, 244, 328, '2021-06-22 09:58:41', '2021-06-22 09:58:41', NULL),
(200, 3, 393, 633, '2021-06-22 09:58:41', '2021-06-22 09:58:41', NULL),
(201, 3, 830, 58, '2021-06-22 09:58:41', '2021-06-22 09:58:41', NULL),
(202, 3, 270, 307, '2021-06-22 09:58:41', '2021-06-22 09:58:41', NULL),
(203, 2, 520, 966, '2021-06-22 09:58:41', '2021-06-22 09:58:41', NULL),
(204, 1, 8, 404, '2021-06-22 09:58:41', '2021-06-22 09:58:41', NULL),
(205, 1, 686, 780, '2021-06-22 09:58:41', '2021-06-22 09:58:41', NULL),
(206, 2, 921, 101, '2021-06-22 09:58:41', '2021-06-22 09:58:41', NULL),
(207, 1, 157, 129, '2021-06-22 09:58:41', '2021-06-22 09:58:41', NULL),
(208, 1, 165, 919, '2021-06-22 09:58:41', '2021-06-22 09:58:41', NULL),
(209, 3, 515, 651, '2021-06-22 09:58:41', '2021-06-22 09:58:41', NULL),
(210, 3, 673, 810, '2021-06-22 09:58:41', '2021-06-22 09:58:41', NULL),
(211, 1, 933, 607, '2021-06-22 09:58:41', '2021-06-22 09:58:41', NULL),
(212, 3, 290, 990, '2021-06-22 09:58:41', '2021-06-22 09:58:41', NULL),
(213, 1, 617, 817, '2021-06-22 09:58:41', '2021-06-22 09:58:41', NULL),
(214, 3, 635, 437, '2021-06-22 09:58:41', '2021-06-22 09:58:41', NULL),
(215, 1, 519, 47, '2021-06-22 09:58:41', '2021-06-22 09:58:41', NULL),
(216, 3, 948, 766, '2021-06-22 09:58:41', '2021-06-22 09:58:41', NULL),
(217, 2, 487, 730, '2021-06-22 09:58:41', '2021-06-22 09:58:41', NULL),
(218, 3, 355, 130, '2021-06-22 09:58:41', '2021-06-22 09:58:41', NULL),
(219, 2, 522, 916, '2021-06-22 09:58:41', '2021-06-22 09:58:41', NULL),
(220, 3, 472, 1, '2021-06-22 09:58:41', '2021-06-22 09:58:41', NULL),
(221, 3, 760, 43, '2021-06-22 09:58:41', '2021-06-22 09:58:41', NULL),
(222, 3, 962, 947, '2021-06-22 09:58:41', '2021-06-22 09:58:41', NULL),
(223, 1, 430, 580, '2021-06-22 09:58:41', '2021-06-22 09:58:41', NULL),
(224, 3, 287, 927, '2021-06-22 09:58:41', '2021-06-22 09:58:41', NULL),
(225, 2, 134, 777, '2021-06-22 09:58:41', '2021-06-22 09:58:41', NULL),
(226, 2, 602, 721, '2021-06-22 09:58:41', '2021-06-22 09:58:41', NULL),
(227, 3, 443, 251, '2021-06-22 09:58:41', '2021-06-22 09:58:41', NULL),
(228, 2, 865, 603, '2021-06-22 09:58:41', '2021-06-22 09:58:41', NULL),
(229, 2, 811, 12, '2021-06-22 09:58:41', '2021-06-22 09:58:41', NULL),
(230, 3, 424, 909, '2021-06-22 09:58:41', '2021-06-22 09:58:41', NULL),
(231, 3, 640, 849, '2021-06-22 09:58:41', '2021-06-22 09:58:41', NULL),
(232, 2, 288, 235, '2021-06-22 09:58:41', '2021-06-22 09:58:41', NULL),
(233, 3, 794, 95, '2021-06-22 09:58:41', '2021-06-22 09:58:41', NULL),
(234, 3, 532, 605, '2021-06-22 09:58:41', '2021-06-22 09:58:41', NULL),
(235, 2, 49, 437, '2021-06-22 09:58:41', '2021-06-22 09:58:41', NULL),
(236, 2, 727, 342, '2021-06-22 09:58:41', '2021-06-22 09:58:41', NULL),
(237, 2, 937, 936, '2021-06-22 09:58:41', '2021-06-22 09:58:41', NULL),
(238, 2, 205, 990, '2021-06-22 09:58:41', '2021-06-22 09:58:41', NULL),
(239, 1, 251, 687, '2021-06-22 09:58:41', '2021-06-22 09:58:41', NULL),
(240, 2, 820, 49, '2021-06-22 09:58:41', '2021-06-22 09:58:41', NULL),
(241, 1, 511, 493, '2021-06-22 09:58:41', '2021-06-22 09:58:41', NULL),
(242, 1, 122, 522, '2021-06-22 09:58:41', '2021-06-22 09:58:41', NULL),
(243, 2, 987, 415, '2021-06-22 09:58:41', '2021-06-22 09:58:41', NULL),
(244, 2, 183, 312, '2021-06-22 09:58:41', '2021-06-22 09:58:41', NULL),
(245, 3, 874, 271, '2021-06-22 09:58:41', '2021-06-22 09:58:41', NULL),
(246, 2, 754, 820, '2021-06-22 09:58:41', '2021-06-22 09:58:41', NULL),
(247, 2, 454, 954, '2021-06-22 09:58:41', '2021-06-22 09:58:41', NULL),
(248, 2, 405, 698, '2021-06-22 09:58:41', '2021-06-22 09:58:41', NULL),
(249, 3, 183, 442, '2021-06-22 09:58:41', '2021-06-22 09:58:41', NULL),
(250, 2, 399, 732, '2021-06-22 09:58:41', '2021-06-22 09:58:41', NULL),
(251, 3, 960, 773, '2021-06-22 09:58:41', '2021-06-22 09:58:41', NULL),
(252, 1, 859, 135, '2021-06-22 09:58:41', '2021-06-22 09:58:41', NULL),
(253, 1, 966, 581, '2021-06-22 09:58:41', '2021-06-22 09:58:41', NULL),
(254, 3, 206, 490, '2021-06-22 09:58:41', '2021-06-22 09:58:41', NULL),
(255, 3, 774, 738, '2021-06-22 09:58:41', '2021-06-22 09:58:41', NULL),
(256, 1, 630, 998, '2021-06-22 09:58:41', '2021-06-22 09:58:41', NULL),
(257, 1, 826, 782, '2021-06-22 09:58:41', '2021-06-22 09:58:41', NULL),
(258, 2, 37, 250, '2021-06-22 09:58:41', '2021-06-22 09:58:41', NULL),
(259, 3, 376, 470, '2021-06-22 09:58:41', '2021-06-22 09:58:41', NULL),
(260, 3, 246, 78, '2021-06-22 09:58:41', '2021-06-22 09:58:41', NULL),
(261, 3, 355, 34, '2021-06-22 09:58:41', '2021-06-22 09:58:41', NULL),
(262, 2, 32, 202, '2021-06-22 09:58:41', '2021-06-22 09:58:41', NULL),
(263, 1, 904, 99, '2021-06-22 09:58:41', '2021-06-22 09:58:41', NULL),
(264, 3, 252, 356, '2021-06-22 09:58:41', '2021-06-22 09:58:41', NULL),
(265, 3, 30, 113, '2021-06-22 09:58:41', '2021-06-22 09:58:41', NULL),
(266, 1, 811, 975, '2021-06-22 09:58:41', '2021-06-22 09:58:41', NULL),
(267, 3, 187, 473, '2021-06-22 09:58:41', '2021-06-22 09:58:41', NULL),
(268, 2, 310, 198, '2021-06-22 09:58:41', '2021-06-22 09:58:41', NULL),
(269, 3, 579, 393, '2021-06-22 09:58:41', '2021-06-22 09:58:41', NULL),
(270, 2, 723, 724, '2021-06-22 09:58:41', '2021-06-22 09:58:41', NULL),
(271, 1, 238, 760, '2021-06-22 09:58:41', '2021-06-22 09:58:41', NULL),
(272, 1, 369, 239, '2021-06-22 09:58:41', '2021-06-22 09:58:41', NULL),
(273, 3, 411, 243, '2021-06-22 09:58:41', '2021-06-22 09:58:41', NULL),
(274, 2, 192, 771, '2021-06-22 09:58:41', '2021-06-22 09:58:41', NULL),
(275, 1, 977, 300, '2021-06-22 09:58:41', '2021-06-22 09:58:41', NULL),
(276, 3, 115, 767, '2021-06-22 09:58:41', '2021-06-22 09:58:41', NULL),
(277, 2, 1, 999, '2021-06-22 09:58:41', '2021-06-22 09:58:41', NULL),
(278, 2, 412, 788, '2021-06-22 09:58:41', '2021-06-22 09:58:41', NULL),
(279, 1, 701, 113, '2021-06-22 09:58:41', '2021-06-22 09:58:41', NULL),
(280, 2, 928, 855, '2021-06-22 09:58:42', '2021-06-22 09:58:42', NULL),
(281, 3, 734, 360, '2021-06-22 09:58:42', '2021-06-22 09:58:42', NULL),
(282, 1, 924, 465, '2021-06-22 09:58:42', '2021-06-22 09:58:42', NULL),
(283, 1, 897, 825, '2021-06-22 09:58:42', '2021-06-22 09:58:42', NULL),
(284, 3, 684, 755, '2021-06-22 09:58:42', '2021-06-22 09:58:42', NULL),
(285, 2, 688, 52, '2021-06-22 09:58:42', '2021-06-22 09:58:42', NULL),
(286, 3, 277, 27, '2021-06-22 09:58:42', '2021-06-22 09:58:42', NULL),
(287, 1, 401, 307, '2021-06-22 09:58:42', '2021-06-22 09:58:42', NULL),
(288, 1, 353, 671, '2021-06-22 09:58:42', '2021-06-22 09:58:42', NULL),
(289, 3, 68, 656, '2021-06-22 09:58:42', '2021-06-22 09:58:42', NULL),
(290, 1, 451, 695, '2021-06-22 09:58:42', '2021-06-22 09:58:42', NULL),
(291, 2, 213, 587, '2021-06-22 09:58:42', '2021-06-22 09:58:42', NULL),
(292, 3, 909, 984, '2021-06-22 09:58:42', '2021-06-22 09:58:42', NULL),
(293, 1, 181, 310, '2021-06-22 09:58:42', '2021-06-22 09:58:42', NULL),
(294, 3, 477, 659, '2021-06-22 09:58:42', '2021-06-22 09:58:42', NULL),
(295, 2, 720, 532, '2021-06-22 09:58:42', '2021-06-22 09:58:42', NULL),
(296, 2, 894, 932, '2021-06-22 09:58:42', '2021-06-22 09:58:42', NULL),
(297, 2, 156, 119, '2021-06-22 09:58:42', '2021-06-22 09:58:42', NULL),
(298, 3, 792, 433, '2021-06-22 09:58:42', '2021-06-22 09:58:42', NULL),
(299, 2, 71, 832, '2021-06-22 09:58:42', '2021-06-22 09:58:42', NULL),
(300, 2, 493, 856, '2021-06-22 09:58:42', '2021-06-22 09:58:42', NULL),
(301, 3, 672, 946, '2021-06-22 09:58:42', '2021-06-22 09:58:42', NULL),
(302, 3, 931, 885, '2021-06-22 09:58:42', '2021-06-22 09:58:42', NULL),
(303, 3, 371, 395, '2021-06-22 09:58:42', '2021-06-22 09:58:42', NULL),
(304, 2, 974, 788, '2021-06-22 09:58:42', '2021-06-22 09:58:42', NULL),
(305, 2, 351, 531, '2021-06-22 09:58:42', '2021-06-22 09:58:42', NULL),
(306, 3, 271, 961, '2021-06-22 09:58:42', '2021-06-22 09:58:42', NULL),
(307, 1, 176, 267, '2021-06-22 09:58:42', '2021-06-22 09:58:42', NULL),
(308, 2, 815, 315, '2021-06-22 09:58:42', '2021-06-22 09:58:42', NULL),
(309, 3, 238, 550, '2021-06-22 09:58:42', '2021-06-22 09:58:42', NULL),
(310, 3, 40, 473, '2021-06-22 09:58:42', '2021-06-22 09:58:42', NULL),
(311, 3, 42, 598, '2021-06-22 09:58:42', '2021-06-22 09:58:42', NULL),
(312, 3, 501, 678, '2021-06-22 09:58:42', '2021-06-22 09:58:42', NULL),
(313, 2, 974, 928, '2021-06-22 09:58:42', '2021-06-22 09:58:42', NULL),
(314, 3, 407, 133, '2021-06-22 09:58:42', '2021-06-22 09:58:42', NULL),
(315, 3, 391, 600, '2021-06-22 09:58:42', '2021-06-22 09:58:42', NULL),
(316, 3, 918, 5, '2021-06-22 09:58:42', '2021-06-22 09:58:42', NULL),
(317, 3, 566, 77, '2021-06-22 09:58:42', '2021-06-22 09:58:42', NULL),
(318, 2, 883, 558, '2021-06-22 09:58:42', '2021-06-22 09:58:42', NULL),
(319, 2, 184, 489, '2021-06-22 09:58:42', '2021-06-22 09:58:42', NULL),
(320, 3, 549, 481, '2021-06-22 09:58:42', '2021-06-22 09:58:42', NULL),
(321, 3, 614, 801, '2021-06-22 09:58:42', '2021-06-22 09:58:42', NULL),
(322, 1, 606, 558, '2021-06-22 09:58:42', '2021-06-22 09:58:42', NULL),
(323, 2, 944, 434, '2021-06-22 09:58:42', '2021-06-22 09:58:42', NULL),
(324, 1, 537, 645, '2021-06-22 09:58:42', '2021-06-22 09:58:42', NULL),
(325, 2, 99, 582, '2021-06-22 09:58:42', '2021-06-22 09:58:42', NULL),
(326, 1, 713, 979, '2021-06-22 09:58:42', '2021-06-22 09:58:42', NULL),
(327, 2, 613, 458, '2021-06-22 09:58:42', '2021-06-22 09:58:42', NULL),
(328, 1, 957, 468, '2021-06-22 09:58:42', '2021-06-22 09:58:42', NULL),
(329, 3, 341, 887, '2021-06-22 09:58:42', '2021-06-22 09:58:42', NULL),
(330, 3, 885, 386, '2021-06-22 09:58:42', '2021-06-22 09:58:42', NULL),
(331, 3, 88, 749, '2021-06-22 09:58:42', '2021-06-22 09:58:42', NULL),
(332, 2, 244, 704, '2021-06-22 09:58:42', '2021-06-22 09:58:42', NULL),
(333, 2, 726, 10, '2021-06-22 09:58:42', '2021-06-22 09:58:42', NULL),
(334, 3, 465, 632, '2021-06-22 09:58:42', '2021-06-22 09:58:42', NULL),
(335, 1, 348, 475, '2021-06-22 09:58:42', '2021-06-22 09:58:42', NULL),
(336, 2, 358, 867, '2021-06-22 09:58:42', '2021-06-22 09:58:42', NULL),
(337, 2, 54, 407, '2021-06-22 09:58:42', '2021-06-22 09:58:42', NULL),
(338, 1, 449, 625, '2021-06-22 09:58:42', '2021-06-22 09:58:42', NULL),
(339, 1, 785, 818, '2021-06-22 09:58:42', '2021-06-22 09:58:42', NULL),
(340, 3, 805, 590, '2021-06-22 09:58:42', '2021-06-22 09:58:42', NULL),
(341, 3, 57, 586, '2021-06-22 09:58:42', '2021-06-22 09:58:42', NULL),
(342, 2, 521, 384, '2021-06-22 09:58:42', '2021-06-22 09:58:42', NULL),
(343, 2, 284, 133, '2021-06-22 09:58:42', '2021-06-22 09:58:42', NULL),
(344, 2, 216, 201, '2021-06-22 09:58:42', '2021-06-22 09:58:42', NULL),
(345, 2, 517, 847, '2021-06-22 09:58:42', '2021-06-22 09:58:42', NULL),
(346, 1, 277, 256, '2021-06-22 09:58:42', '2021-06-22 09:58:42', NULL),
(347, 1, 434, 87, '2021-06-22 09:58:42', '2021-06-22 09:58:42', NULL),
(348, 1, 561, 937, '2021-06-22 09:58:42', '2021-06-22 09:58:42', NULL),
(349, 3, 105, 143, '2021-06-22 09:58:42', '2021-06-22 09:58:42', NULL),
(350, 2, 312, 392, '2021-06-22 09:58:42', '2021-06-22 09:58:42', NULL),
(351, 2, 402, 673, '2021-06-22 09:58:42', '2021-06-22 09:58:42', NULL),
(352, 3, 208, 220, '2021-06-22 09:58:42', '2021-06-22 09:58:42', NULL),
(353, 3, 789, 79, '2021-06-22 09:58:42', '2021-06-22 09:58:42', NULL),
(354, 1, 695, 602, '2021-06-22 09:58:42', '2021-06-22 09:58:42', NULL),
(355, 2, 399, 279, '2021-06-22 09:58:42', '2021-06-22 09:58:42', NULL),
(356, 2, 868, 891, '2021-06-22 09:58:42', '2021-06-22 09:58:42', NULL),
(357, 1, 28, 133, '2021-06-22 09:58:42', '2021-06-22 09:58:42', NULL),
(358, 2, 987, 956, '2021-06-22 09:58:42', '2021-06-22 09:58:42', NULL),
(359, 2, 89, 451, '2021-06-22 09:58:42', '2021-06-22 09:58:42', NULL),
(360, 2, 614, 603, '2021-06-22 09:58:42', '2021-06-22 09:58:42', NULL),
(361, 3, 523, 106, '2021-06-22 09:58:42', '2021-06-22 09:58:42', NULL),
(362, 2, 310, 498, '2021-06-22 09:58:42', '2021-06-22 09:58:42', NULL),
(363, 3, 164, 983, '2021-06-22 09:58:42', '2021-06-22 09:58:42', NULL),
(364, 2, 871, 857, '2021-06-22 09:58:42', '2021-06-22 09:58:42', NULL),
(365, 2, 431, 738, '2021-06-22 09:58:42', '2021-06-22 09:58:42', NULL),
(366, 3, 726, 264, '2021-06-22 09:58:42', '2021-06-22 09:58:42', NULL),
(367, 2, 444, 65, '2021-06-22 09:58:42', '2021-06-22 09:58:42', NULL),
(368, 3, 577, 390, '2021-06-22 09:58:42', '2021-06-22 09:58:42', NULL),
(369, 2, 163, 388, '2021-06-22 09:58:42', '2021-06-22 09:58:42', NULL),
(370, 2, 253, 73, '2021-06-22 09:58:42', '2021-06-22 09:58:42', NULL),
(371, 3, 48, 932, '2021-06-22 09:58:42', '2021-06-22 09:58:42', NULL),
(372, 3, 663, 927, '2021-06-22 09:58:42', '2021-06-22 09:58:42', NULL),
(373, 3, 720, 985, '2021-06-22 09:58:42', '2021-06-22 09:58:42', NULL),
(374, 2, 887, 475, '2021-06-22 09:58:42', '2021-06-22 09:58:42', NULL),
(375, 2, 542, 537, '2021-06-22 09:58:42', '2021-06-22 09:58:42', NULL),
(376, 2, 232, 804, '2021-06-22 09:58:42', '2021-06-22 09:58:42', NULL),
(377, 2, 612, 530, '2021-06-22 09:58:42', '2021-06-22 09:58:42', NULL),
(378, 3, 522, 341, '2021-06-22 09:58:42', '2021-06-22 09:58:42', NULL),
(379, 2, 270, 736, '2021-06-22 09:58:42', '2021-06-22 09:58:42', NULL),
(380, 2, 375, 133, '2021-06-22 09:58:42', '2021-06-22 09:58:42', NULL),
(381, 1, 883, 445, '2021-06-22 09:58:42', '2021-06-22 09:58:42', NULL),
(382, 2, 480, 156, '2021-06-22 09:58:42', '2021-06-22 09:58:42', NULL),
(383, 2, 268, 54, '2021-06-22 09:58:42', '2021-06-22 09:58:42', NULL),
(384, 2, 176, 840, '2021-06-22 09:58:42', '2021-06-22 09:58:42', NULL),
(385, 1, 453, 529, '2021-06-22 09:58:42', '2021-06-22 09:58:42', NULL),
(386, 2, 515, 824, '2021-06-22 09:58:42', '2021-06-22 09:58:42', NULL),
(387, 1, 975, 367, '2021-06-22 09:58:42', '2021-06-22 09:58:42', NULL),
(388, 1, 705, 483, '2021-06-22 09:58:42', '2021-06-22 09:58:42', NULL),
(389, 1, 248, 706, '2021-06-22 09:58:42', '2021-06-22 09:58:42', NULL),
(390, 3, 353, 54, '2021-06-22 09:58:42', '2021-06-22 09:58:42', NULL),
(391, 1, 908, 847, '2021-06-22 09:58:42', '2021-06-22 09:58:42', NULL),
(392, 1, 113, 847, '2021-06-22 09:58:42', '2021-06-22 09:58:42', NULL),
(393, 3, 996, 594, '2021-06-22 09:58:42', '2021-06-22 09:58:42', NULL),
(394, 3, 997, 449, '2021-06-22 09:58:42', '2021-06-22 09:58:42', NULL),
(395, 2, 127, 205, '2021-06-22 09:58:42', '2021-06-22 09:58:42', NULL),
(396, 1, 936, 131, '2021-06-22 09:58:42', '2021-06-22 09:58:42', NULL),
(397, 2, 340, 234, '2021-06-22 09:58:42', '2021-06-22 09:58:42', NULL),
(398, 1, 209, 344, '2021-06-22 09:58:42', '2021-06-22 09:58:42', NULL),
(399, 2, 757, 627, '2021-06-22 09:58:42', '2021-06-22 09:58:42', NULL),
(400, 3, 642, 161, '2021-06-22 09:58:42', '2021-06-22 09:58:42', NULL),
(401, 1, 741, 795, '2021-06-22 09:58:42', '2021-06-22 09:58:42', NULL),
(402, 1, 123, 881, '2021-06-22 09:58:42', '2021-06-22 09:58:42', NULL),
(403, 1, 241, 113, '2021-06-22 09:58:42', '2021-06-22 09:58:42', NULL),
(404, 3, 478, 556, '2021-06-22 09:58:42', '2021-06-22 09:58:42', NULL),
(405, 1, 652, 525, '2021-06-22 09:58:42', '2021-06-22 09:58:42', NULL),
(406, 3, 956, 788, '2021-06-22 09:58:42', '2021-06-22 09:58:42', NULL),
(407, 2, 883, 276, '2021-06-22 09:58:42', '2021-06-22 09:58:42', NULL),
(408, 2, 165, 24, '2021-06-22 09:58:42', '2021-06-22 09:58:42', NULL),
(409, 1, 980, 884, '2021-06-22 09:58:42', '2021-06-22 09:58:42', NULL),
(410, 3, 83, 449, '2021-06-22 09:58:42', '2021-06-22 09:58:42', NULL),
(411, 1, 558, 198, '2021-06-22 09:58:42', '2021-06-22 09:58:42', NULL),
(412, 3, 839, 779, '2021-06-22 09:58:42', '2021-06-22 09:58:42', NULL),
(413, 2, 616, 917, '2021-06-22 09:58:42', '2021-06-22 09:58:42', NULL),
(414, 3, 323, 635, '2021-06-22 09:58:42', '2021-06-22 09:58:42', NULL),
(415, 2, 695, 775, '2021-06-22 09:58:42', '2021-06-22 09:58:42', NULL),
(416, 1, 338, 176, '2021-06-22 09:58:42', '2021-06-22 09:58:42', NULL),
(417, 2, 928, 5, '2021-06-22 09:58:42', '2021-06-22 09:58:42', NULL),
(418, 3, 932, 726, '2021-06-22 09:58:42', '2021-06-22 09:58:42', NULL),
(419, 3, 852, 287, '2021-06-22 09:58:42', '2021-06-22 09:58:42', NULL),
(420, 2, 290, 180, '2021-06-22 09:58:42', '2021-06-22 09:58:42', NULL),
(421, 3, 506, 550, '2021-06-22 09:58:42', '2021-06-22 09:58:42', NULL),
(422, 1, 820, 276, '2021-06-22 09:58:42', '2021-06-22 09:58:42', NULL),
(423, 2, 176, 255, '2021-06-22 09:58:42', '2021-06-22 09:58:42', NULL),
(424, 3, 135, 190, '2021-06-22 09:58:42', '2021-06-22 09:58:42', NULL),
(425, 1, 479, 864, '2021-06-22 09:58:42', '2021-06-22 09:58:42', NULL),
(426, 3, 681, 665, '2021-06-22 09:58:42', '2021-06-22 09:58:42', NULL),
(427, 3, 86, 100, '2021-06-22 09:58:42', '2021-06-22 09:58:42', NULL),
(428, 3, 863, 346, '2021-06-22 09:58:42', '2021-06-22 09:58:42', NULL),
(429, 2, 546, 958, '2021-06-22 09:58:42', '2021-06-22 09:58:42', NULL),
(430, 2, 651, 249, '2021-06-22 09:58:42', '2021-06-22 09:58:42', NULL),
(431, 2, 574, 543, '2021-06-22 09:58:42', '2021-06-22 09:58:42', NULL),
(432, 3, 656, 618, '2021-06-22 09:58:42', '2021-06-22 09:58:42', NULL),
(433, 1, 609, 849, '2021-06-22 09:58:42', '2021-06-22 09:58:42', NULL),
(434, 1, 191, 416, '2021-06-22 09:58:42', '2021-06-22 09:58:42', NULL),
(435, 3, 678, 515, '2021-06-22 09:58:42', '2021-06-22 09:58:42', NULL),
(436, 1, 388, 462, '2021-06-22 09:58:42', '2021-06-22 09:58:42', NULL),
(437, 3, 499, 666, '2021-06-22 09:58:42', '2021-06-22 09:58:42', NULL),
(438, 2, 291, 842, '2021-06-22 09:58:42', '2021-06-22 09:58:42', NULL),
(439, 2, 937, 486, '2021-06-22 09:58:42', '2021-06-22 09:58:42', NULL),
(440, 2, 975, 342, '2021-06-22 09:58:42', '2021-06-22 09:58:42', NULL),
(441, 1, 285, 541, '2021-06-22 09:58:42', '2021-06-22 09:58:42', NULL),
(442, 2, 595, 188, '2021-06-22 09:58:42', '2021-06-22 09:58:42', NULL),
(443, 2, 245, 653, '2021-06-22 09:58:42', '2021-06-22 09:58:42', NULL),
(444, 2, 814, 74, '2021-06-22 09:58:42', '2021-06-22 09:58:42', NULL),
(445, 2, 103, 188, '2021-06-22 09:58:42', '2021-06-22 09:58:42', NULL),
(446, 1, 381, 473, '2021-06-22 09:58:42', '2021-06-22 09:58:42', NULL),
(447, 2, 524, 410, '2021-06-22 09:58:42', '2021-06-22 09:58:42', NULL),
(448, 1, 375, 569, '2021-06-22 09:58:42', '2021-06-22 09:58:42', NULL),
(449, 3, 510, 857, '2021-06-22 09:58:42', '2021-06-22 09:58:42', NULL),
(450, 1, 881, 90, '2021-06-22 09:58:43', '2021-06-22 09:58:43', NULL),
(451, 3, 117, 302, '2021-06-22 09:58:43', '2021-06-22 09:58:43', NULL),
(452, 1, 944, 493, '2021-06-22 09:58:43', '2021-06-22 09:58:43', NULL),
(453, 2, 207, 272, '2021-06-22 09:58:43', '2021-06-22 09:58:43', NULL),
(454, 1, 972, 298, '2021-06-22 09:58:43', '2021-06-22 09:58:43', NULL),
(455, 3, 263, 981, '2021-06-22 09:58:43', '2021-06-22 09:58:43', NULL),
(456, 2, 963, 193, '2021-06-22 09:58:43', '2021-06-22 09:58:43', NULL),
(457, 3, 429, 359, '2021-06-22 09:58:43', '2021-06-22 09:58:43', NULL),
(458, 3, 993, 622, '2021-06-22 09:58:43', '2021-06-22 09:58:43', NULL),
(459, 3, 990, 534, '2021-06-22 09:58:43', '2021-06-22 09:58:43', NULL),
(460, 3, 882, 238, '2021-06-22 09:58:43', '2021-06-22 09:58:43', NULL),
(461, 2, 186, 454, '2021-06-22 09:58:43', '2021-06-22 09:58:43', NULL),
(462, 3, 4, 186, '2021-06-22 09:58:43', '2021-06-22 09:58:43', NULL),
(463, 1, 489, 541, '2021-06-22 09:58:43', '2021-06-22 09:58:43', NULL),
(464, 1, 109, 605, '2021-06-22 09:58:43', '2021-06-22 09:58:43', NULL),
(465, 1, 230, 856, '2021-06-22 09:58:43', '2021-06-22 09:58:43', NULL),
(466, 3, 166, 556, '2021-06-22 09:58:43', '2021-06-22 09:58:43', NULL),
(467, 2, 982, 198, '2021-06-22 09:58:43', '2021-06-22 09:58:43', NULL),
(468, 1, 438, 859, '2021-06-22 09:58:43', '2021-06-22 09:58:43', NULL),
(469, 1, 248, 920, '2021-06-22 09:58:43', '2021-06-22 09:58:43', NULL),
(470, 3, 117, 112, '2021-06-22 09:58:43', '2021-06-22 09:58:43', NULL),
(471, 1, 528, 409, '2021-06-22 09:58:43', '2021-06-22 09:58:43', NULL),
(472, 2, 582, 354, '2021-06-22 09:58:43', '2021-06-22 09:58:43', NULL),
(473, 3, 259, 969, '2021-06-22 09:58:43', '2021-06-22 09:58:43', NULL),
(474, 2, 346, 941, '2021-06-22 09:58:43', '2021-06-22 09:58:43', NULL),
(475, 1, 223, 794, '2021-06-22 09:58:43', '2021-06-22 09:58:43', NULL),
(476, 2, 952, 835, '2021-06-22 09:58:43', '2021-06-22 09:58:43', NULL),
(477, 1, 537, 32, '2021-06-22 09:58:43', '2021-06-22 09:58:43', NULL),
(478, 2, 840, 869, '2021-06-22 09:58:43', '2021-06-22 09:58:43', NULL),
(479, 3, 984, 878, '2021-06-22 09:58:43', '2021-06-22 09:58:43', NULL),
(480, 2, 972, 102, '2021-06-22 09:58:43', '2021-06-22 09:58:43', NULL),
(481, 3, 629, 437, '2021-06-22 09:58:43', '2021-06-22 09:58:43', NULL),
(482, 1, 564, 32, '2021-06-22 09:58:43', '2021-06-22 09:58:43', NULL),
(483, 3, 799, 504, '2021-06-22 09:58:43', '2021-06-22 09:58:43', NULL),
(484, 3, 372, 121, '2021-06-22 09:58:43', '2021-06-22 09:58:43', NULL),
(485, 1, 662, 568, '2021-06-22 09:58:43', '2021-06-22 09:58:43', NULL),
(486, 3, 711, 415, '2021-06-22 09:58:43', '2021-06-22 09:58:43', NULL),
(487, 1, 529, 396, '2021-06-22 09:58:43', '2021-06-22 09:58:43', NULL),
(488, 2, 177, 876, '2021-06-22 09:58:43', '2021-06-22 09:58:43', NULL),
(489, 2, 755, 854, '2021-06-22 09:58:43', '2021-06-22 09:58:43', NULL),
(490, 1, 567, 24, '2021-06-22 09:58:43', '2021-06-22 09:58:43', NULL),
(491, 3, 680, 411, '2021-06-22 09:58:43', '2021-06-22 09:58:43', NULL),
(492, 2, 639, 106, '2021-06-22 09:58:43', '2021-06-22 09:58:43', NULL),
(493, 2, 135, 375, '2021-06-22 09:58:43', '2021-06-22 09:58:43', NULL),
(494, 3, 497, 190, '2021-06-22 09:58:43', '2021-06-22 09:58:43', NULL),
(495, 1, 92, 927, '2021-06-22 09:58:43', '2021-06-22 09:58:43', NULL),
(496, 2, 76, 143, '2021-06-22 09:58:43', '2021-06-22 09:58:43', NULL),
(497, 1, 720, 529, '2021-06-22 09:58:43', '2021-06-22 09:58:43', NULL),
(498, 1, 443, 440, '2021-06-22 09:58:43', '2021-06-22 09:58:43', NULL),
(499, 3, 694, 69, '2021-06-22 09:58:43', '2021-06-22 09:58:43', NULL),
(500, 2, 851, 232, '2021-06-22 09:58:43', '2021-06-22 09:58:43', NULL),
(501, 3, 815, 176, '2021-06-22 09:58:43', '2021-06-22 09:58:43', NULL),
(502, 2, 699, 458, '2021-06-22 09:58:43', '2021-06-22 09:58:43', NULL),
(503, 1, 718, 754, '2021-06-22 09:58:43', '2021-06-22 09:58:43', NULL),
(504, 3, 798, 9, '2021-06-22 09:58:43', '2021-06-22 09:58:43', NULL),
(505, 3, 423, 747, '2021-06-22 09:58:43', '2021-06-22 09:58:43', NULL),
(506, 2, 129, 809, '2021-06-22 09:58:43', '2021-06-22 09:58:43', NULL),
(507, 2, 309, 467, '2021-06-22 09:58:43', '2021-06-22 09:58:43', NULL),
(508, 1, 547, 762, '2021-06-22 09:58:43', '2021-06-22 09:58:43', NULL),
(509, 3, 437, 657, '2021-06-22 09:58:43', '2021-06-22 09:58:43', NULL),
(510, 2, 11, 278, '2021-06-22 09:58:43', '2021-06-22 09:58:43', NULL),
(511, 1, 569, 887, '2021-06-22 09:58:43', '2021-06-22 09:58:43', NULL),
(512, 1, 796, 12, '2021-06-22 09:58:43', '2021-06-22 09:58:43', NULL),
(513, 3, 290, 122, '2021-06-22 09:58:43', '2021-06-22 09:58:43', NULL),
(514, 2, 727, 269, '2021-06-22 09:58:43', '2021-06-22 09:58:43', NULL),
(515, 3, 506, 5, '2021-06-22 09:58:43', '2021-06-22 09:58:43', NULL),
(516, 2, 560, 784, '2021-06-22 09:58:43', '2021-06-22 09:58:43', NULL),
(517, 2, 566, 579, '2021-06-22 09:58:43', '2021-06-22 09:58:43', NULL),
(518, 2, 383, 684, '2021-06-22 09:58:43', '2021-06-22 09:58:43', NULL),
(519, 2, 591, 836, '2021-06-22 09:58:43', '2021-06-22 09:58:43', NULL),
(520, 2, 321, 780, '2021-06-22 09:58:43', '2021-06-22 09:58:43', NULL),
(521, 2, 64, 245, '2021-06-22 09:58:43', '2021-06-22 09:58:43', NULL),
(522, 2, 155, 18, '2021-06-22 09:58:43', '2021-06-22 09:58:43', NULL),
(523, 1, 897, 938, '2021-06-22 09:58:43', '2021-06-22 09:58:43', NULL),
(524, 3, 462, 694, '2021-06-22 09:58:43', '2021-06-22 09:58:43', NULL),
(525, 1, 367, 78, '2021-06-22 09:58:43', '2021-06-22 09:58:43', NULL),
(526, 3, 945, 354, '2021-06-22 09:58:43', '2021-06-22 09:58:43', NULL),
(527, 2, 448, 97, '2021-06-22 09:58:43', '2021-06-22 09:58:43', NULL),
(528, 1, 463, 609, '2021-06-22 09:58:43', '2021-06-22 09:58:43', NULL),
(529, 3, 584, 832, '2021-06-22 09:58:43', '2021-06-22 09:58:43', NULL),
(530, 3, 175, 795, '2021-06-22 09:58:43', '2021-06-22 09:58:43', NULL),
(531, 1, 648, 322, '2021-06-22 09:58:43', '2021-06-22 09:58:43', NULL),
(532, 1, 690, 317, '2021-06-22 09:58:43', '2021-06-22 09:58:43', NULL),
(533, 2, 16, 817, '2021-06-22 09:58:43', '2021-06-22 09:58:43', NULL),
(534, 2, 643, 53, '2021-06-22 09:58:43', '2021-06-22 09:58:43', NULL),
(535, 2, 6, 622, '2021-06-22 09:58:43', '2021-06-22 09:58:43', NULL),
(536, 2, 649, 832, '2021-06-22 09:58:43', '2021-06-22 09:58:43', NULL),
(537, 1, 753, 579, '2021-06-22 09:58:43', '2021-06-22 09:58:43', NULL),
(538, 1, 455, 533, '2021-06-22 09:58:43', '2021-06-22 09:58:43', NULL),
(539, 3, 883, 175, '2021-06-22 09:58:43', '2021-06-22 09:58:43', NULL),
(540, 2, 288, 406, '2021-06-22 09:58:43', '2021-06-22 09:58:43', NULL),
(541, 3, 898, 360, '2021-06-22 09:58:43', '2021-06-22 09:58:43', NULL),
(542, 1, 812, 579, '2021-06-22 09:58:43', '2021-06-22 09:58:43', NULL),
(543, 3, 720, 967, '2021-06-22 09:58:43', '2021-06-22 09:58:43', NULL),
(544, 2, 497, 377, '2021-06-22 09:58:43', '2021-06-22 09:58:43', NULL),
(545, 3, 937, 224, '2021-06-22 09:58:43', '2021-06-22 09:58:43', NULL),
(546, 1, 423, 277, '2021-06-22 09:58:43', '2021-06-22 09:58:43', NULL),
(547, 2, 151, 583, '2021-06-22 09:58:43', '2021-06-22 09:58:43', NULL),
(548, 1, 414, 771, '2021-06-22 09:58:43', '2021-06-22 09:58:43', NULL),
(549, 2, 175, 605, '2021-06-22 09:58:43', '2021-06-22 09:58:43', NULL),
(550, 2, 584, 25, '2021-06-22 09:58:43', '2021-06-22 09:58:43', NULL),
(551, 1, 795, 650, '2021-06-22 09:58:43', '2021-06-22 09:58:43', NULL),
(552, 2, 655, 552, '2021-06-22 09:58:43', '2021-06-22 09:58:43', NULL),
(553, 2, 872, 633, '2021-06-22 09:58:43', '2021-06-22 09:58:43', NULL),
(554, 1, 315, 918, '2021-06-22 09:58:43', '2021-06-22 09:58:43', NULL),
(555, 2, 121, 890, '2021-06-22 09:58:43', '2021-06-22 09:58:43', NULL),
(556, 2, 294, 161, '2021-06-22 09:58:43', '2021-06-22 09:58:43', NULL),
(557, 1, 805, 569, '2021-06-22 09:58:43', '2021-06-22 09:58:43', NULL),
(558, 1, 985, 526, '2021-06-22 09:58:43', '2021-06-22 09:58:43', NULL),
(559, 2, 904, 532, '2021-06-22 09:58:43', '2021-06-22 09:58:43', NULL),
(560, 3, 544, 336, '2021-06-22 09:58:43', '2021-06-22 09:58:43', NULL),
(561, 3, 376, 801, '2021-06-22 09:58:43', '2021-06-22 09:58:43', NULL),
(562, 3, 144, 385, '2021-06-22 09:58:43', '2021-06-22 09:58:43', NULL),
(563, 1, 480, 603, '2021-06-22 09:58:43', '2021-06-22 09:58:43', NULL),
(564, 1, 704, 883, '2021-06-22 09:58:43', '2021-06-22 09:58:43', NULL),
(565, 3, 880, 882, '2021-06-22 09:58:43', '2021-06-22 09:58:43', NULL),
(566, 3, 369, 211, '2021-06-22 09:58:43', '2021-06-22 09:58:43', NULL),
(567, 2, 114, 539, '2021-06-22 09:58:43', '2021-06-22 09:58:43', NULL),
(568, 3, 835, 274, '2021-06-22 09:58:43', '2021-06-22 09:58:43', NULL),
(569, 2, 81, 28, '2021-06-22 09:58:43', '2021-06-22 09:58:43', NULL),
(570, 1, 38, 506, '2021-06-22 09:58:43', '2021-06-22 09:58:43', NULL),
(571, 1, 807, 694, '2021-06-22 09:58:43', '2021-06-22 09:58:43', NULL),
(572, 1, 237, 869, '2021-06-22 09:58:43', '2021-06-22 09:58:43', NULL),
(573, 1, 455, 856, '2021-06-22 09:58:43', '2021-06-22 09:58:43', NULL),
(574, 1, 780, 24, '2021-06-22 09:58:43', '2021-06-22 09:58:43', NULL),
(575, 1, 354, 500, '2021-06-22 09:58:43', '2021-06-22 09:58:43', NULL),
(576, 3, 90, 359, '2021-06-22 09:58:43', '2021-06-22 09:58:43', NULL),
(577, 3, 70, 280, '2021-06-22 09:58:43', '2021-06-22 09:58:43', NULL),
(578, 1, 485, 317, '2021-06-22 09:58:43', '2021-06-22 09:58:43', NULL),
(579, 3, 758, 472, '2021-06-22 09:58:44', '2021-06-22 09:58:44', NULL),
(580, 1, 9, 701, '2021-06-22 09:58:44', '2021-06-22 09:58:44', NULL),
(581, 3, 489, 475, '2021-06-22 09:58:44', '2021-06-22 09:58:44', NULL),
(582, 3, 980, 702, '2021-06-22 09:58:44', '2021-06-22 09:58:44', NULL),
(583, 1, 649, 359, '2021-06-22 09:58:44', '2021-06-22 09:58:44', NULL),
(584, 2, 984, 133, '2021-06-22 09:58:44', '2021-06-22 09:58:44', NULL),
(585, 2, 89, 396, '2021-06-22 09:58:44', '2021-06-22 09:58:44', NULL),
(586, 2, 245, 607, '2021-06-22 09:58:44', '2021-06-22 09:58:44', NULL),
(587, 2, 686, 706, '2021-06-22 09:58:44', '2021-06-22 09:58:44', NULL),
(588, 3, 995, 847, '2021-06-22 09:58:44', '2021-06-22 09:58:44', NULL),
(589, 1, 725, 682, '2021-06-22 09:58:44', '2021-06-22 09:58:44', NULL),
(590, 3, 303, 365, '2021-06-22 09:58:44', '2021-06-22 09:58:44', NULL),
(591, 1, 725, 99, '2021-06-22 09:58:44', '2021-06-22 09:58:44', NULL),
(592, 1, 68, 873, '2021-06-22 09:58:44', '2021-06-22 09:58:44', NULL),
(593, 2, 83, 361, '2021-06-22 09:58:44', '2021-06-22 09:58:44', NULL),
(594, 3, 107, 346, '2021-06-22 09:58:44', '2021-06-22 09:58:44', NULL),
(595, 2, 339, 548, '2021-06-22 09:58:44', '2021-06-22 09:58:44', NULL),
(596, 1, 394, 594, '2021-06-22 09:58:44', '2021-06-22 09:58:44', NULL),
(597, 1, 289, 630, '2021-06-22 09:58:44', '2021-06-22 09:58:44', NULL),
(598, 3, 988, 788, '2021-06-22 09:58:44', '2021-06-22 09:58:44', NULL),
(599, 2, 921, 166, '2021-06-22 09:58:44', '2021-06-22 09:58:44', NULL),
(600, 3, 433, 468, '2021-06-22 09:58:44', '2021-06-22 09:58:44', NULL),
(601, 3, 928, 979, '2021-06-22 09:58:44', '2021-06-22 09:58:44', NULL),
(602, 3, 988, 573, '2021-06-22 09:58:44', '2021-06-22 09:58:44', NULL),
(603, 2, 88, 560, '2021-06-22 09:58:44', '2021-06-22 09:58:44', NULL),
(604, 1, 621, 781, '2021-06-22 09:58:44', '2021-06-22 09:58:44', NULL),
(605, 2, 253, 60, '2021-06-22 09:58:44', '2021-06-22 09:58:44', NULL),
(606, 1, 202, 661, '2021-06-22 09:58:44', '2021-06-22 09:58:44', NULL),
(607, 3, 16, 471, '2021-06-22 09:58:44', '2021-06-22 09:58:44', NULL),
(608, 2, 546, 274, '2021-06-22 09:58:44', '2021-06-22 09:58:44', NULL),
(609, 2, 523, 240, '2021-06-22 09:58:44', '2021-06-22 09:58:44', NULL),
(610, 1, 820, 537, '2021-06-22 09:58:44', '2021-06-22 09:58:44', NULL),
(611, 1, 759, 745, '2021-06-22 09:58:44', '2021-06-22 09:58:44', NULL),
(612, 1, 415, 528, '2021-06-22 09:58:44', '2021-06-22 09:58:44', NULL),
(613, 2, 636, 895, '2021-06-22 09:58:44', '2021-06-22 09:58:44', NULL),
(614, 1, 367, 533, '2021-06-22 09:58:44', '2021-06-22 09:58:44', NULL),
(615, 1, 847, 857, '2021-06-22 09:58:44', '2021-06-22 09:58:44', NULL),
(616, 2, 296, 618, '2021-06-22 09:58:44', '2021-06-22 09:58:44', NULL),
(617, 1, 998, 22, '2021-06-22 09:58:44', '2021-06-22 09:58:44', NULL),
(618, 3, 11, 856, '2021-06-22 09:58:44', '2021-06-22 09:58:44', NULL),
(619, 1, 434, 684, '2021-06-22 09:58:44', '2021-06-22 09:58:44', NULL),
(620, 1, 255, 963, '2021-06-22 09:58:44', '2021-06-22 09:58:44', NULL),
(621, 3, 882, 644, '2021-06-22 09:58:44', '2021-06-22 09:58:44', NULL),
(622, 2, 450, 341, '2021-06-22 09:58:44', '2021-06-22 09:58:44', NULL),
(623, 1, 949, 954, '2021-06-22 09:58:44', '2021-06-22 09:58:44', NULL),
(624, 3, 416, 836, '2021-06-22 09:58:44', '2021-06-22 09:58:44', NULL),
(625, 1, 258, 814, '2021-06-22 09:58:44', '2021-06-22 09:58:44', NULL),
(626, 2, 447, 666, '2021-06-22 09:58:44', '2021-06-22 09:58:44', NULL),
(627, 3, 817, 821, '2021-06-22 09:58:44', '2021-06-22 09:58:44', NULL),
(628, 2, 474, 461, '2021-06-22 09:58:44', '2021-06-22 09:58:44', NULL),
(629, 3, 172, 33, '2021-06-22 09:58:44', '2021-06-22 09:58:44', NULL),
(630, 3, 552, 574, '2021-06-22 09:58:44', '2021-06-22 09:58:44', NULL),
(631, 1, 77, 420, '2021-06-22 09:58:44', '2021-06-22 09:58:44', NULL),
(632, 3, 617, 422, '2021-06-22 09:58:44', '2021-06-22 09:58:44', NULL),
(633, 3, 775, 291, '2021-06-22 09:58:44', '2021-06-22 09:58:44', NULL),
(634, 1, 181, 398, '2021-06-22 09:58:44', '2021-06-22 09:58:44', NULL),
(635, 2, 646, 84, '2021-06-22 09:58:44', '2021-06-22 09:58:44', NULL),
(636, 3, 501, 366, '2021-06-22 09:58:44', '2021-06-22 09:58:44', NULL),
(637, 2, 789, 946, '2021-06-22 09:58:44', '2021-06-22 09:58:44', NULL),
(638, 3, 921, 276, '2021-06-22 09:58:44', '2021-06-22 09:58:44', NULL),
(639, 3, 941, 499, '2021-06-22 09:58:44', '2021-06-22 09:58:44', NULL),
(640, 1, 132, 225, '2021-06-22 09:58:44', '2021-06-22 09:58:44', NULL),
(641, 1, 514, 982, '2021-06-22 09:58:44', '2021-06-22 09:58:44', NULL),
(642, 2, 803, 98, '2021-06-22 09:58:44', '2021-06-22 09:58:44', NULL),
(643, 3, 188, 997, '2021-06-22 09:58:44', '2021-06-22 09:58:44', NULL),
(644, 1, 968, 917, '2021-06-22 09:58:44', '2021-06-22 09:58:44', NULL),
(645, 1, 229, 135, '2021-06-22 09:58:44', '2021-06-22 09:58:44', NULL),
(646, 2, 677, 301, '2021-06-22 09:58:44', '2021-06-22 09:58:44', NULL),
(647, 1, 140, 251, '2021-06-22 09:58:44', '2021-06-22 09:58:44', NULL),
(648, 1, 907, 401, '2021-06-22 09:58:44', '2021-06-22 09:58:44', NULL),
(649, 1, 95, 787, '2021-06-22 09:58:44', '2021-06-22 09:58:44', NULL),
(650, 2, 213, 719, '2021-06-22 09:58:44', '2021-06-22 09:58:44', NULL),
(651, 3, 921, 403, '2021-06-22 09:58:44', '2021-06-22 09:58:44', NULL),
(652, 3, 247, 912, '2021-06-22 09:58:44', '2021-06-22 09:58:44', NULL),
(653, 1, 462, 633, '2021-06-22 09:58:44', '2021-06-22 09:58:44', NULL),
(654, 3, 55, 116, '2021-06-22 09:58:44', '2021-06-22 09:58:44', NULL),
(655, 2, 785, 415, '2021-06-22 09:58:44', '2021-06-22 09:58:44', NULL),
(656, 2, 971, 890, '2021-06-22 09:58:44', '2021-06-22 09:58:44', NULL),
(657, 3, 621, 553, '2021-06-22 09:58:44', '2021-06-22 09:58:44', NULL),
(658, 2, 271, 806, '2021-06-22 09:58:44', '2021-06-22 09:58:44', NULL),
(659, 3, 577, 779, '2021-06-22 09:58:44', '2021-06-22 09:58:44', NULL),
(660, 1, 938, 202, '2021-06-22 09:58:44', '2021-06-22 09:58:44', NULL),
(661, 1, 956, 882, '2021-06-22 09:58:44', '2021-06-22 09:58:44', NULL),
(662, 3, 606, 605, '2021-06-22 09:58:44', '2021-06-22 09:58:44', NULL),
(663, 3, 768, 773, '2021-06-22 09:58:44', '2021-06-22 09:58:44', NULL),
(664, 1, 78, 45, '2021-06-22 09:58:44', '2021-06-22 09:58:44', NULL),
(665, 2, 285, 932, '2021-06-22 09:58:44', '2021-06-22 09:58:44', NULL),
(666, 3, 48, 239, '2021-06-22 09:58:44', '2021-06-22 09:58:44', NULL),
(667, 1, 108, 133, '2021-06-22 09:58:44', '2021-06-22 09:58:44', NULL),
(668, 3, 798, 526, '2021-06-22 09:58:44', '2021-06-22 09:58:44', NULL),
(669, 1, 631, 909, '2021-06-22 09:58:44', '2021-06-22 09:58:44', NULL),
(670, 3, 370, 65, '2021-06-22 09:58:44', '2021-06-22 09:58:44', NULL),
(671, 2, 111, 856, '2021-06-22 09:58:44', '2021-06-22 09:58:44', NULL),
(672, 2, 23, 786, '2021-06-22 09:58:44', '2021-06-22 09:58:44', NULL),
(673, 3, 947, 774, '2021-06-22 09:58:44', '2021-06-22 09:58:44', NULL),
(674, 3, 593, 475, '2021-06-22 09:58:44', '2021-06-22 09:58:44', NULL),
(675, 2, 128, 584, '2021-06-22 09:58:44', '2021-06-22 09:58:44', NULL),
(676, 2, 669, 298, '2021-06-22 09:58:44', '2021-06-22 09:58:44', NULL),
(677, 3, 381, 167, '2021-06-22 09:58:44', '2021-06-22 09:58:44', NULL),
(678, 3, 394, 145, '2021-06-22 09:58:44', '2021-06-22 09:58:44', NULL),
(679, 3, 155, 3, '2021-06-22 09:58:44', '2021-06-22 09:58:44', NULL),
(680, 1, 940, 67, '2021-06-22 09:58:44', '2021-06-22 09:58:44', NULL),
(681, 3, 27, 134, '2021-06-22 09:58:44', '2021-06-22 09:58:44', NULL),
(682, 3, 219, 361, '2021-06-22 09:58:44', '2021-06-22 09:58:44', NULL),
(683, 1, 868, 947, '2021-06-22 09:58:44', '2021-06-22 09:58:44', NULL),
(684, 3, 392, 723, '2021-06-22 09:58:44', '2021-06-22 09:58:44', NULL),
(685, 3, 782, 848, '2021-06-22 09:58:44', '2021-06-22 09:58:44', NULL),
(686, 2, 449, 694, '2021-06-22 09:58:44', '2021-06-22 09:58:44', NULL),
(687, 1, 422, 618, '2021-06-22 09:58:44', '2021-06-22 09:58:44', NULL),
(688, 1, 996, 273, '2021-06-22 09:58:44', '2021-06-22 09:58:44', NULL),
(689, 3, 90, 19, '2021-06-22 09:58:44', '2021-06-22 09:58:44', NULL),
(690, 2, 581, 291, '2021-06-22 09:58:44', '2021-06-22 09:58:44', NULL),
(691, 2, 770, 631, '2021-06-22 09:58:44', '2021-06-22 09:58:44', NULL),
(692, 1, 640, 729, '2021-06-22 09:58:44', '2021-06-22 09:58:44', NULL),
(693, 2, 203, 56, '2021-06-22 09:58:44', '2021-06-22 09:58:44', NULL),
(694, 2, 697, 267, '2021-06-22 09:58:44', '2021-06-22 09:58:44', NULL),
(695, 1, 981, 780, '2021-06-22 09:58:44', '2021-06-22 09:58:44', NULL),
(696, 3, 915, 885, '2021-06-22 09:58:44', '2021-06-22 09:58:44', NULL),
(697, 3, 910, 449, '2021-06-22 09:58:44', '2021-06-22 09:58:44', NULL),
(698, 2, 524, 74, '2021-06-22 09:58:44', '2021-06-22 09:58:44', NULL),
(699, 3, 660, 123, '2021-06-22 09:58:44', '2021-06-22 09:58:44', NULL),
(700, 3, 604, 304, '2021-06-22 09:58:44', '2021-06-22 09:58:44', NULL),
(701, 2, 138, 660, '2021-06-22 09:58:44', '2021-06-22 09:58:44', NULL),
(702, 1, 530, 51, '2021-06-22 09:58:44', '2021-06-22 09:58:44', NULL),
(703, 1, 170, 87, '2021-06-22 09:58:44', '2021-06-22 09:58:44', NULL),
(704, 3, 706, 584, '2021-06-22 09:58:44', '2021-06-22 09:58:44', NULL),
(705, 2, 859, 884, '2021-06-22 09:58:44', '2021-06-22 09:58:44', NULL),
(706, 2, 594, 247, '2021-06-22 09:58:44', '2021-06-22 09:58:44', NULL),
(707, 1, 313, 336, '2021-06-22 09:58:44', '2021-06-22 09:58:44', NULL),
(708, 2, 529, 206, '2021-06-22 09:58:44', '2021-06-22 09:58:44', NULL),
(709, 2, 33, 667, '2021-06-22 09:58:44', '2021-06-22 09:58:44', NULL),
(710, 2, 376, 823, '2021-06-22 09:58:44', '2021-06-22 09:58:44', NULL),
(711, 2, 354, 300, '2021-06-22 09:58:44', '2021-06-22 09:58:44', NULL),
(712, 3, 50, 603, '2021-06-22 09:58:44', '2021-06-22 09:58:44', NULL),
(713, 3, 214, 35, '2021-06-22 09:58:44', '2021-06-22 09:58:44', NULL),
(714, 1, 417, 832, '2021-06-22 09:58:44', '2021-06-22 09:58:44', NULL),
(715, 3, 504, 1000, '2021-06-22 09:58:44', '2021-06-22 09:58:44', NULL),
(716, 3, 164, 638, '2021-06-22 09:58:44', '2021-06-22 09:58:44', NULL);
INSERT INTO `transactions` (`id`, `quantity`, `buyer_id`, `product_id`, `created_at`, `updated_at`, `deleted_at`) VALUES
(717, 2, 919, 578, '2021-06-22 09:58:44', '2021-06-22 09:58:44', NULL),
(718, 1, 857, 504, '2021-06-22 09:58:44', '2021-06-22 09:58:44', NULL),
(719, 1, 449, 747, '2021-06-22 09:58:44', '2021-06-22 09:58:44', NULL),
(720, 2, 239, 723, '2021-06-22 09:58:44', '2021-06-22 09:58:44', NULL),
(721, 3, 86, 552, '2021-06-22 09:58:44', '2021-06-22 09:58:44', NULL),
(722, 1, 713, 388, '2021-06-22 09:58:44', '2021-06-22 09:58:44', NULL),
(723, 2, 739, 887, '2021-06-22 09:58:44', '2021-06-22 09:58:44', NULL),
(724, 2, 553, 505, '2021-06-22 09:58:44', '2021-06-22 09:58:44', NULL),
(725, 1, 6, 765, '2021-06-22 09:58:44', '2021-06-22 09:58:44', NULL),
(726, 2, 869, 388, '2021-06-22 09:58:44', '2021-06-22 09:58:44', NULL),
(727, 3, 635, 659, '2021-06-22 09:58:44', '2021-06-22 09:58:44', NULL),
(728, 2, 575, 100, '2021-06-22 09:58:44', '2021-06-22 09:58:44', NULL),
(729, 3, 881, 734, '2021-06-22 09:58:44', '2021-06-22 09:58:44', NULL),
(730, 1, 109, 124, '2021-06-22 09:58:44', '2021-06-22 09:58:44', NULL),
(731, 2, 521, 536, '2021-06-22 09:58:44', '2021-06-22 09:58:44', NULL),
(732, 1, 225, 185, '2021-06-22 09:58:44', '2021-06-22 09:58:44', NULL),
(733, 1, 853, 869, '2021-06-22 09:58:44', '2021-06-22 09:58:44', NULL),
(734, 2, 697, 583, '2021-06-22 09:58:44', '2021-06-22 09:58:44', NULL),
(735, 2, 752, 578, '2021-06-22 09:58:44', '2021-06-22 09:58:44', NULL),
(736, 2, 199, 860, '2021-06-22 09:58:44', '2021-06-22 09:58:44', NULL),
(737, 3, 699, 437, '2021-06-22 09:58:44', '2021-06-22 09:58:44', NULL),
(738, 2, 478, 841, '2021-06-22 09:58:44', '2021-06-22 09:58:44', NULL),
(739, 2, 244, 644, '2021-06-22 09:58:44', '2021-06-22 09:58:44', NULL),
(740, 2, 130, 128, '2021-06-22 09:58:44', '2021-06-22 09:58:44', NULL),
(741, 1, 60, 938, '2021-06-22 09:58:44', '2021-06-22 09:58:44', NULL),
(742, 3, 602, 938, '2021-06-22 09:58:45', '2021-06-22 09:58:45', NULL),
(743, 3, 575, 590, '2021-06-22 09:58:45', '2021-06-22 09:58:45', NULL),
(744, 3, 54, 678, '2021-06-22 09:58:45', '2021-06-22 09:58:45', NULL),
(745, 2, 629, 860, '2021-06-22 09:58:45', '2021-06-22 09:58:45', NULL),
(746, 1, 841, 193, '2021-06-22 09:58:45', '2021-06-22 09:58:45', NULL),
(747, 3, 193, 941, '2021-06-22 09:58:45', '2021-06-22 09:58:45', NULL),
(748, 1, 475, 801, '2021-06-22 09:58:45', '2021-06-22 09:58:45', NULL),
(749, 2, 357, 571, '2021-06-22 09:58:45', '2021-06-22 09:58:45', NULL),
(750, 3, 404, 778, '2021-06-22 09:58:45', '2021-06-22 09:58:45', NULL),
(751, 3, 716, 971, '2021-06-22 09:58:45', '2021-06-22 09:58:45', NULL),
(752, 3, 75, 429, '2021-06-22 09:58:45', '2021-06-22 09:58:45', NULL),
(753, 3, 785, 225, '2021-06-22 09:58:45', '2021-06-22 09:58:45', NULL),
(754, 3, 127, 179, '2021-06-22 09:58:45', '2021-06-22 09:58:45', NULL),
(755, 2, 991, 482, '2021-06-22 09:58:45', '2021-06-22 09:58:45', NULL),
(756, 2, 144, 540, '2021-06-22 09:58:45', '2021-06-22 09:58:45', NULL),
(757, 3, 156, 946, '2021-06-22 09:58:45', '2021-06-22 09:58:45', NULL),
(758, 3, 774, 632, '2021-06-22 09:58:45', '2021-06-22 09:58:45', NULL),
(759, 1, 120, 291, '2021-06-22 09:58:45', '2021-06-22 09:58:45', NULL),
(760, 3, 515, 925, '2021-06-22 09:58:45', '2021-06-22 09:58:45', NULL),
(761, 2, 22, 454, '2021-06-22 09:58:45', '2021-06-22 09:58:45', NULL),
(762, 2, 195, 749, '2021-06-22 09:58:45', '2021-06-22 09:58:45', NULL),
(763, 2, 235, 925, '2021-06-22 09:58:45', '2021-06-22 09:58:45', NULL),
(764, 3, 814, 820, '2021-06-22 09:58:45', '2021-06-22 09:58:45', NULL),
(765, 3, 629, 984, '2021-06-22 09:58:45', '2021-06-22 09:58:45', NULL),
(766, 3, 973, 2, '2021-06-22 09:58:45', '2021-06-22 09:58:45', NULL),
(767, 3, 593, 938, '2021-06-22 09:58:45', '2021-06-22 09:58:45', NULL),
(768, 2, 756, 92, '2021-06-22 09:58:45', '2021-06-22 09:58:45', NULL),
(769, 3, 562, 118, '2021-06-22 09:58:45', '2021-06-22 09:58:45', NULL),
(770, 1, 890, 942, '2021-06-22 09:58:45', '2021-06-22 09:58:45', NULL),
(771, 3, 173, 56, '2021-06-22 09:58:45', '2021-06-22 09:58:45', NULL),
(772, 2, 556, 488, '2021-06-22 09:58:45', '2021-06-22 09:58:45', NULL),
(773, 3, 788, 188, '2021-06-22 09:58:45', '2021-06-22 09:58:45', NULL),
(774, 2, 452, 46, '2021-06-22 09:58:45', '2021-06-22 09:58:45', NULL),
(775, 2, 252, 699, '2021-06-22 09:58:45', '2021-06-22 09:58:45', NULL),
(776, 3, 333, 207, '2021-06-22 09:58:45', '2021-06-22 09:58:45', NULL),
(777, 3, 14, 8, '2021-06-22 09:58:45', '2021-06-22 09:58:45', NULL),
(778, 1, 195, 218, '2021-06-22 09:58:45', '2021-06-22 09:58:45', NULL),
(779, 1, 959, 867, '2021-06-22 09:58:45', '2021-06-22 09:58:45', NULL),
(780, 3, 113, 639, '2021-06-22 09:58:45', '2021-06-22 09:58:45', NULL),
(781, 3, 130, 943, '2021-06-22 09:58:45', '2021-06-22 09:58:45', NULL),
(782, 2, 125, 699, '2021-06-22 09:58:45', '2021-06-22 09:58:45', NULL),
(783, 3, 784, 399, '2021-06-22 09:58:45', '2021-06-22 09:58:45', NULL),
(784, 3, 370, 876, '2021-06-22 09:58:45', '2021-06-22 09:58:45', NULL),
(785, 1, 484, 663, '2021-06-22 09:58:45', '2021-06-22 09:58:45', NULL),
(786, 3, 989, 781, '2021-06-22 09:58:45', '2021-06-22 09:58:45', NULL),
(787, 1, 186, 527, '2021-06-22 09:58:45', '2021-06-22 09:58:45', NULL),
(788, 2, 365, 72, '2021-06-22 09:58:45', '2021-06-22 09:58:45', NULL),
(789, 2, 406, 398, '2021-06-22 09:58:45', '2021-06-22 09:58:45', NULL),
(790, 2, 436, 204, '2021-06-22 09:58:45', '2021-06-22 09:58:45', NULL),
(791, 3, 170, 785, '2021-06-22 09:58:45', '2021-06-22 09:58:45', NULL),
(792, 2, 55, 168, '2021-06-22 09:58:45', '2021-06-22 09:58:45', NULL),
(793, 1, 998, 314, '2021-06-22 09:58:45', '2021-06-22 09:58:45', NULL),
(794, 1, 400, 477, '2021-06-22 09:58:45', '2021-06-22 09:58:45', NULL),
(795, 1, 163, 756, '2021-06-22 09:58:45', '2021-06-22 09:58:45', NULL),
(796, 2, 532, 191, '2021-06-22 09:58:45', '2021-06-22 09:58:45', NULL),
(797, 2, 818, 651, '2021-06-22 09:58:45', '2021-06-22 09:58:45', NULL),
(798, 3, 739, 732, '2021-06-22 09:58:45', '2021-06-22 09:58:45', NULL),
(799, 3, 793, 271, '2021-06-22 09:58:45', '2021-06-22 09:58:45', NULL),
(800, 2, 132, 783, '2021-06-22 09:58:45', '2021-06-22 09:58:45', NULL),
(801, 2, 42, 428, '2021-06-22 09:58:45', '2021-06-22 09:58:45', NULL),
(802, 2, 818, 853, '2021-06-22 09:58:45', '2021-06-22 09:58:45', NULL),
(803, 2, 45, 310, '2021-06-22 09:58:45', '2021-06-22 09:58:45', NULL),
(804, 2, 684, 755, '2021-06-22 09:58:45', '2021-06-22 09:58:45', NULL),
(805, 1, 854, 567, '2021-06-22 09:58:45', '2021-06-22 09:58:45', NULL),
(806, 1, 117, 908, '2021-06-22 09:58:45', '2021-06-22 09:58:45', NULL),
(807, 1, 231, 591, '2021-06-22 09:58:45', '2021-06-22 09:58:45', NULL),
(808, 1, 914, 699, '2021-06-22 09:58:45', '2021-06-22 09:58:45', NULL),
(809, 2, 583, 198, '2021-06-22 09:58:45', '2021-06-22 09:58:45', NULL),
(810, 3, 231, 856, '2021-06-22 09:58:45', '2021-06-22 09:58:45', NULL),
(811, 1, 959, 991, '2021-06-22 09:58:45', '2021-06-22 09:58:45', NULL),
(812, 1, 687, 336, '2021-06-22 09:58:45', '2021-06-22 09:58:45', NULL),
(813, 3, 680, 954, '2021-06-22 09:58:45', '2021-06-22 09:58:45', NULL),
(814, 2, 743, 700, '2021-06-22 09:58:45', '2021-06-22 09:58:45', NULL),
(815, 2, 85, 354, '2021-06-22 09:58:45', '2021-06-22 09:58:45', NULL),
(816, 1, 339, 543, '2021-06-22 09:58:45', '2021-06-22 09:58:45', NULL),
(817, 2, 783, 704, '2021-06-22 09:58:45', '2021-06-22 09:58:45', NULL),
(818, 1, 875, 971, '2021-06-22 09:58:45', '2021-06-22 09:58:45', NULL),
(819, 2, 259, 738, '2021-06-22 09:58:45', '2021-06-22 09:58:45', NULL),
(820, 2, 329, 736, '2021-06-22 09:58:45', '2021-06-22 09:58:45', NULL),
(821, 1, 616, 584, '2021-06-22 09:58:45', '2021-06-22 09:58:45', NULL),
(822, 3, 510, 563, '2021-06-22 09:58:45', '2021-06-22 09:58:45', NULL),
(823, 1, 357, 769, '2021-06-22 09:58:45', '2021-06-22 09:58:45', NULL),
(824, 2, 780, 747, '2021-06-22 09:58:45', '2021-06-22 09:58:45', NULL),
(825, 3, 306, 594, '2021-06-22 09:58:45', '2021-06-22 09:58:45', NULL),
(826, 3, 466, 429, '2021-06-22 09:58:45', '2021-06-22 09:58:45', NULL),
(827, 2, 118, 698, '2021-06-22 09:58:45', '2021-06-22 09:58:45', NULL),
(828, 1, 441, 6, '2021-06-22 09:58:45', '2021-06-22 09:58:45', NULL),
(829, 3, 453, 382, '2021-06-22 09:58:45', '2021-06-22 09:58:45', NULL),
(830, 2, 802, 897, '2021-06-22 09:58:45', '2021-06-22 09:58:45', NULL),
(831, 1, 156, 359, '2021-06-22 09:58:45', '2021-06-22 09:58:45', NULL),
(832, 2, 391, 157, '2021-06-22 09:58:45', '2021-06-22 09:58:45', NULL),
(833, 1, 525, 935, '2021-06-22 09:58:45', '2021-06-22 09:58:45', NULL),
(834, 3, 24, 116, '2021-06-22 09:58:45', '2021-06-22 09:58:45', NULL),
(835, 1, 825, 349, '2021-06-22 09:58:45', '2021-06-22 09:58:45', NULL),
(836, 2, 833, 653, '2021-06-22 09:58:45', '2021-06-22 09:58:45', NULL),
(837, 2, 5, 496, '2021-06-22 09:58:45', '2021-06-22 09:58:45', NULL),
(838, 3, 101, 558, '2021-06-22 09:58:45', '2021-06-22 09:58:45', NULL),
(839, 1, 766, 518, '2021-06-22 09:58:45', '2021-06-22 09:58:45', NULL),
(840, 3, 125, 387, '2021-06-22 09:58:45', '2021-06-22 09:58:45', NULL),
(841, 1, 418, 476, '2021-06-22 09:58:45', '2021-06-22 09:58:45', NULL),
(842, 2, 589, 23, '2021-06-22 09:58:45', '2021-06-22 09:58:45', NULL),
(843, 2, 78, 780, '2021-06-22 09:58:45', '2021-06-22 09:58:45', NULL),
(844, 1, 502, 967, '2021-06-22 09:58:45', '2021-06-22 09:58:45', NULL),
(845, 3, 483, 426, '2021-06-22 09:58:45', '2021-06-22 09:58:45', NULL),
(846, 1, 144, 407, '2021-06-22 09:58:45', '2021-06-22 09:58:45', NULL),
(847, 2, 234, 577, '2021-06-22 09:58:45', '2021-06-22 09:58:45', NULL),
(848, 1, 438, 389, '2021-06-22 09:58:45', '2021-06-22 09:58:45', NULL),
(849, 1, 29, 833, '2021-06-22 09:58:45', '2021-06-22 09:58:45', NULL),
(850, 2, 691, 564, '2021-06-22 09:58:45', '2021-06-22 09:58:45', NULL),
(851, 3, 253, 840, '2021-06-22 09:58:45', '2021-06-22 09:58:45', NULL),
(852, 1, 905, 995, '2021-06-22 09:58:45', '2021-06-22 09:58:45', NULL),
(853, 2, 362, 591, '2021-06-22 09:58:45', '2021-06-22 09:58:45', NULL),
(854, 2, 694, 868, '2021-06-22 09:58:45', '2021-06-22 09:58:45', NULL),
(855, 1, 757, 486, '2021-06-22 09:58:45', '2021-06-22 09:58:45', NULL),
(856, 1, 90, 411, '2021-06-22 09:58:45', '2021-06-22 09:58:45', NULL),
(857, 3, 355, 147, '2021-06-22 09:58:45', '2021-06-22 09:58:45', NULL),
(858, 1, 272, 405, '2021-06-22 09:58:45', '2021-06-22 09:58:45', NULL),
(859, 2, 924, 898, '2021-06-22 09:58:45', '2021-06-22 09:58:45', NULL),
(860, 2, 960, 611, '2021-06-22 09:58:45', '2021-06-22 09:58:45', NULL),
(861, 2, 613, 551, '2021-06-22 09:58:45', '2021-06-22 09:58:45', NULL),
(862, 2, 424, 323, '2021-06-22 09:58:45', '2021-06-22 09:58:45', NULL),
(863, 2, 275, 236, '2021-06-22 09:58:45', '2021-06-22 09:58:45', NULL),
(864, 1, 233, 77, '2021-06-22 09:58:45', '2021-06-22 09:58:45', NULL),
(865, 3, 501, 260, '2021-06-22 09:58:45', '2021-06-22 09:58:45', NULL),
(866, 3, 967, 802, '2021-06-22 09:58:45', '2021-06-22 09:58:45', NULL),
(867, 3, 101, 365, '2021-06-22 09:58:45', '2021-06-22 09:58:45', NULL),
(868, 3, 787, 807, '2021-06-22 09:58:45', '2021-06-22 09:58:45', NULL),
(869, 3, 581, 401, '2021-06-22 09:58:45', '2021-06-22 09:58:45', NULL),
(870, 1, 53, 201, '2021-06-22 09:58:45', '2021-06-22 09:58:45', NULL),
(871, 1, 758, 948, '2021-06-22 09:58:45', '2021-06-22 09:58:45', NULL),
(872, 3, 489, 50, '2021-06-22 09:58:45', '2021-06-22 09:58:45', NULL),
(873, 3, 120, 710, '2021-06-22 09:58:45', '2021-06-22 09:58:45', NULL),
(874, 2, 309, 699, '2021-06-22 09:58:45', '2021-06-22 09:58:45', NULL),
(875, 2, 611, 910, '2021-06-22 09:58:45', '2021-06-22 09:58:45', NULL),
(876, 1, 927, 768, '2021-06-22 09:58:45', '2021-06-22 09:58:45', NULL),
(877, 3, 456, 251, '2021-06-22 09:58:45', '2021-06-22 09:58:45', NULL),
(878, 1, 183, 294, '2021-06-22 09:58:45', '2021-06-22 09:58:45', NULL),
(879, 2, 291, 908, '2021-06-22 09:58:45', '2021-06-22 09:58:45', NULL),
(880, 2, 201, 287, '2021-06-22 09:58:45', '2021-06-22 09:58:45', NULL),
(881, 1, 215, 176, '2021-06-22 09:58:45', '2021-06-22 09:58:45', NULL),
(882, 1, 79, 548, '2021-06-22 09:58:45', '2021-06-22 09:58:45', NULL),
(883, 1, 245, 991, '2021-06-22 09:58:45', '2021-06-22 09:58:45', NULL),
(884, 1, 937, 305, '2021-06-22 09:58:45', '2021-06-22 09:58:45', NULL),
(885, 3, 270, 46, '2021-06-22 09:58:45', '2021-06-22 09:58:45', NULL),
(886, 3, 125, 402, '2021-06-22 09:58:45', '2021-06-22 09:58:45', NULL),
(887, 1, 28, 56, '2021-06-22 09:58:45', '2021-06-22 09:58:45', NULL),
(888, 2, 636, 935, '2021-06-22 09:58:45', '2021-06-22 09:58:45', NULL),
(889, 3, 79, 541, '2021-06-22 09:58:45', '2021-06-22 09:58:45', NULL),
(890, 2, 221, 541, '2021-06-22 09:58:45', '2021-06-22 09:58:45', NULL),
(891, 3, 15, 154, '2021-06-22 09:58:46', '2021-06-22 09:58:46', NULL),
(892, 3, 979, 628, '2021-06-22 09:58:46', '2021-06-22 09:58:46', NULL),
(893, 3, 839, 951, '2021-06-22 09:58:46', '2021-06-22 09:58:46', NULL),
(894, 1, 481, 78, '2021-06-22 09:58:46', '2021-06-22 09:58:46', NULL),
(895, 3, 607, 691, '2021-06-22 09:58:46', '2021-06-22 09:58:46', NULL),
(896, 2, 181, 435, '2021-06-22 09:58:46', '2021-06-22 09:58:46', NULL),
(897, 1, 691, 455, '2021-06-22 09:58:46', '2021-06-22 09:58:46', NULL),
(898, 2, 752, 192, '2021-06-22 09:58:46', '2021-06-22 09:58:46', NULL),
(899, 2, 873, 401, '2021-06-22 09:58:46', '2021-06-22 09:58:46', NULL),
(900, 2, 623, 200, '2021-06-22 09:58:46', '2021-06-22 09:58:46', NULL),
(901, 3, 195, 671, '2021-06-22 09:58:46', '2021-06-22 09:58:46', NULL),
(902, 2, 814, 99, '2021-06-22 09:58:46', '2021-06-22 09:58:46', NULL),
(903, 1, 925, 478, '2021-06-22 09:58:46', '2021-06-22 09:58:46', NULL),
(904, 3, 267, 590, '2021-06-22 09:58:46', '2021-06-22 09:58:46', NULL),
(905, 1, 793, 285, '2021-06-22 09:58:46', '2021-06-22 09:58:46', NULL),
(906, 2, 769, 166, '2021-06-22 09:58:46', '2021-06-22 09:58:46', NULL),
(907, 1, 496, 966, '2021-06-22 09:58:46', '2021-06-22 09:58:46', NULL),
(908, 1, 901, 211, '2021-06-22 09:58:46', '2021-06-22 09:58:46', NULL),
(909, 2, 165, 86, '2021-06-22 09:58:46', '2021-06-22 09:58:46', NULL),
(910, 1, 451, 806, '2021-06-22 09:58:46', '2021-06-22 09:58:46', NULL),
(911, 3, 665, 936, '2021-06-22 09:58:46', '2021-06-22 09:58:46', NULL),
(912, 2, 75, 691, '2021-06-22 09:58:46', '2021-06-22 09:58:46', NULL),
(913, 2, 986, 56, '2021-06-22 09:58:46', '2021-06-22 09:58:46', NULL),
(914, 2, 766, 22, '2021-06-22 09:58:46', '2021-06-22 09:58:46', NULL),
(915, 3, 832, 465, '2021-06-22 09:58:46', '2021-06-22 09:58:46', NULL),
(916, 3, 795, 921, '2021-06-22 09:58:46', '2021-06-22 09:58:46', NULL),
(917, 2, 273, 378, '2021-06-22 09:58:46', '2021-06-22 09:58:46', NULL),
(918, 3, 669, 307, '2021-06-22 09:58:46', '2021-06-22 09:58:46', NULL),
(919, 2, 284, 34, '2021-06-22 09:58:46', '2021-06-22 09:58:46', NULL),
(920, 2, 909, 701, '2021-06-22 09:58:46', '2021-06-22 09:58:46', NULL),
(921, 1, 22, 901, '2021-06-22 09:58:46', '2021-06-22 09:58:46', NULL),
(922, 1, 595, 721, '2021-06-22 09:58:46', '2021-06-22 09:58:46', NULL),
(923, 1, 707, 970, '2021-06-22 09:58:46', '2021-06-22 09:58:46', NULL),
(924, 3, 500, 272, '2021-06-22 09:58:46', '2021-06-22 09:58:46', NULL),
(925, 3, 727, 692, '2021-06-22 09:58:46', '2021-06-22 09:58:46', NULL),
(926, 3, 644, 281, '2021-06-22 09:58:46', '2021-06-22 09:58:46', NULL),
(927, 3, 979, 752, '2021-06-22 09:58:46', '2021-06-22 09:58:46', NULL),
(928, 1, 880, 327, '2021-06-22 09:58:46', '2021-06-22 09:58:46', NULL),
(929, 3, 79, 496, '2021-06-22 09:58:46', '2021-06-22 09:58:46', NULL),
(930, 1, 691, 761, '2021-06-22 09:58:46', '2021-06-22 09:58:46', NULL),
(931, 2, 392, 749, '2021-06-22 09:58:46', '2021-06-22 09:58:46', NULL),
(932, 1, 9, 294, '2021-06-22 09:58:46', '2021-06-22 09:58:46', NULL),
(933, 1, 687, 865, '2021-06-22 09:58:46', '2021-06-22 09:58:46', NULL),
(934, 2, 543, 612, '2021-06-22 09:58:46', '2021-06-22 09:58:46', NULL),
(935, 2, 854, 579, '2021-06-22 09:58:46', '2021-06-22 09:58:46', NULL),
(936, 3, 531, 330, '2021-06-22 09:58:46', '2021-06-22 09:58:46', NULL),
(937, 2, 568, 922, '2021-06-22 09:58:46', '2021-06-22 09:58:46', NULL),
(938, 3, 897, 607, '2021-06-22 09:58:46', '2021-06-22 09:58:46', NULL),
(939, 3, 949, 299, '2021-06-22 09:58:46', '2021-06-22 09:58:46', NULL),
(940, 2, 454, 659, '2021-06-22 09:58:46', '2021-06-22 09:58:46', NULL),
(941, 1, 525, 291, '2021-06-22 09:58:46', '2021-06-22 09:58:46', NULL),
(942, 2, 936, 883, '2021-06-22 09:58:46', '2021-06-22 09:58:46', NULL),
(943, 3, 456, 6, '2021-06-22 09:58:46', '2021-06-22 09:58:46', NULL),
(944, 3, 51, 769, '2021-06-22 09:58:46', '2021-06-22 09:58:46', NULL),
(945, 3, 436, 983, '2021-06-22 09:58:46', '2021-06-22 09:58:46', NULL),
(946, 2, 889, 953, '2021-06-22 09:58:46', '2021-06-22 09:58:46', NULL),
(947, 1, 218, 680, '2021-06-22 09:58:46', '2021-06-22 09:58:46', NULL),
(948, 2, 411, 119, '2021-06-22 09:58:46', '2021-06-22 09:58:46', NULL),
(949, 1, 671, 617, '2021-06-22 09:58:46', '2021-06-22 09:58:46', NULL),
(950, 3, 619, 307, '2021-06-22 09:58:46', '2021-06-22 09:58:46', NULL),
(951, 1, 855, 388, '2021-06-22 09:58:46', '2021-06-22 09:58:46', NULL),
(952, 1, 418, 50, '2021-06-22 09:58:46', '2021-06-22 09:58:46', NULL),
(953, 1, 619, 745, '2021-06-22 09:58:46', '2021-06-22 09:58:46', NULL),
(954, 1, 700, 67, '2021-06-22 09:58:46', '2021-06-22 09:58:46', NULL),
(955, 3, 106, 67, '2021-06-22 09:58:46', '2021-06-22 09:58:46', NULL),
(956, 1, 951, 622, '2021-06-22 09:58:46', '2021-06-22 09:58:46', NULL),
(957, 3, 889, 93, '2021-06-22 09:58:46', '2021-06-22 09:58:46', NULL),
(958, 1, 151, 695, '2021-06-22 09:58:46', '2021-06-22 09:58:46', NULL),
(959, 2, 812, 506, '2021-06-22 09:58:46', '2021-06-22 09:58:46', NULL),
(960, 1, 461, 448, '2021-06-22 09:58:46', '2021-06-22 09:58:46', NULL),
(961, 3, 323, 624, '2021-06-22 09:58:46', '2021-06-22 09:58:46', NULL),
(962, 1, 359, 538, '2021-06-22 09:58:46', '2021-06-22 09:58:46', NULL),
(963, 1, 966, 315, '2021-06-22 09:58:46', '2021-06-22 09:58:46', NULL),
(964, 3, 377, 541, '2021-06-22 09:58:46', '2021-06-22 09:58:46', NULL),
(965, 3, 662, 757, '2021-06-22 09:58:46', '2021-06-22 09:58:46', NULL),
(966, 2, 809, 822, '2021-06-22 09:58:46', '2021-06-22 09:58:46', NULL),
(967, 3, 113, 605, '2021-06-22 09:58:46', '2021-06-22 09:58:46', NULL),
(968, 3, 399, 312, '2021-06-22 09:58:46', '2021-06-22 09:58:46', NULL),
(969, 2, 105, 869, '2021-06-22 09:58:46', '2021-06-22 09:58:46', NULL),
(970, 2, 301, 644, '2021-06-22 09:58:46', '2021-06-22 09:58:46', NULL),
(971, 1, 743, 456, '2021-06-22 09:58:46', '2021-06-22 09:58:46', NULL),
(972, 3, 420, 54, '2021-06-22 09:58:46', '2021-06-22 09:58:46', NULL),
(973, 2, 433, 414, '2021-06-22 09:58:46', '2021-06-22 09:58:46', NULL),
(974, 2, 362, 930, '2021-06-22 09:58:46', '2021-06-22 09:58:46', NULL),
(975, 3, 151, 661, '2021-06-22 09:58:46', '2021-06-22 09:58:46', NULL),
(976, 1, 783, 647, '2021-06-22 09:58:46', '2021-06-22 09:58:46', NULL),
(977, 2, 223, 273, '2021-06-22 09:58:46', '2021-06-22 09:58:46', NULL),
(978, 1, 310, 112, '2021-06-22 09:58:46', '2021-06-22 09:58:46', NULL),
(979, 1, 542, 118, '2021-06-22 09:58:46', '2021-06-22 09:58:46', NULL),
(980, 2, 799, 942, '2021-06-22 09:58:46', '2021-06-22 09:58:46', NULL),
(981, 2, 931, 575, '2021-06-22 09:58:46', '2021-06-22 09:58:46', NULL),
(982, 1, 857, 440, '2021-06-22 09:58:46', '2021-06-22 09:58:46', NULL),
(983, 1, 206, 354, '2021-06-22 09:58:46', '2021-06-22 09:58:46', NULL),
(984, 3, 338, 591, '2021-06-22 09:58:46', '2021-06-22 09:58:46', NULL),
(985, 1, 520, 5, '2021-06-22 09:58:46', '2021-06-22 09:58:46', NULL),
(986, 2, 443, 693, '2021-06-22 09:58:46', '2021-06-22 09:58:46', NULL),
(987, 3, 448, 548, '2021-06-22 09:58:46', '2021-06-22 09:58:46', NULL),
(988, 1, 247, 773, '2021-06-22 09:58:46', '2021-06-22 09:58:46', NULL),
(989, 2, 223, 99, '2021-06-22 09:58:46', '2021-06-22 09:58:46', NULL),
(990, 3, 501, 345, '2021-06-22 09:58:46', '2021-06-22 09:58:46', NULL),
(991, 2, 533, 909, '2021-06-22 09:58:46', '2021-06-22 09:58:46', NULL),
(992, 2, 691, 212, '2021-06-22 09:58:46', '2021-06-22 09:58:46', NULL),
(993, 3, 59, 377, '2021-06-22 09:58:46', '2021-06-22 09:58:46', NULL),
(994, 1, 820, 449, '2021-06-22 09:58:46', '2021-06-22 09:58:46', NULL),
(995, 3, 20, 349, '2021-06-22 09:58:46', '2021-06-22 09:58:46', NULL),
(996, 3, 738, 79, '2021-06-22 09:58:46', '2021-06-22 09:58:46', NULL),
(997, 1, 116, 251, '2021-06-22 09:58:46', '2021-06-22 09:58:46', NULL),
(998, 2, 732, 16, '2021-06-22 09:58:46', '2021-06-22 09:58:46', NULL),
(999, 2, 100, 134, '2021-06-22 09:58:46', '2021-06-22 09:58:46', NULL),
(1000, 1, 46, 954, '2021-06-22 09:58:46', '2021-06-22 09:58:46', NULL);

-- --------------------------------------------------------

--
-- Table structure for table `users`
--

CREATE TABLE `users` (
  `id` int(10) UNSIGNED NOT NULL,
  `name` varchar(191) COLLATE utf8mb4_unicode_ci NOT NULL,
  `email` varchar(191) COLLATE utf8mb4_unicode_ci NOT NULL,
  `password` varchar(191) COLLATE utf8mb4_unicode_ci NOT NULL,
  `remember_token` varchar(100) COLLATE utf8mb4_unicode_ci DEFAULT NULL,
  `verified` varchar(191) COLLATE utf8mb4_unicode_ci NOT NULL DEFAULT '0',
  `verification_token` varchar(191) COLLATE utf8mb4_unicode_ci DEFAULT NULL,
  `admin` varchar(191) COLLATE utf8mb4_unicode_ci NOT NULL DEFAULT 'false',
  `created_at` timestamp NULL DEFAULT NULL,
  `updated_at` timestamp NULL DEFAULT NULL,
  `deleted_at` timestamp NULL DEFAULT NULL
) ENGINE=InnoDB DEFAULT CHARSET=utf8mb4 COLLATE=utf8mb4_unicode_ci;

--
-- Dumping data for table `users`
--

INSERT INTO `users` (`id`, `name`, `email`, `password`, `remember_token`, `verified`, `verification_token`, `admin`, `created_at`, `updated_at`, `deleted_at`) VALUES
(1, 'zakary hane', 'xborer@example.org', '$2y$10$TKh8H1.PfQx37YgCzwiKb.KjNyWgaHb9cbcoQgdIVFlYg7B77UdFm', 'dR25UT58tV', '1', NULL, 'true', '2021-06-22 09:57:29', '2021-06-22 09:57:29', NULL),
(2, 'prof. darian morar', 'patsy.padberg@example.org', '$2y$10$TKh8H1.PfQx37YgCzwiKb.KjNyWgaHb9cbcoQgdIVFlYg7B77UdFm', 'bs9hL8UTFR', '1', NULL, 'true', '2021-06-22 09:57:29', '2021-06-22 10:44:29', NULL),
(3, 'newnames', 'berg.nicola@gmail.com', '$2y$10$TKh8H1.PfQx37YgCzwiKb.KjNyWgaHb9cbcoQgdIVFlYg7B77UdFm', 'G9EpLtceCF', '1', NULL, 'false', '2021-06-22 09:57:29', '2021-06-22 10:29:29', NULL),
(4, 'llewellyn kulas i', 'mark.turcotte@example.com', '$2y$10$TKh8H1.PfQx37YgCzwiKb.KjNyWgaHb9cbcoQgdIVFlYg7B77UdFm', '80uTIGfQTd', '0', 'xuOiDy5us8BHq3JqeBKcBL3IBjkmPu2zNevJvtPC', 'false', '2021-06-22 09:57:29', '2021-06-22 09:57:29', NULL),
(5, 'prof. alexis bailey', 'kristy.cassin@example.net', '$2y$10$TKh8H1.PfQx37YgCzwiKb.KjNyWgaHb9cbcoQgdIVFlYg7B77UdFm', 'I6C0JJ1qR3', '1', NULL, 'true', '2021-06-22 09:57:29', '2021-06-22 09:57:29', NULL),
(6, 'mr. sylvan murphy', 'rhiannon.ferry@example.net', '$2y$10$TKh8H1.PfQx37YgCzwiKb.KjNyWgaHb9cbcoQgdIVFlYg7B77UdFm', 'hBGY9YZSpl', '0', 'Ebxzi4WG4BVRSguXzlDBU0Q8cVi7ltfKEFSHO22R', 'false', '2021-06-22 09:57:29', '2021-06-22 09:57:29', NULL),
(7, 'prof. tyler bailey dvm', 'quigley.tracey@example.org', '$2y$10$TKh8H1.PfQx37YgCzwiKb.KjNyWgaHb9cbcoQgdIVFlYg7B77UdFm', 'Mysw2AerTp', '0', 'RMpNfoPv3lTI1HaEAT4MEcYgbGF2wlLJuxzhXWea', 'true', '2021-06-22 09:57:29', '2021-06-22 09:57:29', NULL),
(8, 'dr. ross bernier sr.', 'runte.zachary@example.org', '$2y$10$TKh8H1.PfQx37YgCzwiKb.KjNyWgaHb9cbcoQgdIVFlYg7B77UdFm', '4n2kgFhgJB', '0', 'wIvIaB4c4lfJY3lPNTgBzKqfGY3eBGOPUFCT21cE', 'true', '2021-06-22 09:57:29', '2021-06-22 09:57:29', NULL),
(9, 'benny eichmann', 'deshaun.tillman@example.com', '$2y$10$TKh8H1.PfQx37YgCzwiKb.KjNyWgaHb9cbcoQgdIVFlYg7B77UdFm', '23VqTuRVQX', '1', NULL, 'false', '2021-06-22 09:57:29', '2021-06-22 09:57:29', NULL),
(10, 'roberta brakus', 'lang.kiel@example.net', '$2y$10$TKh8H1.PfQx37YgCzwiKb.KjNyWgaHb9cbcoQgdIVFlYg7B77UdFm', 'JUOGUJefrZ', '1', NULL, 'false', '2021-06-22 09:57:29', '2021-06-22 09:57:29', NULL),
(11, 'mrs. onie howe iii', 'will.hayley@example.org', '$2y$10$TKh8H1.PfQx37YgCzwiKb.KjNyWgaHb9cbcoQgdIVFlYg7B77UdFm', '3HMmOHlk5u', '0', 'rUhqAw6uDVVASizmoRgDHBiDcSZ4hKMkuLR21RnC', 'true', '2021-06-22 09:57:29', '2021-06-22 09:57:29', NULL),
(12, 'kurt wilderman', 'zita.oconnell@example.com', '$2y$10$TKh8H1.PfQx37YgCzwiKb.KjNyWgaHb9cbcoQgdIVFlYg7B77UdFm', 'dSamEqkqih', '0', 'hAOKaTVAHxlZdIV1shJhXiFcLhF6zqatGl5HQhx1', 'false', '2021-06-22 09:57:29', '2021-06-22 09:57:29', NULL),
(13, 'prof. gunner harris', 'paige38@example.com', '$2y$10$TKh8H1.PfQx37YgCzwiKb.KjNyWgaHb9cbcoQgdIVFlYg7B77UdFm', 'xbM4BNd5P8', '1', NULL, 'false', '2021-06-22 09:57:29', '2021-06-22 09:57:29', NULL),
(14, 'weldon hudson sr.', 'isaiah.oconner@example.net', '$2y$10$TKh8H1.PfQx37YgCzwiKb.KjNyWgaHb9cbcoQgdIVFlYg7B77UdFm', '8OVPVYC4J3', '1', NULL, 'false', '2021-06-22 09:57:29', '2021-06-22 09:57:29', NULL),
(15, 'cristina kemmer', 'vmaggio@example.com', '$2y$10$TKh8H1.PfQx37YgCzwiKb.KjNyWgaHb9cbcoQgdIVFlYg7B77UdFm', 'iW67hxXsd4', '1', NULL, 'true', '2021-06-22 09:57:29', '2021-06-22 09:57:29', NULL),
(16, 'miss nannie lockman', 'kayli.russel@example.org', '$2y$10$TKh8H1.PfQx37YgCzwiKb.KjNyWgaHb9cbcoQgdIVFlYg7B77UdFm', 'vGit8TTb0L', '1', NULL, 'false', '2021-06-22 09:57:29', '2021-06-22 09:57:29', NULL),
(17, 'yazmin stark', 'cwaelchi@example.net', '$2y$10$TKh8H1.PfQx37YgCzwiKb.KjNyWgaHb9cbcoQgdIVFlYg7B77UdFm', '9we3NCRsIh', '0', '76rqxJsHEs1vkcFXN6x6pMzuLUdCrSoVAfOjlBob', 'false', '2021-06-22 09:57:29', '2021-06-22 09:57:29', NULL),
(18, 'emilie ruecker v', 'stephen.schimmel@example.org', '$2y$10$TKh8H1.PfQx37YgCzwiKb.KjNyWgaHb9cbcoQgdIVFlYg7B77UdFm', 'YiyrKc0wsQ', '1', NULL, 'true', '2021-06-22 09:57:29', '2021-06-22 09:57:29', NULL),
(19, 'mr. jackson cummerata iii', 'jeanie.ebert@example.net', '$2y$10$TKh8H1.PfQx37YgCzwiKb.KjNyWgaHb9cbcoQgdIVFlYg7B77UdFm', '7Hi8QQcvzT', '0', 'jlEOPqQ3gyHpLnJw7KusTgquUASjA6V7ddqJHCe4', 'true', '2021-06-22 09:57:29', '2021-06-22 09:57:29', NULL),
(20, 'avery bergnaum', 'schoen.nakia@example.net', '$2y$10$TKh8H1.PfQx37YgCzwiKb.KjNyWgaHb9cbcoQgdIVFlYg7B77UdFm', 'N7HkFrC6XY', '0', 'Pu7blo8Tbiy8Y5EY3RiukdY7FpVx9pmu8jVkgLkA', 'false', '2021-06-22 09:57:29', '2021-06-22 09:57:29', NULL),
(21, 'keegan cruickshank sr.', 'ivory85@example.com', '$2y$10$TKh8H1.PfQx37YgCzwiKb.KjNyWgaHb9cbcoQgdIVFlYg7B77UdFm', 'ljoOQAEWuG', '0', 'k1MKFrj1w7Fr4VbX64m6zIjXml4WRIRnLBiWSUTU', 'false', '2021-06-22 09:57:29', '2021-06-22 09:57:29', NULL),
(22, 'mikel gusikowski', 'domenic.luettgen@example.com', '$2y$10$TKh8H1.PfQx37YgCzwiKb.KjNyWgaHb9cbcoQgdIVFlYg7B77UdFm', 'edglDqUvHc', '1', NULL, 'false', '2021-06-22 09:57:29', '2021-06-22 09:57:29', NULL),
(23, 'prof. victor huel jr.', 'ashton.rosenbaum@example.com', '$2y$10$TKh8H1.PfQx37YgCzwiKb.KjNyWgaHb9cbcoQgdIVFlYg7B77UdFm', '6Jip535aZC', '0', 'Tod9LhwYkGnC4U0X2kVtbOHMrLz1PT7YugedXmod', 'true', '2021-06-22 09:57:29', '2021-06-22 09:57:29', NULL),
(24, 'jodie jacobson', 'jameson00@example.net', '$2y$10$TKh8H1.PfQx37YgCzwiKb.KjNyWgaHb9cbcoQgdIVFlYg7B77UdFm', 'klMr88wu5E', '0', 'xatne2b41KywsYYvJOydxJ5lUd0xX1fdhGvgbwOO', 'true', '2021-06-22 09:57:29', '2021-06-22 09:57:29', NULL),
(25, 'sally anderson', 'timmy31@example.com', '$2y$10$TKh8H1.PfQx37YgCzwiKb.KjNyWgaHb9cbcoQgdIVFlYg7B77UdFm', '4SHGe6hUPS', '1', NULL, 'false', '2021-06-22 09:57:29', '2021-06-22 09:57:29', NULL),
(26, 'april schmidt', 'ktoy@example.net', '$2y$10$TKh8H1.PfQx37YgCzwiKb.KjNyWgaHb9cbcoQgdIVFlYg7B77UdFm', 'ec2uFm26ZI', '1', NULL, 'true', '2021-06-22 09:57:29', '2021-06-22 09:57:29', NULL),
(27, 'izaiah hansen', 'palma88@example.org', '$2y$10$TKh8H1.PfQx37YgCzwiKb.KjNyWgaHb9cbcoQgdIVFlYg7B77UdFm', 'NljAn7XQ9T', '0', 'bVEXPCD6Er9klwxrV9iCwEzxdefbOxsRm67O2SyH', 'false', '2021-06-22 09:57:29', '2021-06-22 09:57:29', NULL),
(28, 'mr. rowan kiehn', 'sylvia.ferry@example.net', '$2y$10$TKh8H1.PfQx37YgCzwiKb.KjNyWgaHb9cbcoQgdIVFlYg7B77UdFm', 'alnvYMqaCX', '1', NULL, 'true', '2021-06-22 09:57:29', '2021-06-22 09:57:29', NULL),
(29, 'sigrid schimmel', 'zwelch@example.com', '$2y$10$TKh8H1.PfQx37YgCzwiKb.KjNyWgaHb9cbcoQgdIVFlYg7B77UdFm', 'xt2Ho6ao85', '0', 'cd3oP4o2CtnoT0VhxkSPpM53XPY8atxnKdz3aUYc', 'true', '2021-06-22 09:57:29', '2021-06-22 09:57:29', NULL),
(30, 'noemi reinger', 'urenner@example.net', '$2y$10$TKh8H1.PfQx37YgCzwiKb.KjNyWgaHb9cbcoQgdIVFlYg7B77UdFm', 'k315wJeIiT', '1', NULL, 'false', '2021-06-22 09:57:29', '2021-06-22 09:57:29', NULL),
(31, 'tatyana dicki', 'lurline.simonis@example.org', '$2y$10$TKh8H1.PfQx37YgCzwiKb.KjNyWgaHb9cbcoQgdIVFlYg7B77UdFm', 'GgsEWJRlwq', '0', 'jzGYI5QtFexerKrFOiwlbCxBE6OCs75wvOkP0hTP', 'false', '2021-06-22 09:57:29', '2021-06-22 09:57:29', NULL),
(32, 'kyla miller', 'kupton@example.com', '$2y$10$TKh8H1.PfQx37YgCzwiKb.KjNyWgaHb9cbcoQgdIVFlYg7B77UdFm', 'BA4fFFhzOJ', '0', 'zrqtCF5aBp3yJwJb0maeYPT2ru75JQqdva3F2Zvg', 'false', '2021-06-22 09:57:29', '2021-06-22 09:57:29', NULL),
(33, 'randall walsh iii', 'bahringer.maegan@example.net', '$2y$10$TKh8H1.PfQx37YgCzwiKb.KjNyWgaHb9cbcoQgdIVFlYg7B77UdFm', 'eF8TO5OFgm', '1', NULL, 'true', '2021-06-22 09:57:29', '2021-06-22 09:57:29', NULL),
(34, 'leonel casper', 'reilly.braeden@example.com', '$2y$10$TKh8H1.PfQx37YgCzwiKb.KjNyWgaHb9cbcoQgdIVFlYg7B77UdFm', 'T8AxpGfSzg', '1', NULL, 'false', '2021-06-22 09:57:29', '2021-06-22 09:57:29', NULL),
(35, 'obie breitenberg v', 'qvandervort@example.org', '$2y$10$TKh8H1.PfQx37YgCzwiKb.KjNyWgaHb9cbcoQgdIVFlYg7B77UdFm', 'XB9Imfxd6J', '1', NULL, 'true', '2021-06-22 09:57:29', '2021-06-22 09:57:29', NULL),
(36, 'caroline runolfsdottir', 'leopold05@example.com', '$2y$10$TKh8H1.PfQx37YgCzwiKb.KjNyWgaHb9cbcoQgdIVFlYg7B77UdFm', '9YAWL1L9X8', '0', 'AagndUsKtzN6BtD0BPPVDO71wRt2liGU5XoH8SEJ', 'false', '2021-06-22 09:57:29', '2021-06-22 09:57:29', NULL),
(37, 'filomena kertzmann', 'plarkin@example.com', '$2y$10$TKh8H1.PfQx37YgCzwiKb.KjNyWgaHb9cbcoQgdIVFlYg7B77UdFm', 'ibRj0qnf3Q', '1', NULL, 'true', '2021-06-22 09:57:29', '2021-06-22 09:57:29', NULL),
(38, 'alaina davis', 'vonrueden.jillian@example.org', '$2y$10$TKh8H1.PfQx37YgCzwiKb.KjNyWgaHb9cbcoQgdIVFlYg7B77UdFm', '4VqNd4W2IZ', '1', NULL, 'true', '2021-06-22 09:57:29', '2021-06-22 09:57:29', NULL),
(39, 'cleta ferry', 'pdavis@example.net', '$2y$10$TKh8H1.PfQx37YgCzwiKb.KjNyWgaHb9cbcoQgdIVFlYg7B77UdFm', 'JVc0JMzgtK', '1', NULL, 'true', '2021-06-22 09:57:29', '2021-06-22 09:57:29', NULL),
(40, 'philip harvey ii', 'roob.malika@example.net', '$2y$10$TKh8H1.PfQx37YgCzwiKb.KjNyWgaHb9cbcoQgdIVFlYg7B77UdFm', 'yMMIuv0QZG', '1', NULL, 'false', '2021-06-22 09:57:29', '2021-06-22 09:57:29', NULL),
(41, 'mr. percival reichel', 'farrell.adrian@example.net', '$2y$10$TKh8H1.PfQx37YgCzwiKb.KjNyWgaHb9cbcoQgdIVFlYg7B77UdFm', '3x0r4doANg', '1', NULL, 'false', '2021-06-22 09:57:29', '2021-06-22 09:57:29', NULL),
(42, 'darryl rogahn', 'seamus.schinner@example.com', '$2y$10$TKh8H1.PfQx37YgCzwiKb.KjNyWgaHb9cbcoQgdIVFlYg7B77UdFm', 'sIaaj8yN0U', '1', NULL, 'true', '2021-06-22 09:57:29', '2021-06-22 09:57:29', NULL),
(43, 'jaquelin brown', 'zemlak.kaylee@example.com', '$2y$10$TKh8H1.PfQx37YgCzwiKb.KjNyWgaHb9cbcoQgdIVFlYg7B77UdFm', 's2M5v2geoV', '0', 'YtBp1PgiomE4tjhUHp3EvKmPgzZKiZWVV2fsMjYL', 'true', '2021-06-22 09:57:29', '2021-06-22 09:57:29', NULL),
(44, 'zelda senger v', 'jaron.morar@example.com', '$2y$10$TKh8H1.PfQx37YgCzwiKb.KjNyWgaHb9cbcoQgdIVFlYg7B77UdFm', 'gXff099ybE', '1', NULL, 'true', '2021-06-22 09:57:29', '2021-06-22 09:57:29', NULL),
(45, 'nick o\'keefe', 'rossie.collier@example.net', '$2y$10$TKh8H1.PfQx37YgCzwiKb.KjNyWgaHb9cbcoQgdIVFlYg7B77UdFm', 'el20nhyTjz', '0', '5LZPoOKq8j76gIKBvhMXjAggvfaCW1lyz6J5t5kq', 'true', '2021-06-22 09:57:29', '2021-06-22 09:57:29', NULL),
(46, 'chasity swift', 'herzog.eulah@example.org', '$2y$10$TKh8H1.PfQx37YgCzwiKb.KjNyWgaHb9cbcoQgdIVFlYg7B77UdFm', 'ZPShDqNojc', '1', NULL, 'true', '2021-06-22 09:57:29', '2021-06-22 09:57:29', NULL),
(47, 'shirley lebsack', 'lew.schultz@example.com', '$2y$10$TKh8H1.PfQx37YgCzwiKb.KjNyWgaHb9cbcoQgdIVFlYg7B77UdFm', '3uMC33PlKx', '0', 'R7MyzsiNfH9I0HR4y49rlJ64aXaKq4EwXldiN92L', 'false', '2021-06-22 09:57:29', '2021-06-22 09:57:29', NULL),
(48, 'lupe leuschke', 'maurine80@example.com', '$2y$10$TKh8H1.PfQx37YgCzwiKb.KjNyWgaHb9cbcoQgdIVFlYg7B77UdFm', 'RIO7xisMOO', '0', 'soJBpVZF1LP9DFUS28YphgVvGuImvTNfHKuRotQw', 'false', '2021-06-22 09:57:29', '2021-06-22 09:57:29', NULL),
(49, 'layla robel', 'robel.gia@example.net', '$2y$10$TKh8H1.PfQx37YgCzwiKb.KjNyWgaHb9cbcoQgdIVFlYg7B77UdFm', '62FcQORoJP', '1', NULL, 'false', '2021-06-22 09:57:29', '2021-06-22 09:57:29', NULL),
(50, 'hailey conn', 'cordell.shanahan@example.com', '$2y$10$TKh8H1.PfQx37YgCzwiKb.KjNyWgaHb9cbcoQgdIVFlYg7B77UdFm', 'jpRlo5RJTC', '0', '8RqauOkNpmzZcQNF3fFRCc3zkrRYtgNH5Kqi1kH1', 'false', '2021-06-22 09:57:29', '2021-06-22 09:57:29', NULL),
(51, 'linnea franecki jr.', 'kyler.spinka@example.org', '$2y$10$TKh8H1.PfQx37YgCzwiKb.KjNyWgaHb9cbcoQgdIVFlYg7B77UdFm', 'puUHM5R4zN', '1', NULL, 'false', '2021-06-22 09:57:30', '2021-06-22 09:57:30', NULL),
(52, 'freida mccullough i', 'rnitzsche@example.net', '$2y$10$TKh8H1.PfQx37YgCzwiKb.KjNyWgaHb9cbcoQgdIVFlYg7B77UdFm', 'XCF58tPdml', '1', NULL, 'false', '2021-06-22 09:57:30', '2021-06-22 09:57:30', NULL),
(53, 'dr. layla nitzsche', 'wdare@example.com', '$2y$10$TKh8H1.PfQx37YgCzwiKb.KjNyWgaHb9cbcoQgdIVFlYg7B77UdFm', '1mTtzoDlJ7', '0', 'JUqsFA4Gf5LpU4t6paqWffjUuyOM1lZKGr88p20X', 'true', '2021-06-22 09:57:30', '2021-06-22 09:57:30', NULL),
(54, 'marietta macejkovic iii', 'moshe.parisian@example.net', '$2y$10$TKh8H1.PfQx37YgCzwiKb.KjNyWgaHb9cbcoQgdIVFlYg7B77UdFm', 's1tX45PWGn', '1', NULL, 'false', '2021-06-22 09:57:30', '2021-06-22 09:57:30', NULL),
(55, 'prof. geovanny runolfsdottir phd', 'krolfson@example.net', '$2y$10$TKh8H1.PfQx37YgCzwiKb.KjNyWgaHb9cbcoQgdIVFlYg7B77UdFm', 'BgNPUt785j', '1', NULL, 'false', '2021-06-22 09:57:30', '2021-06-22 09:57:30', NULL),
(56, 'prof. rylan schuster sr.', 'cristina60@example.net', '$2y$10$TKh8H1.PfQx37YgCzwiKb.KjNyWgaHb9cbcoQgdIVFlYg7B77UdFm', 'K0OTG7Lr1R', '1', NULL, 'false', '2021-06-22 09:57:30', '2021-06-22 09:57:30', NULL),
(57, 'alfonzo bradtke', 'deonte51@example.com', '$2y$10$TKh8H1.PfQx37YgCzwiKb.KjNyWgaHb9cbcoQgdIVFlYg7B77UdFm', 'JqfPrJHLHe', '0', '7ct01HTlpM0WiZrdO8KdSllINc7rHyAxkEpsYcqz', 'true', '2021-06-22 09:57:30', '2021-06-22 09:57:30', NULL),
(58, 'prof. gerardo emmerich phd', 'cullen.kassulke@example.org', '$2y$10$TKh8H1.PfQx37YgCzwiKb.KjNyWgaHb9cbcoQgdIVFlYg7B77UdFm', '9WVQHAW5KS', '0', 'AwmWsG8m1EV6FrcK8KhE8j7cIKp8fhV9nzqf5Pcp', 'true', '2021-06-22 09:57:30', '2021-06-22 09:57:30', NULL),
(59, 'oswald koelpin', 'cstoltenberg@example.com', '$2y$10$TKh8H1.PfQx37YgCzwiKb.KjNyWgaHb9cbcoQgdIVFlYg7B77UdFm', 'bz0RMy6kh2', '0', 'L6cRoSqUgSICNt3JgItvUgSFbl6TcCBzUDCN2Iad', 'true', '2021-06-22 09:57:30', '2021-06-22 09:57:30', NULL),
(60, 'dr. cordelia klein', 'freda36@example.com', '$2y$10$TKh8H1.PfQx37YgCzwiKb.KjNyWgaHb9cbcoQgdIVFlYg7B77UdFm', 'TznuaC8ZaN', '1', NULL, 'true', '2021-06-22 09:57:30', '2021-06-22 09:57:30', NULL),
(61, 'mrs. mariana lesch', 'selena.mclaughlin@example.com', '$2y$10$TKh8H1.PfQx37YgCzwiKb.KjNyWgaHb9cbcoQgdIVFlYg7B77UdFm', 'xo6TqNxlJN', '0', 'pp0xakbY0t2CoyvJfntg4bwsAPm4rWvNRpJRJmrW', 'true', '2021-06-22 09:57:30', '2021-06-22 09:57:30', NULL),
(62, 'zita bosco ii', 'desmond43@example.com', '$2y$10$TKh8H1.PfQx37YgCzwiKb.KjNyWgaHb9cbcoQgdIVFlYg7B77UdFm', 'rL5ZsJ9ABw', '0', '1JLiVBoe3qU9jpfc3Kzm9oHt6s0TSjCsTRoGs59q', 'true', '2021-06-22 09:57:30', '2021-06-22 09:57:30', NULL),
(63, 'felicia boyer ii', 'dokuneva@example.com', '$2y$10$TKh8H1.PfQx37YgCzwiKb.KjNyWgaHb9cbcoQgdIVFlYg7B77UdFm', 'bGlvPTItjm', '1', NULL, 'true', '2021-06-22 09:57:30', '2021-06-22 09:57:30', NULL),
(64, 'mrs. claudine bartell iii', 'wconnelly@example.net', '$2y$10$TKh8H1.PfQx37YgCzwiKb.KjNyWgaHb9cbcoQgdIVFlYg7B77UdFm', 'gy97dYa9QQ', '1', NULL, 'false', '2021-06-22 09:57:30', '2021-06-22 09:57:30', NULL),
(65, 'isabella corwin', 'lynch.agustin@example.net', '$2y$10$TKh8H1.PfQx37YgCzwiKb.KjNyWgaHb9cbcoQgdIVFlYg7B77UdFm', 'GCwUPJAUpE', '1', NULL, 'true', '2021-06-22 09:57:30', '2021-06-22 09:57:30', NULL),
(66, 'geoffrey beatty', 'shields.amie@example.org', '$2y$10$TKh8H1.PfQx37YgCzwiKb.KjNyWgaHb9cbcoQgdIVFlYg7B77UdFm', 'a487iymxTH', '1', NULL, 'true', '2021-06-22 09:57:30', '2021-06-22 09:57:30', NULL),
(67, 'baby senger', 'landen55@example.net', '$2y$10$TKh8H1.PfQx37YgCzwiKb.KjNyWgaHb9cbcoQgdIVFlYg7B77UdFm', 'BWxwfUqpJe', '0', 'de5oGqogP7H2jhPQFtwnOP8NLaRCJaWjHdykmxRo', 'false', '2021-06-22 09:57:30', '2021-06-22 09:57:30', NULL),
(68, 'cordelia powlowski', 'uharvey@example.net', '$2y$10$TKh8H1.PfQx37YgCzwiKb.KjNyWgaHb9cbcoQgdIVFlYg7B77UdFm', 'Is7KfSHYEP', '0', 'G9rG1QV5MPO3uJkcQXLoOxKDJ08m5YtKdK4nyVqG', 'true', '2021-06-22 09:57:30', '2021-06-22 09:57:30', NULL),
(69, 'rosemary o\'reilly dvm', 'ocartwright@example.com', '$2y$10$TKh8H1.PfQx37YgCzwiKb.KjNyWgaHb9cbcoQgdIVFlYg7B77UdFm', 'CpAT0LMgK1', '1', NULL, 'true', '2021-06-22 09:57:30', '2021-06-22 09:57:30', NULL),
(70, 'mr. virgil vandervort', 'rempel.adelle@example.com', '$2y$10$TKh8H1.PfQx37YgCzwiKb.KjNyWgaHb9cbcoQgdIVFlYg7B77UdFm', 'lnXSt6gqQ8', '1', NULL, 'true', '2021-06-22 09:57:30', '2021-06-22 09:57:30', NULL),
(71, 'bradford brekke', 'elsie.legros@example.org', '$2y$10$TKh8H1.PfQx37YgCzwiKb.KjNyWgaHb9cbcoQgdIVFlYg7B77UdFm', 't5ADKrs14e', '1', NULL, 'true', '2021-06-22 09:57:30', '2021-06-22 09:57:30', NULL),
(72, 'lincoln daugherty ii', 'lockman.carley@example.net', '$2y$10$TKh8H1.PfQx37YgCzwiKb.KjNyWgaHb9cbcoQgdIVFlYg7B77UdFm', 'SCw5xUQ3gR', '0', 'MCSqBBFs7A00jC8333HOiCIrrtmyYt3LpYhR30hI', 'false', '2021-06-22 09:57:30', '2021-06-22 09:57:30', NULL),
(73, 'gayle johnson', 'hills.wanda@example.net', '$2y$10$TKh8H1.PfQx37YgCzwiKb.KjNyWgaHb9cbcoQgdIVFlYg7B77UdFm', 'qLXNfySdKL', '1', NULL, 'false', '2021-06-22 09:57:30', '2021-06-22 09:57:30', NULL),
(74, 'jada williamson sr.', 'fannie.okuneva@example.com', '$2y$10$TKh8H1.PfQx37YgCzwiKb.KjNyWgaHb9cbcoQgdIVFlYg7B77UdFm', '0RdGWHgKLN', '0', 'iZACh9dHTUms12lvluzTmyDziNpIudOLEIZxAhf5', 'true', '2021-06-22 09:57:30', '2021-06-22 09:57:30', NULL),
(75, 'ellie sauer', 'jerad09@example.net', '$2y$10$TKh8H1.PfQx37YgCzwiKb.KjNyWgaHb9cbcoQgdIVFlYg7B77UdFm', 'a8OxgJzpUX', '0', 'vqV2MljDA4agRlVDOiap95yCPw1LuDpD3yLuwvBG', 'true', '2021-06-22 09:57:30', '2021-06-22 09:57:30', NULL),
(76, 'emie ledner', 'hiram.nader@example.com', '$2y$10$TKh8H1.PfQx37YgCzwiKb.KjNyWgaHb9cbcoQgdIVFlYg7B77UdFm', 'ZbrEDCOibX', '1', NULL, 'true', '2021-06-22 09:57:30', '2021-06-22 09:57:30', NULL),
(77, 'sabina bergnaum i', 'wdoyle@example.org', '$2y$10$TKh8H1.PfQx37YgCzwiKb.KjNyWgaHb9cbcoQgdIVFlYg7B77UdFm', 'w1nTCGRZuW', '0', 'xjqAu8l49otzhZOBXePX9l6chcPYSLO6LY0iFUnS', 'true', '2021-06-22 09:57:30', '2021-06-22 09:57:30', NULL),
(78, 'zachariah stehr', 'branson.boehm@example.com', '$2y$10$TKh8H1.PfQx37YgCzwiKb.KjNyWgaHb9cbcoQgdIVFlYg7B77UdFm', 'hQitv8q481', '1', NULL, 'true', '2021-06-22 09:57:30', '2021-06-22 09:57:30', NULL),
(79, 'antonia gibson', 'adaugherty@example.net', '$2y$10$TKh8H1.PfQx37YgCzwiKb.KjNyWgaHb9cbcoQgdIVFlYg7B77UdFm', 'tqEIx6gXVC', '0', 'JTonojmLFhKHQD6O8ZGyXWKDEntSgltyQwF5NsZ6', 'true', '2021-06-22 09:57:30', '2021-06-22 09:57:30', NULL),
(80, 'ms. luella boyle md', 'rocky00@example.com', '$2y$10$TKh8H1.PfQx37YgCzwiKb.KjNyWgaHb9cbcoQgdIVFlYg7B77UdFm', 'b7wORfvX0S', '1', NULL, 'true', '2021-06-22 09:57:30', '2021-06-22 09:57:30', NULL),
(81, 'dr. judah gusikowski', 'eusebio.zboncak@example.net', '$2y$10$TKh8H1.PfQx37YgCzwiKb.KjNyWgaHb9cbcoQgdIVFlYg7B77UdFm', 'Ebe9m7GLNO', '1', NULL, 'true', '2021-06-22 09:57:30', '2021-06-22 09:57:30', NULL),
(82, 'mr. joany schmeler', 'berta.monahan@example.org', '$2y$10$TKh8H1.PfQx37YgCzwiKb.KjNyWgaHb9cbcoQgdIVFlYg7B77UdFm', 'yUgx1d719k', '0', 'GFjrpKfYfXBeHmuOv4iS3YagV9pVSQTDik1Yfn6B', 'false', '2021-06-22 09:57:30', '2021-06-22 09:57:30', NULL),
(83, 'prof. samara batz iv', 'isporer@example.net', '$2y$10$TKh8H1.PfQx37YgCzwiKb.KjNyWgaHb9cbcoQgdIVFlYg7B77UdFm', 'CTzhVdrDRq', '0', 'rj8rS5QUjmH2caAAJxqL5cOo7RL7ugFU1bR7s194', 'false', '2021-06-22 09:57:30', '2021-06-22 09:57:30', NULL),
(84, 'dixie corkery', 'nathaniel.lubowitz@example.net', '$2y$10$TKh8H1.PfQx37YgCzwiKb.KjNyWgaHb9cbcoQgdIVFlYg7B77UdFm', 'dXcihG7Wp3', '1', NULL, 'false', '2021-06-22 09:57:30', '2021-06-22 09:57:30', NULL),
(85, 'cecil wolff', 'kiehn.loma@example.org', '$2y$10$TKh8H1.PfQx37YgCzwiKb.KjNyWgaHb9cbcoQgdIVFlYg7B77UdFm', 'pQzk9wkcYW', '1', NULL, 'false', '2021-06-22 09:57:30', '2021-06-22 09:57:30', NULL),
(86, 'charles schulist', 'bethany.aufderhar@example.org', '$2y$10$TKh8H1.PfQx37YgCzwiKb.KjNyWgaHb9cbcoQgdIVFlYg7B77UdFm', 'EUeF1CSryE', '1', NULL, 'true', '2021-06-22 09:57:30', '2021-06-22 09:57:30', NULL),
(87, 'ila gerhold ii', 'andreanne.willms@example.net', '$2y$10$TKh8H1.PfQx37YgCzwiKb.KjNyWgaHb9cbcoQgdIVFlYg7B77UdFm', 'dZczuzOZbo', '1', NULL, 'false', '2021-06-22 09:57:30', '2021-06-22 09:57:30', NULL),
(88, 'ms. gretchen walker', 'everett71@example.org', '$2y$10$TKh8H1.PfQx37YgCzwiKb.KjNyWgaHb9cbcoQgdIVFlYg7B77UdFm', 'bIWQ8ip7J7', '0', 'lT4YjtvDujH7oPetpP63YU080fDDmHAfJcVydJRN', 'false', '2021-06-22 09:57:30', '2021-06-22 09:57:30', NULL),
(89, 'prof. prudence oberbrunner i', 'qnienow@example.org', '$2y$10$TKh8H1.PfQx37YgCzwiKb.KjNyWgaHb9cbcoQgdIVFlYg7B77UdFm', 'PPBVVSbKWQ', '1', NULL, 'true', '2021-06-22 09:57:30', '2021-06-22 09:57:30', NULL),
(90, 'brionna mayer', 'uhodkiewicz@example.net', '$2y$10$TKh8H1.PfQx37YgCzwiKb.KjNyWgaHb9cbcoQgdIVFlYg7B77UdFm', '3llIUb1Ua8', '0', 'sYRnVrIgqAjhALNpOzzZN0TQThzi9ZRG5In8UhSO', 'true', '2021-06-22 09:57:30', '2021-06-22 09:57:30', NULL),
(91, 'hilbert wolf', 'prince07@example.net', '$2y$10$TKh8H1.PfQx37YgCzwiKb.KjNyWgaHb9cbcoQgdIVFlYg7B77UdFm', 'PUD5MG8JbF', '0', 'T1j29qkgu7jjjxNVeU0GqAtjw3j033sIL7vXeSjY', 'true', '2021-06-22 09:57:30', '2021-06-22 09:57:30', NULL),
(92, 'london medhurst', 'ndibbert@example.com', '$2y$10$TKh8H1.PfQx37YgCzwiKb.KjNyWgaHb9cbcoQgdIVFlYg7B77UdFm', 'owiyvD33s0', '1', NULL, 'false', '2021-06-22 09:57:30', '2021-06-22 09:57:30', NULL),
(93, 'ms. clementine walker', 'wilhelm11@example.org', '$2y$10$TKh8H1.PfQx37YgCzwiKb.KjNyWgaHb9cbcoQgdIVFlYg7B77UdFm', 'hcwQRTyvuA', '0', 'pLj2wno7AsWjf7Tklj3hTGrx0To61ZBOzaopJRLb', 'false', '2021-06-22 09:57:30', '2021-06-22 09:57:30', NULL),
(94, 'mona west', 'ftoy@example.com', '$2y$10$TKh8H1.PfQx37YgCzwiKb.KjNyWgaHb9cbcoQgdIVFlYg7B77UdFm', 'cANXR7z20i', '0', 'dWBDBYg7o4uCFgrMKGAwrXmj5nhp9XnGS15xQ4XG', 'false', '2021-06-22 09:57:30', '2021-06-22 09:57:30', NULL),
(95, 'mr. boyd dickens', 'prempel@example.org', '$2y$10$TKh8H1.PfQx37YgCzwiKb.KjNyWgaHb9cbcoQgdIVFlYg7B77UdFm', 'WAQzAQoRQu', '0', 'n1cG2o7BW48uiBEd7TLJ5mXu2dSXRc3A27tHXz7I', 'false', '2021-06-22 09:57:30', '2021-06-22 09:57:30', NULL),
(96, 'lauryn legros sr.', 'hertha52@example.net', '$2y$10$TKh8H1.PfQx37YgCzwiKb.KjNyWgaHb9cbcoQgdIVFlYg7B77UdFm', '27X2uUuh22', '1', NULL, 'true', '2021-06-22 09:57:30', '2021-06-22 09:57:30', NULL),
(97, 'stephany keebler', 'windler.ludie@example.net', '$2y$10$TKh8H1.PfQx37YgCzwiKb.KjNyWgaHb9cbcoQgdIVFlYg7B77UdFm', 'c8zmexDMbG', '1', NULL, 'false', '2021-06-22 09:57:30', '2021-06-22 09:57:30', NULL),
(98, 'dr. lois hartmann md', 'darrell.fadel@example.net', '$2y$10$TKh8H1.PfQx37YgCzwiKb.KjNyWgaHb9cbcoQgdIVFlYg7B77UdFm', 'DJa1XEBS1E', '1', NULL, 'true', '2021-06-22 09:57:30', '2021-06-22 09:57:30', NULL),
(99, 'isaias stamm iii', 'roma79@example.com', '$2y$10$TKh8H1.PfQx37YgCzwiKb.KjNyWgaHb9cbcoQgdIVFlYg7B77UdFm', '1jhIXV7mXP', '1', NULL, 'true', '2021-06-22 09:57:30', '2021-06-22 09:57:30', NULL),
(100, 'ramona ankunding', 'ursula.bahringer@example.com', '$2y$10$TKh8H1.PfQx37YgCzwiKb.KjNyWgaHb9cbcoQgdIVFlYg7B77UdFm', 'bXh5MLPWGb', '0', 'hlURDmivKXnJkBLX6aQF5AoO7T5Or71eoBufAiJr', 'true', '2021-06-22 09:57:30', '2021-06-22 09:57:30', NULL),
(101, 'cydney hermiston', 'nettie67@example.net', '$2y$10$TKh8H1.PfQx37YgCzwiKb.KjNyWgaHb9cbcoQgdIVFlYg7B77UdFm', 'hvUN06inw7', '0', 'ZbANTV41Z00EDQKbRv5v9dKZ5AU0zgq70SDrMcvA', 'true', '2021-06-22 09:57:30', '2021-06-22 09:57:30', NULL),
(102, 'ebba fadel', 'aracely48@example.com', '$2y$10$TKh8H1.PfQx37YgCzwiKb.KjNyWgaHb9cbcoQgdIVFlYg7B77UdFm', '3OEcwj2N4M', '0', 'hxTMOdGgCjUTAP0dauoMQDjCpcxOIpAsCdvDgdSo', 'false', '2021-06-22 09:57:30', '2021-06-22 09:57:30', NULL),
(103, 'mrs. deborah gerlach', 'hoppe.ethelyn@example.com', '$2y$10$TKh8H1.PfQx37YgCzwiKb.KjNyWgaHb9cbcoQgdIVFlYg7B77UdFm', 'hxyiZyEZJ1', '0', 'jtOtEFyx4RZwh1RjfkzhZvWiDgrg6LTmYg0rrkwo', 'false', '2021-06-22 09:57:30', '2021-06-22 09:57:30', NULL),
(104, 'lura schowalter', 'madge72@example.net', '$2y$10$TKh8H1.PfQx37YgCzwiKb.KjNyWgaHb9cbcoQgdIVFlYg7B77UdFm', 'KDtSnOANyc', '1', NULL, 'true', '2021-06-22 09:57:30', '2021-06-22 09:57:30', NULL),
(105, 'chaz emmerich', 'sbeer@example.com', '$2y$10$TKh8H1.PfQx37YgCzwiKb.KjNyWgaHb9cbcoQgdIVFlYg7B77UdFm', 'VjcoT1tvvA', '1', NULL, 'false', '2021-06-22 09:57:30', '2021-06-22 09:57:30', NULL),
(106, 'luna wuckert', 'cassin.dorothea@example.org', '$2y$10$TKh8H1.PfQx37YgCzwiKb.KjNyWgaHb9cbcoQgdIVFlYg7B77UdFm', 'R6kKr2yKmy', '0', 'kMIkgl8sfHZkSrx6tlUI1TuS3oYgH6ESXWtMPlZS', 'true', '2021-06-22 09:57:30', '2021-06-22 09:57:30', NULL),
(107, 'toby zemlak ii', 'mann.janice@example.net', '$2y$10$TKh8H1.PfQx37YgCzwiKb.KjNyWgaHb9cbcoQgdIVFlYg7B77UdFm', 'JAcqbxVSSL', '0', '9qvl1KPjJ0mWZgkBjaPnTMk0lAflLFpiVGH4TM3b', 'true', '2021-06-22 09:57:30', '2021-06-22 09:57:30', NULL),
(108, 'nannie kerluke sr.', 'jdickens@example.org', '$2y$10$TKh8H1.PfQx37YgCzwiKb.KjNyWgaHb9cbcoQgdIVFlYg7B77UdFm', '85GeD3LDy7', '1', NULL, 'false', '2021-06-22 09:57:30', '2021-06-22 09:57:30', NULL),
(109, 'montana marquardt', 'america.olson@example.net', '$2y$10$TKh8H1.PfQx37YgCzwiKb.KjNyWgaHb9cbcoQgdIVFlYg7B77UdFm', '5PE3KwbHiH', '0', 'NirMeRUureEPW3tVFMYfDxahGrCuTSanVcVDJujC', 'false', '2021-06-22 09:57:30', '2021-06-22 09:57:30', NULL),
(110, 'elliot jacobi', 'ethyl95@example.com', '$2y$10$TKh8H1.PfQx37YgCzwiKb.KjNyWgaHb9cbcoQgdIVFlYg7B77UdFm', 'ssqWWExP2n', '0', 'CxGHr2CR0IDgRZM5L1OPj8Fsqxs37tRrp70XFUZW', 'true', '2021-06-22 09:57:30', '2021-06-22 09:57:30', NULL),
(111, 'miss ruth strosin', 'ara.leuschke@example.org', '$2y$10$TKh8H1.PfQx37YgCzwiKb.KjNyWgaHb9cbcoQgdIVFlYg7B77UdFm', 'sAMYiI8lGG', '1', NULL, 'true', '2021-06-22 09:57:30', '2021-06-22 09:57:30', NULL),
(112, 'dr. bonita hirthe', 'ukoepp@example.net', '$2y$10$TKh8H1.PfQx37YgCzwiKb.KjNyWgaHb9cbcoQgdIVFlYg7B77UdFm', 'nngd7bTX2O', '1', NULL, 'false', '2021-06-22 09:57:30', '2021-06-22 09:57:30', NULL),
(113, 'mathias auer', 'brody.schmidt@example.net', '$2y$10$TKh8H1.PfQx37YgCzwiKb.KjNyWgaHb9cbcoQgdIVFlYg7B77UdFm', 'V5vNwpaVpx', '1', NULL, 'true', '2021-06-22 09:57:30', '2021-06-22 09:57:30', NULL),
(114, 'mr. jan green', 'heber42@example.org', '$2y$10$TKh8H1.PfQx37YgCzwiKb.KjNyWgaHb9cbcoQgdIVFlYg7B77UdFm', 'DdT1HINvIh', '1', NULL, 'true', '2021-06-22 09:57:30', '2021-06-22 09:57:30', NULL),
(115, 'ms. kaya kuhn jr.', 'mohr.vita@example.com', '$2y$10$TKh8H1.PfQx37YgCzwiKb.KjNyWgaHb9cbcoQgdIVFlYg7B77UdFm', 'tf0EJO86KB', '0', 'RdOLsi3y7PaVAHtiitjrZS9gT80Ed3TjQD81nZq0', 'false', '2021-06-22 09:57:30', '2021-06-22 09:57:30', NULL),
(116, 'loy gleichner', 'glenna.kulas@example.net', '$2y$10$TKh8H1.PfQx37YgCzwiKb.KjNyWgaHb9cbcoQgdIVFlYg7B77UdFm', 'oxDMFTl39z', '1', NULL, 'false', '2021-06-22 09:57:30', '2021-06-22 09:57:30', NULL),
(117, 'bernard conn', 'maritza82@example.com', '$2y$10$TKh8H1.PfQx37YgCzwiKb.KjNyWgaHb9cbcoQgdIVFlYg7B77UdFm', 'qEDUrrDAt0', '0', 'VgD5EiaOll9EVpAEK15cSsUnpJ9MvAKhUKSiOUAb', 'false', '2021-06-22 09:57:30', '2021-06-22 09:57:30', NULL),
(118, 'mr. joseph lehner i', 'mercedes.gleichner@example.org', '$2y$10$TKh8H1.PfQx37YgCzwiKb.KjNyWgaHb9cbcoQgdIVFlYg7B77UdFm', 'rJ96jUDtKM', '0', 'SVNgmpqF0378aHN88WVtLvHF69rcj3aRfGSIGJRV', 'false', '2021-06-22 09:57:30', '2021-06-22 09:57:30', NULL),
(119, 'hal sanford jr.', 'arden.quitzon@example.net', '$2y$10$TKh8H1.PfQx37YgCzwiKb.KjNyWgaHb9cbcoQgdIVFlYg7B77UdFm', 'NJQWRGWy94', '0', 'AU9QanftiNQQl006ozQlxRSYLfLn0yCrvSvxS6Fe', 'true', '2021-06-22 09:57:30', '2021-06-22 09:57:30', NULL),
(120, 'elroy rodriguez', 'rebeca.zboncak@example.org', '$2y$10$TKh8H1.PfQx37YgCzwiKb.KjNyWgaHb9cbcoQgdIVFlYg7B77UdFm', 'SfmObNznA1', '0', 'SLaosrwrsRScVxifXovwnYVGttLfZG5qExA45OqR', 'true', '2021-06-22 09:57:30', '2021-06-22 09:57:30', NULL),
(121, 'carroll gutkowski', 'peggie12@example.com', '$2y$10$TKh8H1.PfQx37YgCzwiKb.KjNyWgaHb9cbcoQgdIVFlYg7B77UdFm', 'gB0w62i1S9', '1', NULL, 'false', '2021-06-22 09:57:30', '2021-06-22 09:57:30', NULL),
(122, 'prof. skye wiegand', 'haven.lind@example.com', '$2y$10$TKh8H1.PfQx37YgCzwiKb.KjNyWgaHb9cbcoQgdIVFlYg7B77UdFm', 'qdyNc17lOv', '0', 'oLJ3ggdOFzGJvuA35UE2nCZTHWxytzsNjgnnaHzP', 'false', '2021-06-22 09:57:30', '2021-06-22 09:57:30', NULL),
(123, 'rico paucek', 'legros.alexandrea@example.net', '$2y$10$TKh8H1.PfQx37YgCzwiKb.KjNyWgaHb9cbcoQgdIVFlYg7B77UdFm', '7i8J52zlc3', '0', 'mWZquY6zcqFccYIhaBQKiHrYu5iwQafLtXp1a4Dn', 'false', '2021-06-22 09:57:30', '2021-06-22 09:57:30', NULL),
(124, 'leslie breitenberg', 'jayda11@example.net', '$2y$10$TKh8H1.PfQx37YgCzwiKb.KjNyWgaHb9cbcoQgdIVFlYg7B77UdFm', 'lgWU9Lk8Xl', '1', NULL, 'false', '2021-06-22 09:57:30', '2021-06-22 09:57:30', NULL),
(125, 'mrs. hildegard blick iv', 'enoch63@example.org', '$2y$10$TKh8H1.PfQx37YgCzwiKb.KjNyWgaHb9cbcoQgdIVFlYg7B77UdFm', 'OYIe1x14OL', '0', 'yya8YNYodsoYAsKvm4an3hrIVzl4P1xrKhbYQwmW', 'true', '2021-06-22 09:57:30', '2021-06-22 09:57:30', NULL),
(126, 'prof. aubrey abshire jr.', 'imani.rohan@example.net', '$2y$10$TKh8H1.PfQx37YgCzwiKb.KjNyWgaHb9cbcoQgdIVFlYg7B77UdFm', 'YHCnF4wixu', '0', 'Q8stx4HVD3RAaBISSBaHVq6r0TQiam0v9V6hkKA5', 'false', '2021-06-22 09:57:30', '2021-06-22 09:57:30', NULL),
(127, 'dr. maegan wyman v', 'laltenwerth@example.net', '$2y$10$TKh8H1.PfQx37YgCzwiKb.KjNyWgaHb9cbcoQgdIVFlYg7B77UdFm', 'GUBka7FpJM', '0', '4g3z0W0sI7SZOLS9iEEIJjdS0JkLmJTuLsFGYDe2', 'true', '2021-06-22 09:57:30', '2021-06-22 09:57:30', NULL),
(128, 'wanda lehner', 'mbalistreri@example.com', '$2y$10$TKh8H1.PfQx37YgCzwiKb.KjNyWgaHb9cbcoQgdIVFlYg7B77UdFm', 'oYH0aQy16G', '0', 'uubL8XPys6PauxUWWjtMpII5rQRCkeiIlYiguPT6', 'true', '2021-06-22 09:57:30', '2021-06-22 09:57:30', NULL),
(129, 'rosanna feeney md', 'aracely.lind@example.net', '$2y$10$TKh8H1.PfQx37YgCzwiKb.KjNyWgaHb9cbcoQgdIVFlYg7B77UdFm', 'hbXjt8x3PJ', '0', '3kN1dB9HilVnA0kFb0P5k3M86gxSHdALTvf3CL0E', 'true', '2021-06-22 09:57:30', '2021-06-22 09:57:30', NULL),
(130, 'ms. danyka franecki', 'abby.doyle@example.net', '$2y$10$TKh8H1.PfQx37YgCzwiKb.KjNyWgaHb9cbcoQgdIVFlYg7B77UdFm', 'nyGkVugBLU', '1', NULL, 'true', '2021-06-22 09:57:30', '2021-06-22 09:57:30', NULL),
(131, 'addie bashirian', 'rex41@example.net', '$2y$10$TKh8H1.PfQx37YgCzwiKb.KjNyWgaHb9cbcoQgdIVFlYg7B77UdFm', 'eS6lQDijyh', '0', 'qK8bxDMwBM63YxIwSp885ZMzWpVXM0FnM9yJsXVs', 'false', '2021-06-22 09:57:30', '2021-06-22 09:57:30', NULL),
(132, 'cassidy schinner', 'daron.dicki@example.net', '$2y$10$TKh8H1.PfQx37YgCzwiKb.KjNyWgaHb9cbcoQgdIVFlYg7B77UdFm', 'LqekzwzJFX', '0', 'ZIypqAaqfwODyRBVOJPqNWeHnC3sOpdZXhaZbovg', 'false', '2021-06-22 09:57:30', '2021-06-22 09:57:30', NULL),
(133, 'mr. leif witting', 'eloy.buckridge@example.com', '$2y$10$TKh8H1.PfQx37YgCzwiKb.KjNyWgaHb9cbcoQgdIVFlYg7B77UdFm', 'L4aJwk1D5T', '1', NULL, 'false', '2021-06-22 09:57:30', '2021-06-22 09:57:30', NULL),
(134, 'katarina towne phd', 'pmoore@example.com', '$2y$10$TKh8H1.PfQx37YgCzwiKb.KjNyWgaHb9cbcoQgdIVFlYg7B77UdFm', '0fAKFcwvs9', '1', NULL, 'true', '2021-06-22 09:57:30', '2021-06-22 09:57:30', NULL),
(135, 'ryann reinger', 'dibbert.alexa@example.com', '$2y$10$TKh8H1.PfQx37YgCzwiKb.KjNyWgaHb9cbcoQgdIVFlYg7B77UdFm', 'waj81euEke', '0', 'isCRgmQBILYl8U2pfw4fHYTaar7G2kGhJxtDBbxE', 'false', '2021-06-22 09:57:30', '2021-06-22 09:57:30', NULL),
(136, 'caleigh gorczany iii', 'cruickshank.zechariah@example.com', '$2y$10$TKh8H1.PfQx37YgCzwiKb.KjNyWgaHb9cbcoQgdIVFlYg7B77UdFm', 'syf4Fjhis9', '0', '6u5JmSq32fJz5Wi5WrDaFBEB6duFgHr0ACldgdse', 'false', '2021-06-22 09:57:30', '2021-06-22 09:57:30', NULL),
(137, 'tressie renner', 'onie.feest@example.org', '$2y$10$TKh8H1.PfQx37YgCzwiKb.KjNyWgaHb9cbcoQgdIVFlYg7B77UdFm', 'U2aDwSNDBb', '0', 'DW657CaIyerxaRX97Bfj4zMKJka9RZ5CUuMmHwPc', 'true', '2021-06-22 09:57:30', '2021-06-22 09:57:30', NULL),
(138, 'tomasa king v', 'jkautzer@example.com', '$2y$10$TKh8H1.PfQx37YgCzwiKb.KjNyWgaHb9cbcoQgdIVFlYg7B77UdFm', 'C7jhnxs8aG', '1', NULL, 'false', '2021-06-22 09:57:30', '2021-06-22 09:57:30', NULL),
(139, 'evert quitzon iv', 'mckenzie.helene@example.com', '$2y$10$TKh8H1.PfQx37YgCzwiKb.KjNyWgaHb9cbcoQgdIVFlYg7B77UdFm', 'fbRGE8ANia', '0', '5h6SqFS6qrWtJ6SMt7JZzn9eIgnM7icus52SRoTz', 'false', '2021-06-22 09:57:30', '2021-06-22 09:57:30', NULL),
(140, 'prof. hyman roberts sr.', 'pmann@example.org', '$2y$10$TKh8H1.PfQx37YgCzwiKb.KjNyWgaHb9cbcoQgdIVFlYg7B77UdFm', 'mOYZryh71u', '1', NULL, 'false', '2021-06-22 09:57:30', '2021-06-22 09:57:30', NULL),
(141, 'micheal stracke ii', 'lew.metz@example.net', '$2y$10$TKh8H1.PfQx37YgCzwiKb.KjNyWgaHb9cbcoQgdIVFlYg7B77UdFm', 'B6pETLB6Uh', '0', 'cMhQDzeRt4rq63RKSlwDpP9RElloFbwuZlpSMOzk', 'true', '2021-06-22 09:57:30', '2021-06-22 09:57:30', NULL),
(142, 'kellie lynch', 'price.everett@example.net', '$2y$10$TKh8H1.PfQx37YgCzwiKb.KjNyWgaHb9cbcoQgdIVFlYg7B77UdFm', 'iHHOV3LCQb', '0', 'OGuRnNMzJ11aaEZctKPt9bDqDp9tc0oCVNo5N0df', 'false', '2021-06-22 09:57:30', '2021-06-22 09:57:30', NULL),
(143, 'lela keeling', 'white.brennan@example.org', '$2y$10$TKh8H1.PfQx37YgCzwiKb.KjNyWgaHb9cbcoQgdIVFlYg7B77UdFm', '8JGdwvgq6g', '1', NULL, 'false', '2021-06-22 09:57:30', '2021-06-22 09:57:30', NULL),
(144, 'mrs. arielle klein', 'weber.antwon@example.net', '$2y$10$TKh8H1.PfQx37YgCzwiKb.KjNyWgaHb9cbcoQgdIVFlYg7B77UdFm', 'uDHkqlNZzT', '1', NULL, 'false', '2021-06-22 09:57:30', '2021-06-22 09:57:30', NULL),
(145, 'marta mcclure', 'charlene.bednar@example.com', '$2y$10$TKh8H1.PfQx37YgCzwiKb.KjNyWgaHb9cbcoQgdIVFlYg7B77UdFm', 'N5eU27bx30', '1', NULL, 'true', '2021-06-22 09:57:30', '2021-06-22 09:57:30', NULL),
(146, 'nikko morar', 'hobart96@example.com', '$2y$10$TKh8H1.PfQx37YgCzwiKb.KjNyWgaHb9cbcoQgdIVFlYg7B77UdFm', 'UI48B35Wod', '1', NULL, 'false', '2021-06-22 09:57:30', '2021-06-22 09:57:30', NULL),
(147, 'noah schiller jr.', 'avis.runolfsson@example.net', '$2y$10$TKh8H1.PfQx37YgCzwiKb.KjNyWgaHb9cbcoQgdIVFlYg7B77UdFm', 'cbDdbm8Nqp', '1', NULL, 'false', '2021-06-22 09:57:30', '2021-06-22 09:57:30', NULL),
(148, 'antonetta prosacco', 'perry23@example.org', '$2y$10$TKh8H1.PfQx37YgCzwiKb.KjNyWgaHb9cbcoQgdIVFlYg7B77UdFm', 'Q6xGd6DuBc', '1', NULL, 'false', '2021-06-22 09:57:30', '2021-06-22 09:57:30', NULL),
(149, 'dr. thaddeus miller', 'kavon05@example.org', '$2y$10$TKh8H1.PfQx37YgCzwiKb.KjNyWgaHb9cbcoQgdIVFlYg7B77UdFm', '4GebJb5sQU', '0', 'MvFo4W1c0FokXg3jKeMk8TMsUNeS0L1hVfepMM59', 'true', '2021-06-22 09:57:30', '2021-06-22 09:57:30', NULL),
(150, 'camden balistreri', 'alanis11@example.org', '$2y$10$TKh8H1.PfQx37YgCzwiKb.KjNyWgaHb9cbcoQgdIVFlYg7B77UdFm', 'y4hse3AbCd', '0', '1VQ1R9pjXeJFKu0dAzsuCGDzylNoMkUVsufqtVCq', 'false', '2021-06-22 09:57:30', '2021-06-22 09:57:30', NULL),
(151, 'mr. davion lockman', 'roob.ron@example.org', '$2y$10$TKh8H1.PfQx37YgCzwiKb.KjNyWgaHb9cbcoQgdIVFlYg7B77UdFm', 'mntmL2I414', '1', NULL, 'false', '2021-06-22 09:57:30', '2021-06-22 09:57:30', NULL),
(152, 'preston adams', 'tprohaska@example.net', '$2y$10$TKh8H1.PfQx37YgCzwiKb.KjNyWgaHb9cbcoQgdIVFlYg7B77UdFm', 'DLiMduvu70', '0', 'k5nkztfJFhQkS10hnRj0c1Y2Gkxie8OYzrtwULEz', 'true', '2021-06-22 09:57:30', '2021-06-22 09:57:30', NULL),
(153, 'miss jazlyn boyer iv', 'shaylee.jaskolski@example.org', '$2y$10$TKh8H1.PfQx37YgCzwiKb.KjNyWgaHb9cbcoQgdIVFlYg7B77UdFm', 'hV7cDrnLyY', '1', NULL, 'true', '2021-06-22 09:57:30', '2021-06-22 09:57:30', NULL),
(154, 'mr. terry jacobson iv', 'abshire.ludie@example.com', '$2y$10$TKh8H1.PfQx37YgCzwiKb.KjNyWgaHb9cbcoQgdIVFlYg7B77UdFm', 'Ye2meZMXJO', '1', NULL, 'false', '2021-06-22 09:57:30', '2021-06-22 09:57:30', NULL),
(155, 'miller goyette dvm', 'rau.darrick@example.com', '$2y$10$TKh8H1.PfQx37YgCzwiKb.KjNyWgaHb9cbcoQgdIVFlYg7B77UdFm', 'X1C76ECbPS', '1', NULL, 'true', '2021-06-22 09:57:30', '2021-06-22 09:57:30', NULL),
(156, 'ms. kaylie walker', 'ydouglas@example.org', '$2y$10$TKh8H1.PfQx37YgCzwiKb.KjNyWgaHb9cbcoQgdIVFlYg7B77UdFm', 'FAN50MjbRk', '1', NULL, 'false', '2021-06-22 09:57:30', '2021-06-22 09:57:30', NULL),
(157, 'annette lakin ii', 'xmosciski@example.com', '$2y$10$TKh8H1.PfQx37YgCzwiKb.KjNyWgaHb9cbcoQgdIVFlYg7B77UdFm', 'XhW4yWGzxT', '0', 'HyfLZw2NzJ2UY7ofA60Z6iWSEcZAYPfkLUY8toNb', 'true', '2021-06-22 09:57:30', '2021-06-22 09:57:30', NULL),
(158, 'melisa kertzmann phd', 'christy02@example.com', '$2y$10$TKh8H1.PfQx37YgCzwiKb.KjNyWgaHb9cbcoQgdIVFlYg7B77UdFm', 'qAjheiAkD9', '0', 'yrnAxj4cuxMn8ka252BAtl9n2SrZfEgDZph6tzJ6', 'false', '2021-06-22 09:57:30', '2021-06-22 09:57:30', NULL),
(159, 'jaren green', 'shawn95@example.net', '$2y$10$TKh8H1.PfQx37YgCzwiKb.KjNyWgaHb9cbcoQgdIVFlYg7B77UdFm', 'a2FRIpW0W1', '0', 'f5iu4e15uBv7o7kTsSh8Cm8OVHgHROzBOAK0yNZ7', 'false', '2021-06-22 09:57:30', '2021-06-22 09:57:30', NULL),
(160, 'crystal schmidt', 'wunsch.rowland@example.org', '$2y$10$TKh8H1.PfQx37YgCzwiKb.KjNyWgaHb9cbcoQgdIVFlYg7B77UdFm', 'k9zcGXkURh', '1', NULL, 'false', '2021-06-22 09:57:30', '2021-06-22 09:57:30', NULL),
(161, 'dasia rempel', 'barbara36@example.com', '$2y$10$TKh8H1.PfQx37YgCzwiKb.KjNyWgaHb9cbcoQgdIVFlYg7B77UdFm', 'dChVjzsFNH', '0', 'ECGgGLucFf77pKbbMeUsQjFizUMlaryE2DTjGkew', 'true', '2021-06-22 09:57:30', '2021-06-22 09:57:30', NULL),
(162, 'dr. russ bernier', 'wisoky.laverna@example.net', '$2y$10$TKh8H1.PfQx37YgCzwiKb.KjNyWgaHb9cbcoQgdIVFlYg7B77UdFm', 'OOAvhnQO4A', '1', NULL, 'false', '2021-06-22 09:57:30', '2021-06-22 09:57:30', NULL),
(163, 'maci conroy', 'damore.clare@example.net', '$2y$10$TKh8H1.PfQx37YgCzwiKb.KjNyWgaHb9cbcoQgdIVFlYg7B77UdFm', 'xoeOVPuou5', '0', '4UNqklxcoFPwFC9wunTgyiEkSpslf52Md5TsKPOA', 'true', '2021-06-22 09:57:30', '2021-06-22 09:57:30', NULL),
(164, 'cleve kassulke iv', 'brandyn.dicki@example.com', '$2y$10$TKh8H1.PfQx37YgCzwiKb.KjNyWgaHb9cbcoQgdIVFlYg7B77UdFm', 'xFBtELgR3v', '1', NULL, 'false', '2021-06-22 09:57:30', '2021-06-22 09:57:30', NULL),
(165, 'eloy grimes', 'leffler.lucinda@example.net', '$2y$10$TKh8H1.PfQx37YgCzwiKb.KjNyWgaHb9cbcoQgdIVFlYg7B77UdFm', '50RF8FO8ds', '1', NULL, 'true', '2021-06-22 09:57:30', '2021-06-22 09:57:30', NULL),
(166, 'dr. casimer senger v', 'durgan.ivah@example.org', '$2y$10$TKh8H1.PfQx37YgCzwiKb.KjNyWgaHb9cbcoQgdIVFlYg7B77UdFm', 'm7W2ETIAJv', '1', NULL, 'true', '2021-06-22 09:57:30', '2021-06-22 09:57:30', NULL),
(167, 'miss destinee little', 'ariane.weimann@example.net', '$2y$10$TKh8H1.PfQx37YgCzwiKb.KjNyWgaHb9cbcoQgdIVFlYg7B77UdFm', 'C4sB10zmCR', '1', NULL, 'false', '2021-06-22 09:57:30', '2021-06-22 09:57:30', NULL),
(168, 'lea grady', 'clifton.stokes@example.net', '$2y$10$TKh8H1.PfQx37YgCzwiKb.KjNyWgaHb9cbcoQgdIVFlYg7B77UdFm', 'JgF5HUG8Rm', '0', 'k0dgIpsUsEDoJnx1zEeu5K7rcSNizaWOqkLmYN7B', 'true', '2021-06-22 09:57:30', '2021-06-22 09:57:30', NULL),
(169, 'rodrigo waelchi dvm', 'carolyne.purdy@example.net', '$2y$10$TKh8H1.PfQx37YgCzwiKb.KjNyWgaHb9cbcoQgdIVFlYg7B77UdFm', 'e6NMsd9iaT', '0', 's133FKjjGrYopFsGjjP21hMoJzPAHJ1guXVGbHNb', 'true', '2021-06-22 09:57:30', '2021-06-22 09:57:30', NULL),
(170, 'dr. willis veum iv', 'lee67@example.org', '$2y$10$TKh8H1.PfQx37YgCzwiKb.KjNyWgaHb9cbcoQgdIVFlYg7B77UdFm', 'OJt8IStgwI', '1', NULL, 'false', '2021-06-22 09:57:30', '2021-06-22 09:57:30', NULL),
(171, 'prof. lily klein', 'batz.dagmar@example.com', '$2y$10$TKh8H1.PfQx37YgCzwiKb.KjNyWgaHb9cbcoQgdIVFlYg7B77UdFm', 'Ynucq4Ixlj', '1', NULL, 'false', '2021-06-22 09:57:30', '2021-06-22 09:57:30', NULL),
(172, 'miss josefa schmidt dds', 'gabrielle.abernathy@example.org', '$2y$10$TKh8H1.PfQx37YgCzwiKb.KjNyWgaHb9cbcoQgdIVFlYg7B77UdFm', 'q9QITO2oMl', '0', 'cpvDf4um7tZpPENfJdnBPGkcqQJW0AsLBM6fSD7x', 'true', '2021-06-22 09:57:30', '2021-06-22 09:57:30', NULL),
(173, 'dr. lindsey sanford iv', 'vhettinger@example.com', '$2y$10$TKh8H1.PfQx37YgCzwiKb.KjNyWgaHb9cbcoQgdIVFlYg7B77UdFm', 'zJt7NzpTON', '0', 'UJod0gohGtOp8wgjufkKoBpck1JhMkyYgcIVgDht', 'true', '2021-06-22 09:57:30', '2021-06-22 09:57:30', NULL),
(174, 'guadalupe konopelski', 'jennings.mayert@example.com', '$2y$10$TKh8H1.PfQx37YgCzwiKb.KjNyWgaHb9cbcoQgdIVFlYg7B77UdFm', 'AlABfjAL7N', '1', NULL, 'false', '2021-06-22 09:57:30', '2021-06-22 09:57:30', NULL),
(175, 'dr. damien bauch iii', 'mavis07@example.net', '$2y$10$TKh8H1.PfQx37YgCzwiKb.KjNyWgaHb9cbcoQgdIVFlYg7B77UdFm', 'ljDkjxv8aY', '0', 'focGs9Iji2AeAs0dOQnS61IZNF470DCPE6TxFeWC', 'false', '2021-06-22 09:57:30', '2021-06-22 09:57:30', NULL),
(176, 'darrin yundt', 'abshire.elza@example.com', '$2y$10$TKh8H1.PfQx37YgCzwiKb.KjNyWgaHb9cbcoQgdIVFlYg7B77UdFm', 'nkezo1urlV', '0', 'ONJFDWKKo48t8dQxCF93ARDXgN1YAPsli5IkL1sB', 'false', '2021-06-22 09:57:30', '2021-06-22 09:57:30', NULL),
(177, 'jena jacobi', 'bradtke.lukas@example.org', '$2y$10$TKh8H1.PfQx37YgCzwiKb.KjNyWgaHb9cbcoQgdIVFlYg7B77UdFm', 'JR90QWS67T', '0', '05ijMup55iTOaOOoeakj34otryrDyBSEflPl7kqA', 'false', '2021-06-22 09:57:30', '2021-06-22 09:57:30', NULL),
(178, 'prof. camryn friesen phd', 'madilyn87@example.com', '$2y$10$TKh8H1.PfQx37YgCzwiKb.KjNyWgaHb9cbcoQgdIVFlYg7B77UdFm', 'jpQDDBWG3i', '0', 'pwOMIxbwBDP0ytdYb6ZXQsSeDwpkMpp1BdZrzs6H', 'false', '2021-06-22 09:57:30', '2021-06-22 09:57:30', NULL),
(179, 'mr. jessy conroy v', 'funk.elza@example.net', '$2y$10$TKh8H1.PfQx37YgCzwiKb.KjNyWgaHb9cbcoQgdIVFlYg7B77UdFm', '50U0vMOtFH', '1', NULL, 'true', '2021-06-22 09:57:30', '2021-06-22 09:57:30', NULL),
(180, 'kaitlin okuneva', 'hazle.damore@example.com', '$2y$10$TKh8H1.PfQx37YgCzwiKb.KjNyWgaHb9cbcoQgdIVFlYg7B77UdFm', 'NpdBGiodoV', '0', 'pJVsAFOmNr90l17Xp3Pr0EiuUgFPdLJbNbUpTq25', 'true', '2021-06-22 09:57:30', '2021-06-22 09:57:30', NULL),
(181, 'dr. maxime hyatt', 'verla.mcglynn@example.com', '$2y$10$TKh8H1.PfQx37YgCzwiKb.KjNyWgaHb9cbcoQgdIVFlYg7B77UdFm', 'nhhamFvw9u', '0', 'tlDDe3FzJaHUgDhnbRXaiZyQMhkNaw3XLPRWeDOR', 'false', '2021-06-22 09:57:30', '2021-06-22 09:57:30', NULL),
(182, 'ms. etha kautzer', 'glover.jaylen@example.net', '$2y$10$TKh8H1.PfQx37YgCzwiKb.KjNyWgaHb9cbcoQgdIVFlYg7B77UdFm', 'szIBMMnev8', '0', '0YUFg9xYmsfn5CUWG9IPvzlGpdXYRbGGQWAZdfaC', 'false', '2021-06-22 09:57:30', '2021-06-22 09:57:30', NULL),
(183, 'lavonne o\'reilly', 'daphney19@example.org', '$2y$10$TKh8H1.PfQx37YgCzwiKb.KjNyWgaHb9cbcoQgdIVFlYg7B77UdFm', '3go8wyyTtm', '1', NULL, 'true', '2021-06-22 09:57:31', '2021-06-22 09:57:31', NULL),
(184, 'mr. emmitt davis jr.', 'addison58@example.org', '$2y$10$TKh8H1.PfQx37YgCzwiKb.KjNyWgaHb9cbcoQgdIVFlYg7B77UdFm', '6KCf8QMYnr', '0', 'VufEAIsA92bZP82wHD37p50mgMhbgaT0sGWT3eWF', 'false', '2021-06-22 09:57:31', '2021-06-22 09:57:31', NULL),
(185, 'prof. kody ruecker md', 'ikuhn@example.com', '$2y$10$TKh8H1.PfQx37YgCzwiKb.KjNyWgaHb9cbcoQgdIVFlYg7B77UdFm', '364zp738eA', '1', NULL, 'false', '2021-06-22 09:57:31', '2021-06-22 09:57:31', NULL),
(186, 'gonzalo morar', 'lockman.britney@example.com', '$2y$10$TKh8H1.PfQx37YgCzwiKb.KjNyWgaHb9cbcoQgdIVFlYg7B77UdFm', 'efYFrJmUTB', '0', 'xRz2w9zTH91Faqyp6RJzBoxKArqjoVcgnjxItd2n', 'true', '2021-06-22 09:57:31', '2021-06-22 09:57:31', NULL),
(187, 'freeda friesen', 'jane62@example.com', '$2y$10$TKh8H1.PfQx37YgCzwiKb.KjNyWgaHb9cbcoQgdIVFlYg7B77UdFm', 'h6wSsrOe4Q', '1', NULL, 'true', '2021-06-22 09:57:31', '2021-06-22 09:57:31', NULL),
(188, 'franz turcotte', 'matteo.goyette@example.org', '$2y$10$TKh8H1.PfQx37YgCzwiKb.KjNyWgaHb9cbcoQgdIVFlYg7B77UdFm', 'mESz7Z33Mf', '1', NULL, 'false', '2021-06-22 09:57:31', '2021-06-22 09:57:31', NULL),
(189, 'maryam runte', 'orpha.fadel@example.net', '$2y$10$TKh8H1.PfQx37YgCzwiKb.KjNyWgaHb9cbcoQgdIVFlYg7B77UdFm', 'bjusCEnMPf', '0', 'x4ApZH7C8sgaMrPeBxKnpVgl4Tijj8a8qplDpFVF', 'true', '2021-06-22 09:57:31', '2021-06-22 09:57:31', NULL),
(190, 'melissa thompson dvm', 'elisha.spinka@example.org', '$2y$10$TKh8H1.PfQx37YgCzwiKb.KjNyWgaHb9cbcoQgdIVFlYg7B77UdFm', 'FQxuubfYjJ', '0', 'sLOuQ6MlRMM5KHs7GlfQXrPhdNQ9IyPwZ4z8vp7U', 'false', '2021-06-22 09:57:31', '2021-06-22 09:57:31', NULL),
(191, 'elisa schimmel', 'carson.rogahn@example.com', '$2y$10$TKh8H1.PfQx37YgCzwiKb.KjNyWgaHb9cbcoQgdIVFlYg7B77UdFm', 'eIAhGAdnhu', '1', NULL, 'true', '2021-06-22 09:57:31', '2021-06-22 09:57:31', NULL),
(192, 'orie quigley', 'fchamplin@example.com', '$2y$10$TKh8H1.PfQx37YgCzwiKb.KjNyWgaHb9cbcoQgdIVFlYg7B77UdFm', 'bE5KwvfHk4', '0', 'waulmgy5tzejkXeR5hy34rSyYhsfEQ1a1GjlJZZb', 'true', '2021-06-22 09:57:31', '2021-06-22 09:57:31', NULL),
(193, 'molly senger', 'winnifred65@example.net', '$2y$10$TKh8H1.PfQx37YgCzwiKb.KjNyWgaHb9cbcoQgdIVFlYg7B77UdFm', 'W9FG8bHQME', '0', 'jrQuSKjII5bEjoQj1AMIlSOJmnA7Rbmn4j2LhjyP', 'true', '2021-06-22 09:57:31', '2021-06-22 09:57:31', NULL),
(194, 'mrs. emily hoppe iv', 'bartell.gayle@example.net', '$2y$10$TKh8H1.PfQx37YgCzwiKb.KjNyWgaHb9cbcoQgdIVFlYg7B77UdFm', 'tbAT2f5ECS', '1', NULL, 'true', '2021-06-22 09:57:31', '2021-06-22 09:57:31', NULL),
(195, 'gaylord hoppe', 'magnolia.strosin@example.com', '$2y$10$TKh8H1.PfQx37YgCzwiKb.KjNyWgaHb9cbcoQgdIVFlYg7B77UdFm', 'Byow60amww', '1', NULL, 'true', '2021-06-22 09:57:31', '2021-06-22 09:57:31', NULL),
(196, 'rosella torp', 'elnora.bernier@example.net', '$2y$10$TKh8H1.PfQx37YgCzwiKb.KjNyWgaHb9cbcoQgdIVFlYg7B77UdFm', 'n9pMmemklj', '1', NULL, 'true', '2021-06-22 09:57:31', '2021-06-22 09:57:31', NULL),
(197, 'macy heathcote', 'sbrekke@example.org', '$2y$10$TKh8H1.PfQx37YgCzwiKb.KjNyWgaHb9cbcoQgdIVFlYg7B77UdFm', 'EqYknluVBL', '0', 'Rf9dTKEAvONwOkQRquINUf1kTH4wAAPP9jrkHwMh', 'false', '2021-06-22 09:57:31', '2021-06-22 09:57:31', NULL),
(198, 'manuela goldner iii', 'white.shanie@example.org', '$2y$10$TKh8H1.PfQx37YgCzwiKb.KjNyWgaHb9cbcoQgdIVFlYg7B77UdFm', 'hHL0RWJ352', '1', NULL, 'false', '2021-06-22 09:57:31', '2021-06-22 09:57:31', NULL),
(199, 'prof. theresia schuster dvm', 'ghammes@example.org', '$2y$10$TKh8H1.PfQx37YgCzwiKb.KjNyWgaHb9cbcoQgdIVFlYg7B77UdFm', 'm1vPeTsqSa', '1', NULL, 'false', '2021-06-22 09:57:31', '2021-06-22 09:57:31', NULL),
(200, 'mr. cleo stehr jr.', 'kkihn@example.org', '$2y$10$TKh8H1.PfQx37YgCzwiKb.KjNyWgaHb9cbcoQgdIVFlYg7B77UdFm', 'buqMQCO8Zp', '0', 'dS3ZLvw6htzrmMbdr4ni1mx8Nzd6VMbwI0BDJk3f', 'false', '2021-06-22 09:57:31', '2021-06-22 09:57:31', NULL),
(201, 'guillermo stark ii', 'kaylie28@example.org', '$2y$10$TKh8H1.PfQx37YgCzwiKb.KjNyWgaHb9cbcoQgdIVFlYg7B77UdFm', 'mr3JJHBMNZ', '0', 'DcIXzGdRRSArpMA8WhYKDsBJGNtE0EvKdGBYqJxm', 'false', '2021-06-22 09:57:31', '2021-06-22 09:57:31', NULL),
(202, 'dr. maude koch', 'kayli20@example.com', '$2y$10$TKh8H1.PfQx37YgCzwiKb.KjNyWgaHb9cbcoQgdIVFlYg7B77UdFm', 'ywbIyDKhCj', '0', 'WbbOpqYwoSU16Fn8AG1THjaxdJVNizVmYmN1XWRT', 'false', '2021-06-22 09:57:31', '2021-06-22 09:57:31', NULL),
(203, 'tod moore', 'eulah.nikolaus@example.org', '$2y$10$TKh8H1.PfQx37YgCzwiKb.KjNyWgaHb9cbcoQgdIVFlYg7B77UdFm', 'Nd4LXfrteY', '1', NULL, 'false', '2021-06-22 09:57:31', '2021-06-22 09:57:31', NULL),
(204, 'bryon parker jr.', 'zjast@example.net', '$2y$10$TKh8H1.PfQx37YgCzwiKb.KjNyWgaHb9cbcoQgdIVFlYg7B77UdFm', 'h8WzN5bRLq', '1', NULL, 'false', '2021-06-22 09:57:31', '2021-06-22 09:57:31', NULL),
(205, 'jakob jacobs', 'grimes.marilou@example.org', '$2y$10$TKh8H1.PfQx37YgCzwiKb.KjNyWgaHb9cbcoQgdIVFlYg7B77UdFm', 'Dw8yMX6Fmj', '0', 'KjTiLImNVp3IbKMoRJrWkfdR166WfAV6t5leYgXy', 'true', '2021-06-22 09:57:31', '2021-06-22 09:57:31', NULL),
(206, 'mr. eliezer moen', 'arianna.windler@example.org', '$2y$10$TKh8H1.PfQx37YgCzwiKb.KjNyWgaHb9cbcoQgdIVFlYg7B77UdFm', 'EDmbr6r8tW', '1', NULL, 'false', '2021-06-22 09:57:31', '2021-06-22 09:57:31', NULL),
(207, 'edwardo bogan', 'barton.grant@example.net', '$2y$10$TKh8H1.PfQx37YgCzwiKb.KjNyWgaHb9cbcoQgdIVFlYg7B77UdFm', 'ekEUDjyFpy', '1', NULL, 'true', '2021-06-22 09:57:31', '2021-06-22 09:57:31', NULL),
(208, 'marietta hackett', 'theron.fay@example.org', '$2y$10$TKh8H1.PfQx37YgCzwiKb.KjNyWgaHb9cbcoQgdIVFlYg7B77UdFm', 'NTcfO42MaJ', '1', NULL, 'true', '2021-06-22 09:57:31', '2021-06-22 09:57:31', NULL),
(209, 'ayden gislason md', 'vandervort.demetrius@example.com', '$2y$10$TKh8H1.PfQx37YgCzwiKb.KjNyWgaHb9cbcoQgdIVFlYg7B77UdFm', 't7OuQoX8Ee', '0', 'lMbfXSowSs1xhsMd96IqXlWVjQuoKLDZ0PQIjU53', 'true', '2021-06-22 09:57:31', '2021-06-22 09:57:31', NULL),
(210, 'dr. andreanne hyatt iv', 'werner.hayes@example.org', '$2y$10$TKh8H1.PfQx37YgCzwiKb.KjNyWgaHb9cbcoQgdIVFlYg7B77UdFm', 'todlyXxLTK', '1', NULL, 'false', '2021-06-22 09:57:31', '2021-06-22 09:57:31', NULL),
(211, 'leland thompson iii', 'ari45@example.org', '$2y$10$TKh8H1.PfQx37YgCzwiKb.KjNyWgaHb9cbcoQgdIVFlYg7B77UdFm', 'SCSjKZ1o62', '1', NULL, 'false', '2021-06-22 09:57:31', '2021-06-22 09:57:31', NULL),
(212, 'cierra wiegand', 'davin.bradtke@example.org', '$2y$10$TKh8H1.PfQx37YgCzwiKb.KjNyWgaHb9cbcoQgdIVFlYg7B77UdFm', 'I3Lrhhw4hw', '1', NULL, 'false', '2021-06-22 09:57:31', '2021-06-22 09:57:31', NULL),
(213, 'adrienne sipes', 'caroline.gleason@example.net', '$2y$10$TKh8H1.PfQx37YgCzwiKb.KjNyWgaHb9cbcoQgdIVFlYg7B77UdFm', 'QP7KicRxXR', '1', NULL, 'false', '2021-06-22 09:57:31', '2021-06-22 09:57:31', NULL),
(214, 'vincenzo nienow', 'dwillms@example.net', '$2y$10$TKh8H1.PfQx37YgCzwiKb.KjNyWgaHb9cbcoQgdIVFlYg7B77UdFm', 'T7OtXjBlQC', '1', NULL, 'true', '2021-06-22 09:57:31', '2021-06-22 09:57:31', NULL),
(215, 'ms. jennyfer runolfsdottir phd', 'verner05@example.net', '$2y$10$TKh8H1.PfQx37YgCzwiKb.KjNyWgaHb9cbcoQgdIVFlYg7B77UdFm', 'Jz5UkDHH0H', '1', NULL, 'true', '2021-06-22 09:57:31', '2021-06-22 09:57:31', NULL),
(216, 'maxine gottlieb dvm', 'cwalker@example.net', '$2y$10$TKh8H1.PfQx37YgCzwiKb.KjNyWgaHb9cbcoQgdIVFlYg7B77UdFm', 'HXoCRLi3GT', '1', NULL, 'false', '2021-06-22 09:57:31', '2021-06-22 09:57:31', NULL),
(217, 'dillon ullrich ii', 'shanel.schoen@example.com', '$2y$10$TKh8H1.PfQx37YgCzwiKb.KjNyWgaHb9cbcoQgdIVFlYg7B77UdFm', 'Wz3IMWpldn', '1', NULL, 'false', '2021-06-22 09:57:31', '2021-06-22 09:57:31', NULL),
(218, 'gladyce waelchi', 'dbechtelar@example.net', '$2y$10$TKh8H1.PfQx37YgCzwiKb.KjNyWgaHb9cbcoQgdIVFlYg7B77UdFm', 'PZuqachnIv', '0', 'PdU8DgC6VNe6wtIqWLIDJnw0R5FadGYUjz3XuaZb', 'true', '2021-06-22 09:57:31', '2021-06-22 09:57:31', NULL),
(219, 'erwin kuhn', 'btoy@example.net', '$2y$10$TKh8H1.PfQx37YgCzwiKb.KjNyWgaHb9cbcoQgdIVFlYg7B77UdFm', 'oytmFIsH1q', '1', NULL, 'false', '2021-06-22 09:57:31', '2021-06-22 09:57:31', NULL),
(220, 'mr. sherwood osinski', 'pfeeney@example.net', '$2y$10$TKh8H1.PfQx37YgCzwiKb.KjNyWgaHb9cbcoQgdIVFlYg7B77UdFm', 'V0rkvFzZOk', '1', NULL, 'true', '2021-06-22 09:57:31', '2021-06-22 09:57:31', NULL),
(221, 'kattie ryan', 'conor69@example.net', '$2y$10$TKh8H1.PfQx37YgCzwiKb.KjNyWgaHb9cbcoQgdIVFlYg7B77UdFm', '2rNahCgJ8F', '1', NULL, 'false', '2021-06-22 09:57:31', '2021-06-22 09:57:31', NULL),
(222, 'delores jaskolski i', 'hstark@example.com', '$2y$10$TKh8H1.PfQx37YgCzwiKb.KjNyWgaHb9cbcoQgdIVFlYg7B77UdFm', '05PakBaYDe', '1', NULL, 'false', '2021-06-22 09:57:31', '2021-06-22 09:57:31', NULL),
(223, 'myrtis hartmann', 'quitzon.tad@example.com', '$2y$10$TKh8H1.PfQx37YgCzwiKb.KjNyWgaHb9cbcoQgdIVFlYg7B77UdFm', '7YBMib0Im5', '0', 'liC4p4qZyeSBr0bwbaX80fHu5QPwBq2Fjb8X4UGv', 'true', '2021-06-22 09:57:31', '2021-06-22 09:57:31', NULL),
(224, 'marietta senger', 'sienna03@example.org', '$2y$10$TKh8H1.PfQx37YgCzwiKb.KjNyWgaHb9cbcoQgdIVFlYg7B77UdFm', '91LixNZ4Da', '0', 'vTX3h3Iw0stRsX0RqeMW7WnmpWP6YLReG3tRrIde', 'false', '2021-06-22 09:57:31', '2021-06-22 09:57:31', NULL),
(225, 'prof. dakota flatley sr.', 'murray.okeefe@example.com', '$2y$10$TKh8H1.PfQx37YgCzwiKb.KjNyWgaHb9cbcoQgdIVFlYg7B77UdFm', '3yANYT7LVG', '0', 'kWug5w7MaQ4kd86g1c7ZOegkH4DekID0CBKr6a5p', 'true', '2021-06-22 09:57:31', '2021-06-22 09:57:31', NULL),
(226, 'lacy ernser', 'yundt.ellis@example.org', '$2y$10$TKh8H1.PfQx37YgCzwiKb.KjNyWgaHb9cbcoQgdIVFlYg7B77UdFm', 'mWyfL1ETML', '1', NULL, 'true', '2021-06-22 09:57:31', '2021-06-22 09:57:31', NULL),
(227, 'roderick west', 'swaniawski.jessie@example.com', '$2y$10$TKh8H1.PfQx37YgCzwiKb.KjNyWgaHb9cbcoQgdIVFlYg7B77UdFm', 'hBaZ5D01H0', '1', NULL, 'false', '2021-06-22 09:57:31', '2021-06-22 09:57:31', NULL);
INSERT INTO `users` (`id`, `name`, `email`, `password`, `remember_token`, `verified`, `verification_token`, `admin`, `created_at`, `updated_at`, `deleted_at`) VALUES
(228, 'skylar rippin', 'karina.trantow@example.com', '$2y$10$TKh8H1.PfQx37YgCzwiKb.KjNyWgaHb9cbcoQgdIVFlYg7B77UdFm', 'x3CVgCZqTh', '0', 'jHCnJvhVvaG1pPWxiWiVt1Upa2k8My3NXubEIlqf', 'true', '2021-06-22 09:57:31', '2021-06-22 09:57:31', NULL),
(229, 'creola kilback dvm', 'feeney.maverick@example.org', '$2y$10$TKh8H1.PfQx37YgCzwiKb.KjNyWgaHb9cbcoQgdIVFlYg7B77UdFm', 'S1XGgSshlS', '1', NULL, 'false', '2021-06-22 09:57:31', '2021-06-22 09:57:31', NULL),
(230, 'vida lubowitz', 'ukrajcik@example.com', '$2y$10$TKh8H1.PfQx37YgCzwiKb.KjNyWgaHb9cbcoQgdIVFlYg7B77UdFm', 'mKhjRHT2TQ', '1', NULL, 'true', '2021-06-22 09:57:31', '2021-06-22 09:57:31', NULL),
(231, 'jarod schmeler phd', 'tillman.kailey@example.com', '$2y$10$TKh8H1.PfQx37YgCzwiKb.KjNyWgaHb9cbcoQgdIVFlYg7B77UdFm', 'ZT3A2Ubzld', '1', NULL, 'true', '2021-06-22 09:57:31', '2021-06-22 09:57:31', NULL),
(232, 'ms. winona cassin sr.', 'morar.kirsten@example.net', '$2y$10$TKh8H1.PfQx37YgCzwiKb.KjNyWgaHb9cbcoQgdIVFlYg7B77UdFm', 'uofETMIZ8W', '0', 'Ee38wa13PKCjVE8MT1TUFf3KKWva4f0dyDFlnfpo', 'false', '2021-06-22 09:57:31', '2021-06-22 09:57:31', NULL),
(233, 'kaylah bins', 'crawford.goyette@example.com', '$2y$10$TKh8H1.PfQx37YgCzwiKb.KjNyWgaHb9cbcoQgdIVFlYg7B77UdFm', '37UvYQ6yZb', '0', 'PXxl3FJhqmnYsWnh4jwYwf85mrUI2A62LPZWvXKN', 'false', '2021-06-22 09:57:31', '2021-06-22 09:57:31', NULL),
(234, 'jaden mante iv', 'lilly44@example.com', '$2y$10$TKh8H1.PfQx37YgCzwiKb.KjNyWgaHb9cbcoQgdIVFlYg7B77UdFm', 'wkwpJcID2S', '1', NULL, 'false', '2021-06-22 09:57:31', '2021-06-22 09:57:31', NULL),
(235, 'prof. demario wuckert', 'mhansen@example.net', '$2y$10$TKh8H1.PfQx37YgCzwiKb.KjNyWgaHb9cbcoQgdIVFlYg7B77UdFm', 'PhuDxqVucM', '0', 'sC5zN6qiWC769E2jv6oAgtcvjAqbFQMaWD8Ivk3E', 'false', '2021-06-22 09:57:31', '2021-06-22 09:57:31', NULL),
(236, 'lucy bartell', 'twila93@example.com', '$2y$10$TKh8H1.PfQx37YgCzwiKb.KjNyWgaHb9cbcoQgdIVFlYg7B77UdFm', 'WpeCnzMbdE', '1', NULL, 'true', '2021-06-22 09:57:31', '2021-06-22 09:57:31', NULL),
(237, 'miss lysanne zemlak', 'erich89@example.net', '$2y$10$TKh8H1.PfQx37YgCzwiKb.KjNyWgaHb9cbcoQgdIVFlYg7B77UdFm', 'gckylLpzYS', '1', NULL, 'true', '2021-06-22 09:57:32', '2021-06-22 09:57:32', NULL),
(238, 'prof. braulio wiza dvm', 'tremblay.jefferey@example.org', '$2y$10$TKh8H1.PfQx37YgCzwiKb.KjNyWgaHb9cbcoQgdIVFlYg7B77UdFm', '7V82dnO4QK', '0', 'TAIV06hFWkSyiNECo89GcR2wc5zncjGJSMHiVPAp', 'false', '2021-06-22 09:57:32', '2021-06-22 09:57:32', NULL),
(239, 'marlene fadel', 'balistreri.sally@example.net', '$2y$10$TKh8H1.PfQx37YgCzwiKb.KjNyWgaHb9cbcoQgdIVFlYg7B77UdFm', '2L3wxY6zsZ', '0', '59WSC4mcAMCrepmTyCpTuLMqRVSqXHT527S67Ws4', 'false', '2021-06-22 09:57:32', '2021-06-22 09:57:32', NULL),
(240, 'mr. frederic bogan v', 'kattie80@example.org', '$2y$10$TKh8H1.PfQx37YgCzwiKb.KjNyWgaHb9cbcoQgdIVFlYg7B77UdFm', 'Qd6G25Rk1v', '0', 'LTWpq3hKciEfNuUritUonzXfDfgNP2Ooh0UDN0rt', 'true', '2021-06-22 09:57:32', '2021-06-22 09:57:32', NULL),
(241, 'omer lockman', 'qweissnat@example.net', '$2y$10$TKh8H1.PfQx37YgCzwiKb.KjNyWgaHb9cbcoQgdIVFlYg7B77UdFm', 's2ux6tXMPJ', '0', 'qOxuYaZLquCFUQJN8SXlCny64EnClLhAr9mMKH0D', 'true', '2021-06-22 09:57:32', '2021-06-22 09:57:32', NULL),
(242, 'will weber', 'bianka59@example.net', '$2y$10$TKh8H1.PfQx37YgCzwiKb.KjNyWgaHb9cbcoQgdIVFlYg7B77UdFm', 'AhnDTH0FFK', '0', 'n0InAQKOV6RgwNe50tjC24wo84PPKP3Ay6TMYNCM', 'true', '2021-06-22 09:57:32', '2021-06-22 09:57:32', NULL),
(243, 'lelia schamberger jr.', 'lyric.olson@example.net', '$2y$10$TKh8H1.PfQx37YgCzwiKb.KjNyWgaHb9cbcoQgdIVFlYg7B77UdFm', 'jOQaba8Z0K', '0', 'KJNbSwRDUlVtqUT9QCbnrHpyvqdhU4xc1YTkTFCx', 'false', '2021-06-22 09:57:32', '2021-06-22 09:57:32', NULL),
(244, 'dr. johnathon ward', 'clotilde14@example.com', '$2y$10$TKh8H1.PfQx37YgCzwiKb.KjNyWgaHb9cbcoQgdIVFlYg7B77UdFm', '44iyTi2gKE', '0', 'V5B7QIFyIEsEfHCiib9GY68D8Svb1lJIodcobA1r', 'true', '2021-06-22 09:57:32', '2021-06-22 09:57:32', NULL),
(245, 'dr. cale simonis', 'hayes.trace@example.com', '$2y$10$TKh8H1.PfQx37YgCzwiKb.KjNyWgaHb9cbcoQgdIVFlYg7B77UdFm', 'JOm6dWUHHd', '1', NULL, 'false', '2021-06-22 09:57:32', '2021-06-22 09:57:32', NULL),
(246, 'kelton pfeffer i', 'stephon.robel@example.org', '$2y$10$TKh8H1.PfQx37YgCzwiKb.KjNyWgaHb9cbcoQgdIVFlYg7B77UdFm', '53CDVMpHCD', '0', 'LWGpKZg9HJBlqmkj5xGTyCV1xhNqS7DJdW21zj9g', 'true', '2021-06-22 09:57:32', '2021-06-22 09:57:32', NULL),
(247, 'ara cummerata', 'erdman.lizeth@example.net', '$2y$10$TKh8H1.PfQx37YgCzwiKb.KjNyWgaHb9cbcoQgdIVFlYg7B77UdFm', 'lwqrVopG2j', '0', '6JX2LTzmhuWHGKwSGb1D3nOjACWjbe3iFQZIKCaL', 'false', '2021-06-22 09:57:32', '2021-06-22 09:57:32', NULL),
(248, 'kraig cassin', 'crona.zachary@example.org', '$2y$10$TKh8H1.PfQx37YgCzwiKb.KjNyWgaHb9cbcoQgdIVFlYg7B77UdFm', '8VT6TRBH7C', '0', 'HX8MTfTpBbTfBzWavuJBLjizBRgrWNShwHuayhaF', 'false', '2021-06-22 09:57:32', '2021-06-22 09:57:32', NULL),
(249, 'mrs. molly howell', 'herzog.kiana@example.net', '$2y$10$TKh8H1.PfQx37YgCzwiKb.KjNyWgaHb9cbcoQgdIVFlYg7B77UdFm', 'VSqOJ6aqyY', '1', NULL, 'true', '2021-06-22 09:57:32', '2021-06-22 09:57:32', NULL),
(250, 'orval smitham', 'van.padberg@example.net', '$2y$10$TKh8H1.PfQx37YgCzwiKb.KjNyWgaHb9cbcoQgdIVFlYg7B77UdFm', 'G461G51VfP', '0', 'Jwe6xaQDyxsGNxjNbKBtX63AASb54JJy8e5vR8Co', 'false', '2021-06-22 09:57:32', '2021-06-22 09:57:32', NULL),
(251, 'charity smith', 'madonna.brown@example.net', '$2y$10$TKh8H1.PfQx37YgCzwiKb.KjNyWgaHb9cbcoQgdIVFlYg7B77UdFm', 'zG8I0yKJd2', '1', NULL, 'false', '2021-06-22 09:57:32', '2021-06-22 09:57:32', NULL),
(252, 'ms. jazmyn kutch iv', 'priscilla.brown@example.org', '$2y$10$TKh8H1.PfQx37YgCzwiKb.KjNyWgaHb9cbcoQgdIVFlYg7B77UdFm', 'OdyBkfVGqf', '1', NULL, 'true', '2021-06-22 09:57:32', '2021-06-22 09:57:32', NULL),
(253, 'wyman hudson', 'lurline46@example.com', '$2y$10$TKh8H1.PfQx37YgCzwiKb.KjNyWgaHb9cbcoQgdIVFlYg7B77UdFm', 'yCQ9SUv1DY', '0', 'CxIOlt2YMKKVQynggSpore6m62hYw7N2a2JJFtto', 'false', '2021-06-22 09:57:32', '2021-06-22 09:57:32', NULL),
(254, 'ike strosin', 'marjorie.abshire@example.net', '$2y$10$TKh8H1.PfQx37YgCzwiKb.KjNyWgaHb9cbcoQgdIVFlYg7B77UdFm', 'YqGTaV1Z7q', '1', NULL, 'true', '2021-06-22 09:57:32', '2021-06-22 09:57:32', NULL),
(255, 'mrs. viola murazik', 'lora51@example.org', '$2y$10$TKh8H1.PfQx37YgCzwiKb.KjNyWgaHb9cbcoQgdIVFlYg7B77UdFm', '81hYgDZoi7', '1', NULL, 'true', '2021-06-22 09:57:32', '2021-06-22 09:57:32', NULL),
(256, 'prof. ken connelly i', 'dalton43@example.org', '$2y$10$TKh8H1.PfQx37YgCzwiKb.KjNyWgaHb9cbcoQgdIVFlYg7B77UdFm', 'jmUodzE1Hr', '1', NULL, 'false', '2021-06-22 09:57:32', '2021-06-22 09:57:32', NULL),
(257, 'miss marta kutch', 'hupton@example.net', '$2y$10$TKh8H1.PfQx37YgCzwiKb.KjNyWgaHb9cbcoQgdIVFlYg7B77UdFm', 'XknN4feW5F', '0', 'JpoFYsrW1ADRz0Ca7UX2HQKTdhzIvH2XteWCDH7B', 'true', '2021-06-22 09:57:32', '2021-06-22 09:57:32', NULL),
(258, 'alison keebler', 'damion.pollich@example.com', '$2y$10$TKh8H1.PfQx37YgCzwiKb.KjNyWgaHb9cbcoQgdIVFlYg7B77UdFm', 'YqyBzgCFC9', '1', NULL, 'false', '2021-06-22 09:57:32', '2021-06-22 09:57:32', NULL),
(259, 'eve kunde', 'franecki.evangeline@example.com', '$2y$10$TKh8H1.PfQx37YgCzwiKb.KjNyWgaHb9cbcoQgdIVFlYg7B77UdFm', 'TIcorYL8aS', '1', NULL, 'false', '2021-06-22 09:57:32', '2021-06-22 09:57:32', NULL),
(260, 'dr. chaya monahan', 'rutherford.nickolas@example.com', '$2y$10$TKh8H1.PfQx37YgCzwiKb.KjNyWgaHb9cbcoQgdIVFlYg7B77UdFm', 'm3yJYbO1q8', '0', 'VPF1Z6WoKa9pCY2Z35JfKsBvfIXkpYbYgOIkGtWy', 'true', '2021-06-22 09:57:32', '2021-06-22 09:57:32', NULL),
(261, 'mr. keagan bradtke dvm', 'znader@example.org', '$2y$10$TKh8H1.PfQx37YgCzwiKb.KjNyWgaHb9cbcoQgdIVFlYg7B77UdFm', '2eFiMoXgFA', '0', 'b31yiRnrBer4G1eU7C9sD0tjhZGeACODOVRpYwlV', 'true', '2021-06-22 09:57:32', '2021-06-22 09:57:32', NULL),
(262, 'jamil mertz', 'dbotsford@example.org', '$2y$10$TKh8H1.PfQx37YgCzwiKb.KjNyWgaHb9cbcoQgdIVFlYg7B77UdFm', 'myWixgNooh', '1', NULL, 'true', '2021-06-22 09:57:32', '2021-06-22 09:57:32', NULL),
(263, 'glennie witting', 'bradtke.nicolas@example.net', '$2y$10$TKh8H1.PfQx37YgCzwiKb.KjNyWgaHb9cbcoQgdIVFlYg7B77UdFm', 'vYAN6tOV1N', '1', NULL, 'true', '2021-06-22 09:57:32', '2021-06-22 09:57:32', NULL),
(264, 'lenora bartoletti', 'tkoelpin@example.org', '$2y$10$TKh8H1.PfQx37YgCzwiKb.KjNyWgaHb9cbcoQgdIVFlYg7B77UdFm', 'aadNJjIR6f', '0', 'QlFqmv5nhFGJP7HvTCZWW7aBldsfLNdBDASDsNiA', 'false', '2021-06-22 09:57:32', '2021-06-22 09:57:32', NULL),
(265, 'dr. chase zboncak ii', 'neil.senger@example.org', '$2y$10$TKh8H1.PfQx37YgCzwiKb.KjNyWgaHb9cbcoQgdIVFlYg7B77UdFm', '8fmYMZ69za', '1', NULL, 'false', '2021-06-22 09:57:32', '2021-06-22 09:57:32', NULL),
(266, 'mr. chaim reichert md', 'zella39@example.net', '$2y$10$TKh8H1.PfQx37YgCzwiKb.KjNyWgaHb9cbcoQgdIVFlYg7B77UdFm', 'tHBjVDC4hX', '1', NULL, 'false', '2021-06-22 09:57:32', '2021-06-22 09:57:32', NULL),
(267, 'dr. brannon gislason', 'tommie37@example.net', '$2y$10$TKh8H1.PfQx37YgCzwiKb.KjNyWgaHb9cbcoQgdIVFlYg7B77UdFm', '40j1RdJDDV', '0', 'XS8TLtAF9EbiHST10fumQDoi9VcdW7yZv66A6oHp', 'false', '2021-06-22 09:57:32', '2021-06-22 09:57:32', NULL),
(268, 'rubye adams iv', 'elijah.monahan@example.net', '$2y$10$TKh8H1.PfQx37YgCzwiKb.KjNyWgaHb9cbcoQgdIVFlYg7B77UdFm', 'YjfDDs6MFa', '0', '29rYeUCIHIIZC6493qcZGH2zCHvGzY0nuebInDFA', 'true', '2021-06-22 09:57:32', '2021-06-22 09:57:32', NULL),
(269, 'chester hagenes', 'christian40@example.com', '$2y$10$TKh8H1.PfQx37YgCzwiKb.KjNyWgaHb9cbcoQgdIVFlYg7B77UdFm', '6a5UKUGh8g', '1', NULL, 'false', '2021-06-22 09:57:32', '2021-06-22 09:57:32', NULL),
(270, 'mr. florian gutkowski', 'kovacek.isabel@example.org', '$2y$10$TKh8H1.PfQx37YgCzwiKb.KjNyWgaHb9cbcoQgdIVFlYg7B77UdFm', 't8qOAMGdz3', '0', 'NSNYnNiriQGGjqyDUu7NHHggUUXgkaMbtVT6XRs1', 'true', '2021-06-22 09:57:32', '2021-06-22 09:57:32', NULL),
(271, 'urban glover', 'haley.nelson@example.com', '$2y$10$TKh8H1.PfQx37YgCzwiKb.KjNyWgaHb9cbcoQgdIVFlYg7B77UdFm', 'q3rZkjEqXP', '0', 'kPllobJHxxvbsiFDxMDoht9g5J0GZWoVxlXVSiGA', 'false', '2021-06-22 09:57:32', '2021-06-22 09:57:32', NULL),
(272, 'deonte shanahan', 'espinka@example.net', '$2y$10$TKh8H1.PfQx37YgCzwiKb.KjNyWgaHb9cbcoQgdIVFlYg7B77UdFm', 'mC2N1GEKva', '1', NULL, 'false', '2021-06-22 09:57:32', '2021-06-22 09:57:32', NULL),
(273, 'omer maggio', 'rachael58@example.org', '$2y$10$TKh8H1.PfQx37YgCzwiKb.KjNyWgaHb9cbcoQgdIVFlYg7B77UdFm', 'M9fnOoYKL0', '0', 'GfurhmR8MB2hfty9C92RspKhNlhvMt3QX9xS2Ma2', 'true', '2021-06-22 09:57:32', '2021-06-22 09:57:32', NULL),
(274, 'brandyn kuhn md', 'ubogan@example.org', '$2y$10$TKh8H1.PfQx37YgCzwiKb.KjNyWgaHb9cbcoQgdIVFlYg7B77UdFm', 'CC5BBy12Io', '1', NULL, 'false', '2021-06-22 09:57:32', '2021-06-22 09:57:32', NULL),
(275, 'prof. pablo mertz', 'german33@example.org', '$2y$10$TKh8H1.PfQx37YgCzwiKb.KjNyWgaHb9cbcoQgdIVFlYg7B77UdFm', 'qIWmK0bBSu', '0', 'wJgrdP04BOj19PnTFGfjxybmYENbmIvkWlYaMfYb', 'true', '2021-06-22 09:57:32', '2021-06-22 09:57:32', NULL),
(276, 'eloy osinski', 'elisha08@example.org', '$2y$10$TKh8H1.PfQx37YgCzwiKb.KjNyWgaHb9cbcoQgdIVFlYg7B77UdFm', 'w3KyMEE8oc', '1', NULL, 'true', '2021-06-22 09:57:32', '2021-06-22 09:57:32', NULL),
(277, 'seth hermann', 'moshe61@example.net', '$2y$10$TKh8H1.PfQx37YgCzwiKb.KjNyWgaHb9cbcoQgdIVFlYg7B77UdFm', 'Oc6rOnUVL9', '0', 'OhzJpKyxa8CwiTnxFsgYrZqeKVqyWJlwyYfE5rO0', 'false', '2021-06-22 09:57:32', '2021-06-22 09:57:32', NULL),
(278, 'conor denesik', 'hilpert.gunner@example.org', '$2y$10$TKh8H1.PfQx37YgCzwiKb.KjNyWgaHb9cbcoQgdIVFlYg7B77UdFm', 'fqvSsXWCbx', '1', NULL, 'true', '2021-06-22 09:57:32', '2021-06-22 09:57:32', NULL),
(279, 'dejah daugherty', 'bashirian.marie@example.org', '$2y$10$TKh8H1.PfQx37YgCzwiKb.KjNyWgaHb9cbcoQgdIVFlYg7B77UdFm', 'UwuuyPK18X', '1', NULL, 'true', '2021-06-22 09:57:32', '2021-06-22 09:57:32', NULL),
(280, 'dr. noel lowe', 'cleveland10@example.com', '$2y$10$TKh8H1.PfQx37YgCzwiKb.KjNyWgaHb9cbcoQgdIVFlYg7B77UdFm', '2k67Uxdhtd', '0', 'GG1zMJUCwamUch4PuXlJavlpO7hlR14MjutPyhij', 'false', '2021-06-22 09:57:32', '2021-06-22 09:57:32', NULL),
(281, 'prof. laney lakin phd', 'rudolph.metz@example.org', '$2y$10$TKh8H1.PfQx37YgCzwiKb.KjNyWgaHb9cbcoQgdIVFlYg7B77UdFm', 'djqdayRjrc', '1', NULL, 'false', '2021-06-22 09:57:32', '2021-06-22 09:57:32', NULL),
(282, 'prof. arne koepp', 'dorcas13@example.org', '$2y$10$TKh8H1.PfQx37YgCzwiKb.KjNyWgaHb9cbcoQgdIVFlYg7B77UdFm', 'i1jWPdcjSu', '0', 'ENdrwYO8bjBduorQhqEUj8WY48Lmcm9Dm92KqHuQ', 'true', '2021-06-22 09:57:32', '2021-06-22 09:57:32', NULL),
(283, 'ms. amie ruecker dvm', 'tina.konopelski@example.org', '$2y$10$TKh8H1.PfQx37YgCzwiKb.KjNyWgaHb9cbcoQgdIVFlYg7B77UdFm', 'ff2U0oXBwG', '0', 'yeRrTf3ERhBzvnxkPNtOY5XIoK88KaCBCQ04ZDHc', 'true', '2021-06-22 09:57:32', '2021-06-22 09:57:32', NULL),
(284, 'dr. jayson schinner v', 'corkery.dimitri@example.org', '$2y$10$TKh8H1.PfQx37YgCzwiKb.KjNyWgaHb9cbcoQgdIVFlYg7B77UdFm', 'RCeILG1L9O', '0', '7RpjinGTAwR4D7nKESV02XX8GTTxxJLEtGokI3cQ', 'true', '2021-06-22 09:57:32', '2021-06-22 09:57:32', NULL),
(285, 'elvis lynch', 'rshanahan@example.net', '$2y$10$TKh8H1.PfQx37YgCzwiKb.KjNyWgaHb9cbcoQgdIVFlYg7B77UdFm', '1relQsqM3Q', '1', NULL, 'false', '2021-06-22 09:57:32', '2021-06-22 09:57:32', NULL),
(286, 'dr. otho ledner', 'hermiston.serenity@example.net', '$2y$10$TKh8H1.PfQx37YgCzwiKb.KjNyWgaHb9cbcoQgdIVFlYg7B77UdFm', 'KDSGU5iLd3', '0', '2ScTSQdcOgyPJqWDKHrds5TR8jan4CVV7B9q2MgT', 'false', '2021-06-22 09:57:32', '2021-06-22 09:57:32', NULL),
(287, 'ivory hickle', 'ferne01@example.org', '$2y$10$TKh8H1.PfQx37YgCzwiKb.KjNyWgaHb9cbcoQgdIVFlYg7B77UdFm', 'K3YOcgmwWG', '0', 'hLPe7Ve8Aga4rPMxHgW3VPcC2EVevtoemtU0PYdq', 'false', '2021-06-22 09:57:32', '2021-06-22 09:57:32', NULL),
(288, 'claude funk', 'mayer.max@example.net', '$2y$10$TKh8H1.PfQx37YgCzwiKb.KjNyWgaHb9cbcoQgdIVFlYg7B77UdFm', 'uc83cH5dji', '1', NULL, 'true', '2021-06-22 09:57:32', '2021-06-22 09:57:32', NULL),
(289, 'simone schuppe v', 'rleannon@example.org', '$2y$10$TKh8H1.PfQx37YgCzwiKb.KjNyWgaHb9cbcoQgdIVFlYg7B77UdFm', 'sfaL5ckwEE', '1', NULL, 'true', '2021-06-22 09:57:32', '2021-06-22 09:57:32', NULL),
(290, 'prof. hank littel', 'esmith@example.com', '$2y$10$TKh8H1.PfQx37YgCzwiKb.KjNyWgaHb9cbcoQgdIVFlYg7B77UdFm', '8jRC67i8JC', '0', 'hYtWzzcWBk0GXwpQ7B4twI9DoCpQeLl31Hdyk7AV', 'true', '2021-06-22 09:57:32', '2021-06-22 09:57:32', NULL),
(291, 'arvel rowe', 'josh57@example.net', '$2y$10$TKh8H1.PfQx37YgCzwiKb.KjNyWgaHb9cbcoQgdIVFlYg7B77UdFm', 'UMOKgIZBCr', '0', 'KaP73m6LuJWVuCEoIcKIUuSfobVOpTLbG7OEbuye', 'true', '2021-06-22 09:57:32', '2021-06-22 09:57:32', NULL),
(292, 'dr. aiyana mcglynn', 'corbin76@example.net', '$2y$10$TKh8H1.PfQx37YgCzwiKb.KjNyWgaHb9cbcoQgdIVFlYg7B77UdFm', 'aQOMxANmn3', '0', 'ErlR3nqPhKpW5ClhlTZzk7FAbFOzyB8YeFiYcAxl', 'false', '2021-06-22 09:57:32', '2021-06-22 09:57:32', NULL),
(293, 'daphney bartoletti', 'corkery.oscar@example.net', '$2y$10$TKh8H1.PfQx37YgCzwiKb.KjNyWgaHb9cbcoQgdIVFlYg7B77UdFm', 'yF8UNdwvRV', '0', 'ACLO7zKB4uSa3uDa0TGToUKZo6s2wft3GWOhYZKh', 'true', '2021-06-22 09:57:32', '2021-06-22 09:57:32', NULL),
(294, 'katrine kirlin ii', 'hfeest@example.net', '$2y$10$TKh8H1.PfQx37YgCzwiKb.KjNyWgaHb9cbcoQgdIVFlYg7B77UdFm', 'gDnbj4IYpu', '1', NULL, 'false', '2021-06-22 09:57:32', '2021-06-22 09:57:32', NULL),
(295, 'quinten turner sr.', 'vleannon@example.net', '$2y$10$TKh8H1.PfQx37YgCzwiKb.KjNyWgaHb9cbcoQgdIVFlYg7B77UdFm', '5LmwkUsBPl', '1', NULL, 'false', '2021-06-22 09:57:32', '2021-06-22 09:57:32', NULL),
(296, 'prof. nayeli kihn i', 'xkub@example.com', '$2y$10$TKh8H1.PfQx37YgCzwiKb.KjNyWgaHb9cbcoQgdIVFlYg7B77UdFm', 'j3HkoeXfyr', '1', NULL, 'false', '2021-06-22 09:57:32', '2021-06-22 09:57:32', NULL),
(297, 'aiyana orn', 'vconsidine@example.net', '$2y$10$TKh8H1.PfQx37YgCzwiKb.KjNyWgaHb9cbcoQgdIVFlYg7B77UdFm', '0wHZlGjE0u', '0', 'KzYFppLtSk3l6uvO7oWn1nPMwQ7s2Fw3F3QbNwwC', 'false', '2021-06-22 09:57:32', '2021-06-22 09:57:32', NULL),
(298, 'ulices reilly', 'afranecki@example.net', '$2y$10$TKh8H1.PfQx37YgCzwiKb.KjNyWgaHb9cbcoQgdIVFlYg7B77UdFm', 's4DnaY2iCx', '1', NULL, 'false', '2021-06-22 09:57:32', '2021-06-22 09:57:32', NULL),
(299, 'ayden yundt', 'schiller.kenna@example.org', '$2y$10$TKh8H1.PfQx37YgCzwiKb.KjNyWgaHb9cbcoQgdIVFlYg7B77UdFm', 'BFTCRpe3q6', '1', NULL, 'false', '2021-06-22 09:57:32', '2021-06-22 09:57:32', NULL),
(300, 'madilyn mante', 'parisian.tanner@example.org', '$2y$10$TKh8H1.PfQx37YgCzwiKb.KjNyWgaHb9cbcoQgdIVFlYg7B77UdFm', 'd1EO5cQ9dE', '0', 'f5Tac67laBzcxH8T2jNCECelhGPU76Lol4wLMidC', 'false', '2021-06-22 09:57:32', '2021-06-22 09:57:32', NULL),
(301, 'aglae thompson', 'isatterfield@example.org', '$2y$10$TKh8H1.PfQx37YgCzwiKb.KjNyWgaHb9cbcoQgdIVFlYg7B77UdFm', 'VyokATaa6r', '1', NULL, 'true', '2021-06-22 09:57:32', '2021-06-22 09:57:32', NULL),
(302, 'asa pollich', 'kokuneva@example.org', '$2y$10$TKh8H1.PfQx37YgCzwiKb.KjNyWgaHb9cbcoQgdIVFlYg7B77UdFm', '6ae7ujPvPv', '1', NULL, 'false', '2021-06-22 09:57:32', '2021-06-22 09:57:32', NULL),
(303, 'brant kunze', 'roosevelt84@example.org', '$2y$10$TKh8H1.PfQx37YgCzwiKb.KjNyWgaHb9cbcoQgdIVFlYg7B77UdFm', '3u1YdMIajt', '1', NULL, 'false', '2021-06-22 09:57:32', '2021-06-22 09:57:32', NULL),
(304, 'michael d\'amore', 'yquitzon@example.net', '$2y$10$TKh8H1.PfQx37YgCzwiKb.KjNyWgaHb9cbcoQgdIVFlYg7B77UdFm', 'mdIS1m8FVz', '0', 'RYkBZ7LXk83LIykUshPBxGCh7DEyodHcrgu4KFIx', 'true', '2021-06-22 09:57:32', '2021-06-22 09:57:32', NULL),
(305, 'katelin kulas', 'ted.ernser@example.org', '$2y$10$TKh8H1.PfQx37YgCzwiKb.KjNyWgaHb9cbcoQgdIVFlYg7B77UdFm', 'lUo6PJ3BqL', '0', 'wSKmZkt1OQXyXLVoC4qo0maHzYgUmnQnsLSuSzwj', 'false', '2021-06-22 09:57:32', '2021-06-22 09:57:32', NULL),
(306, 'magnus o\'kon', 'gerson71@example.com', '$2y$10$TKh8H1.PfQx37YgCzwiKb.KjNyWgaHb9cbcoQgdIVFlYg7B77UdFm', 'P6Y5mpsd9J', '0', 'JiAioT7mjPnxoQw8xi4ZlJRByc2Dp5v6OQTQj5Nj', 'true', '2021-06-22 09:57:32', '2021-06-22 09:57:32', NULL),
(307, 'kenna lindgren', 'autumn.paucek@example.com', '$2y$10$TKh8H1.PfQx37YgCzwiKb.KjNyWgaHb9cbcoQgdIVFlYg7B77UdFm', '0exaI5dF9J', '0', 'oXZnM4SH4y6KFxN0N07jUSH1jUphbX4iyl7gJ01l', 'true', '2021-06-22 09:57:32', '2021-06-22 09:57:32', NULL),
(308, 'osborne wintheiser md', 'dallin06@example.net', '$2y$10$TKh8H1.PfQx37YgCzwiKb.KjNyWgaHb9cbcoQgdIVFlYg7B77UdFm', 'MkqNdWMvQm', '0', 'tzmNY7d9GvBK0Z8dThzvLXhK5dMR2X2oWX0ib7us', 'true', '2021-06-22 09:57:32', '2021-06-22 09:57:32', NULL),
(309, 'giovani reinger', 'tyrell37@example.net', '$2y$10$TKh8H1.PfQx37YgCzwiKb.KjNyWgaHb9cbcoQgdIVFlYg7B77UdFm', 'tIJiBB6DoI', '1', NULL, 'true', '2021-06-22 09:57:32', '2021-06-22 09:57:32', NULL),
(310, 'dr. ezequiel cummerata', 'ggoldner@example.com', '$2y$10$TKh8H1.PfQx37YgCzwiKb.KjNyWgaHb9cbcoQgdIVFlYg7B77UdFm', 'f1yWlDbBe3', '1', NULL, 'true', '2021-06-22 09:57:32', '2021-06-22 09:57:32', NULL),
(311, 'treva abbott', 'emcglynn@example.net', '$2y$10$TKh8H1.PfQx37YgCzwiKb.KjNyWgaHb9cbcoQgdIVFlYg7B77UdFm', '7kdbOCW3US', '0', 'OXtdRm8OlRRCnmG3KyyvG7fQVCS0LNFrru4nDFaz', 'true', '2021-06-22 09:57:32', '2021-06-22 09:57:32', NULL),
(312, 'linnie harber', 'ortiz.ressie@example.org', '$2y$10$TKh8H1.PfQx37YgCzwiKb.KjNyWgaHb9cbcoQgdIVFlYg7B77UdFm', 'hdHU9fS9ou', '0', 'o994JcbBcxMbT7QYqiPujKzCKZMfBwNPvLcwJZ0d', 'true', '2021-06-22 09:57:32', '2021-06-22 09:57:32', NULL),
(313, 'brycen wilderman', 'moore.cassandra@example.org', '$2y$10$TKh8H1.PfQx37YgCzwiKb.KjNyWgaHb9cbcoQgdIVFlYg7B77UdFm', 'mnpjYXKcRZ', '1', NULL, 'false', '2021-06-22 09:57:32', '2021-06-22 09:57:32', NULL),
(314, 'dorothy romaguera', 'leonel46@example.com', '$2y$10$TKh8H1.PfQx37YgCzwiKb.KjNyWgaHb9cbcoQgdIVFlYg7B77UdFm', 'ufd0NbyVq0', '0', 'Lljil0xEkQ01iwRguI11K9GSpNSJ9nCCSqs7ORR7', 'true', '2021-06-22 09:57:32', '2021-06-22 09:57:32', NULL),
(315, 'mario schuster', 'kparisian@example.net', '$2y$10$TKh8H1.PfQx37YgCzwiKb.KjNyWgaHb9cbcoQgdIVFlYg7B77UdFm', 'wWMk2Nd2KE', '0', '559jPIUV84Ia6z7b40JpFAwAiSgkNkCgyVO3XSCI', 'true', '2021-06-22 09:57:32', '2021-06-22 09:57:32', NULL),
(316, 'freida oberbrunner', 'edicki@example.com', '$2y$10$TKh8H1.PfQx37YgCzwiKb.KjNyWgaHb9cbcoQgdIVFlYg7B77UdFm', 'RGIjKAgzRA', '1', NULL, 'false', '2021-06-22 09:57:32', '2021-06-22 09:57:32', NULL),
(317, 'kelton abshire', 'ggutkowski@example.org', '$2y$10$TKh8H1.PfQx37YgCzwiKb.KjNyWgaHb9cbcoQgdIVFlYg7B77UdFm', 'vuAo3baX3k', '1', NULL, 'false', '2021-06-22 09:57:32', '2021-06-22 09:57:32', NULL),
(318, 'dangelo willms', 'kchristiansen@example.org', '$2y$10$TKh8H1.PfQx37YgCzwiKb.KjNyWgaHb9cbcoQgdIVFlYg7B77UdFm', '2Tha5VusFu', '1', NULL, 'false', '2021-06-22 09:57:32', '2021-06-22 09:57:32', NULL),
(319, 'sylvan krajcik', 'graynor@example.org', '$2y$10$TKh8H1.PfQx37YgCzwiKb.KjNyWgaHb9cbcoQgdIVFlYg7B77UdFm', 'nlmNk0tNqs', '1', NULL, 'true', '2021-06-22 09:57:32', '2021-06-22 09:57:32', NULL),
(320, 'krystel auer jr.', 'mark.hickle@example.com', '$2y$10$TKh8H1.PfQx37YgCzwiKb.KjNyWgaHb9cbcoQgdIVFlYg7B77UdFm', 'uw6HoqKb2r', '0', 'gMAaK2b09mobLXxutWbyiUKdSGk4q44zxWr98eDs', 'false', '2021-06-22 09:57:32', '2021-06-22 09:57:32', NULL),
(321, 'susan koelpin', 'lstiedemann@example.org', '$2y$10$TKh8H1.PfQx37YgCzwiKb.KjNyWgaHb9cbcoQgdIVFlYg7B77UdFm', 'YO0LWZaX6l', '0', 'y32yyiEYaHieEqm2exPpCDon5whTXJKwmX1lmg84', 'true', '2021-06-22 09:57:32', '2021-06-22 09:57:32', NULL),
(322, 'lonie bins', 'collins.brandi@example.org', '$2y$10$TKh8H1.PfQx37YgCzwiKb.KjNyWgaHb9cbcoQgdIVFlYg7B77UdFm', 'S1vneVUx1S', '1', NULL, 'true', '2021-06-22 09:57:32', '2021-06-22 09:57:32', NULL),
(323, 'prof. madie rippin', 'dnikolaus@example.com', '$2y$10$TKh8H1.PfQx37YgCzwiKb.KjNyWgaHb9cbcoQgdIVFlYg7B77UdFm', 'adkTkVOvOi', '1', NULL, 'false', '2021-06-22 09:57:32', '2021-06-22 09:57:32', NULL),
(324, 'prof. jedediah gutkowski sr.', 'bertha.feest@example.org', '$2y$10$TKh8H1.PfQx37YgCzwiKb.KjNyWgaHb9cbcoQgdIVFlYg7B77UdFm', 'jyZd85l3W6', '1', NULL, 'false', '2021-06-22 09:57:32', '2021-06-22 09:57:32', NULL),
(325, 'kasey stroman', 'mireya89@example.org', '$2y$10$TKh8H1.PfQx37YgCzwiKb.KjNyWgaHb9cbcoQgdIVFlYg7B77UdFm', '96MQ8n8WX4', '1', NULL, 'false', '2021-06-22 09:57:32', '2021-06-22 09:57:32', NULL),
(326, 'mr. saige walker md', 'conrad.upton@example.net', '$2y$10$TKh8H1.PfQx37YgCzwiKb.KjNyWgaHb9cbcoQgdIVFlYg7B77UdFm', 'TSHzxQzy8B', '1', NULL, 'true', '2021-06-22 09:57:32', '2021-06-22 09:57:32', NULL),
(327, 'viva shanahan', 'omurphy@example.net', '$2y$10$TKh8H1.PfQx37YgCzwiKb.KjNyWgaHb9cbcoQgdIVFlYg7B77UdFm', 'fUDlwln8Ow', '0', 'htvtz3H23G96nWWkflfXje8UcbaL1Qfqz2VKDLis', 'false', '2021-06-22 09:57:32', '2021-06-22 09:57:32', NULL),
(328, 'mustafa hackett', 'jillian65@example.org', '$2y$10$TKh8H1.PfQx37YgCzwiKb.KjNyWgaHb9cbcoQgdIVFlYg7B77UdFm', '2D0MLiolwn', '0', 'vqhYsn8i0gLcNXMv4VV0oPCWLscknjMgC9z1aVuk', 'false', '2021-06-22 09:57:32', '2021-06-22 09:57:32', NULL),
(329, 'mr. raoul jerde md', 'hcrona@example.net', '$2y$10$TKh8H1.PfQx37YgCzwiKb.KjNyWgaHb9cbcoQgdIVFlYg7B77UdFm', 'SL66yhuqgg', '0', 'kYGyURe35wBXAr35H3xO1OllMg40gtYniixjHb2A', 'false', '2021-06-22 09:57:32', '2021-06-22 09:57:32', NULL),
(330, 'shakira pouros md', 'kylee47@example.net', '$2y$10$TKh8H1.PfQx37YgCzwiKb.KjNyWgaHb9cbcoQgdIVFlYg7B77UdFm', 'ysEALJ3DlS', '0', 'XlnG71kuoVxCuazOwVsYfr7PlXSZtDlGpc3375dC', 'true', '2021-06-22 09:57:32', '2021-06-22 09:57:32', NULL),
(331, 'mr. price hamill ii', 'petra.lueilwitz@example.net', '$2y$10$TKh8H1.PfQx37YgCzwiKb.KjNyWgaHb9cbcoQgdIVFlYg7B77UdFm', 'PWdHagrhJB', '0', 'HDiUytz9wkXElh0bsbZmML2PDHaW4k40rbWCz0lZ', 'true', '2021-06-22 09:57:32', '2021-06-22 09:57:32', NULL),
(332, 'mr. johnnie schoen sr.', 'ella00@example.com', '$2y$10$TKh8H1.PfQx37YgCzwiKb.KjNyWgaHb9cbcoQgdIVFlYg7B77UdFm', 'a5qy3qh2mh', '1', NULL, 'true', '2021-06-22 09:57:32', '2021-06-22 09:57:32', NULL),
(333, 'frank casper', 'hirthe.johnny@example.org', '$2y$10$TKh8H1.PfQx37YgCzwiKb.KjNyWgaHb9cbcoQgdIVFlYg7B77UdFm', 'R2NUiD33d9', '1', NULL, 'true', '2021-06-22 09:57:32', '2021-06-22 09:57:32', NULL),
(334, 'aleen wisozk jr.', 'windler.amari@example.com', '$2y$10$TKh8H1.PfQx37YgCzwiKb.KjNyWgaHb9cbcoQgdIVFlYg7B77UdFm', '6YsKXSLQ4a', '1', NULL, 'false', '2021-06-22 09:57:32', '2021-06-22 09:57:32', NULL),
(335, 'robb denesik', 'torphy.rolando@example.org', '$2y$10$TKh8H1.PfQx37YgCzwiKb.KjNyWgaHb9cbcoQgdIVFlYg7B77UdFm', '1Jo4zvH8rL', '1', NULL, 'true', '2021-06-22 09:57:32', '2021-06-22 09:57:32', NULL),
(336, 'joaquin steuber', 'shany39@example.org', '$2y$10$TKh8H1.PfQx37YgCzwiKb.KjNyWgaHb9cbcoQgdIVFlYg7B77UdFm', '6IGLZXzaXA', '1', NULL, 'true', '2021-06-22 09:57:32', '2021-06-22 09:57:32', NULL),
(337, 'danyka miller', 'dschultz@example.com', '$2y$10$TKh8H1.PfQx37YgCzwiKb.KjNyWgaHb9cbcoQgdIVFlYg7B77UdFm', 'vi4s8zNRDl', '1', NULL, 'true', '2021-06-22 09:57:32', '2021-06-22 09:57:32', NULL),
(338, 'eulah koelpin', 'kailyn43@example.org', '$2y$10$TKh8H1.PfQx37YgCzwiKb.KjNyWgaHb9cbcoQgdIVFlYg7B77UdFm', 'P6y1Is1dgV', '0', 'QsT9aNFgejcB2nvZj1WJvLBaK7CqRPtJ3PIkvnqP', 'true', '2021-06-22 09:57:32', '2021-06-22 09:57:32', NULL),
(339, 'dr. jordyn powlowski', 'ryan.daren@example.com', '$2y$10$TKh8H1.PfQx37YgCzwiKb.KjNyWgaHb9cbcoQgdIVFlYg7B77UdFm', '2d1bwClU8j', '0', 'EkP0j8Id4spG5SgkXNyphTSeo3ZKvBOMYaxckwrs', 'false', '2021-06-22 09:57:32', '2021-06-22 09:57:32', NULL),
(340, 'miss maureen pouros dvm', 'assunta97@example.com', '$2y$10$TKh8H1.PfQx37YgCzwiKb.KjNyWgaHb9cbcoQgdIVFlYg7B77UdFm', 'vUk2Wu2uQX', '1', NULL, 'true', '2021-06-22 09:57:32', '2021-06-22 09:57:32', NULL),
(341, 'shanna kling', 'swaniawski.ebba@example.org', '$2y$10$TKh8H1.PfQx37YgCzwiKb.KjNyWgaHb9cbcoQgdIVFlYg7B77UdFm', 'Qr8mEgbAp2', '1', NULL, 'true', '2021-06-22 09:57:32', '2021-06-22 09:57:32', NULL),
(342, 'watson monahan', 'kiana92@example.org', '$2y$10$TKh8H1.PfQx37YgCzwiKb.KjNyWgaHb9cbcoQgdIVFlYg7B77UdFm', 'Bn93zkYjQv', '0', '10wItmtfbPmupmXnq8d6X9Vn7svoEuiKz9CJPMXt', 'true', '2021-06-22 09:57:32', '2021-06-22 09:57:32', NULL),
(343, 'mose swift', 'yadira.ryan@example.org', '$2y$10$TKh8H1.PfQx37YgCzwiKb.KjNyWgaHb9cbcoQgdIVFlYg7B77UdFm', 'qjw6kVckMM', '1', NULL, 'true', '2021-06-22 09:57:32', '2021-06-22 09:57:32', NULL),
(344, 'jeffry dietrich', 'iabernathy@example.com', '$2y$10$TKh8H1.PfQx37YgCzwiKb.KjNyWgaHb9cbcoQgdIVFlYg7B77UdFm', 'qI293VmlvN', '1', NULL, 'false', '2021-06-22 09:57:32', '2021-06-22 09:57:32', NULL),
(345, 'eryn bernier', 'runte.kitty@example.net', '$2y$10$TKh8H1.PfQx37YgCzwiKb.KjNyWgaHb9cbcoQgdIVFlYg7B77UdFm', 'RS4gOidcVr', '1', NULL, 'true', '2021-06-22 09:57:32', '2021-06-22 09:57:32', NULL),
(346, 'adolf bruen', 'friesen.wilmer@example.net', '$2y$10$TKh8H1.PfQx37YgCzwiKb.KjNyWgaHb9cbcoQgdIVFlYg7B77UdFm', 'iOH1jOhJhv', '1', NULL, 'true', '2021-06-22 09:57:32', '2021-06-22 09:57:32', NULL),
(347, 'stacy williamson', 'vince14@example.org', '$2y$10$TKh8H1.PfQx37YgCzwiKb.KjNyWgaHb9cbcoQgdIVFlYg7B77UdFm', 'TPGKYuPIbu', '0', 'gokyPhAdyRc54T76ZTabwk6WD3kHLJ3DHcAsX0x9', 'false', '2021-06-22 09:57:32', '2021-06-22 09:57:32', NULL),
(348, 'fabiola heathcote', 'fadel.bradly@example.com', '$2y$10$TKh8H1.PfQx37YgCzwiKb.KjNyWgaHb9cbcoQgdIVFlYg7B77UdFm', 'ynpWYQphIW', '1', NULL, 'false', '2021-06-22 09:57:32', '2021-06-22 09:57:32', NULL),
(349, 'sabryna carroll', 'egibson@example.com', '$2y$10$TKh8H1.PfQx37YgCzwiKb.KjNyWgaHb9cbcoQgdIVFlYg7B77UdFm', '2zF744Lt0q', '1', NULL, 'true', '2021-06-22 09:57:32', '2021-06-22 09:57:32', NULL),
(350, 'aurore lowe', 'colten.hermann@example.com', '$2y$10$TKh8H1.PfQx37YgCzwiKb.KjNyWgaHb9cbcoQgdIVFlYg7B77UdFm', 'd3s8WXUBtl', '0', 'P2sA1A6qTbFMO0RwNjMzRgrIehHev1VtVL4liqLv', 'false', '2021-06-22 09:57:32', '2021-06-22 09:57:32', NULL),
(351, 'tatum pollich', 'gusikowski.letitia@example.net', '$2y$10$TKh8H1.PfQx37YgCzwiKb.KjNyWgaHb9cbcoQgdIVFlYg7B77UdFm', '9qiiVW9ZHJ', '1', NULL, 'false', '2021-06-22 09:57:32', '2021-06-22 09:57:32', NULL),
(352, 'mr. max lakin ii', 'uluettgen@example.com', '$2y$10$TKh8H1.PfQx37YgCzwiKb.KjNyWgaHb9cbcoQgdIVFlYg7B77UdFm', '81j7MuCRou', '1', NULL, 'true', '2021-06-22 09:57:32', '2021-06-22 09:57:32', NULL),
(353, 'ms. zola bergstrom sr.', 'arch35@example.org', '$2y$10$TKh8H1.PfQx37YgCzwiKb.KjNyWgaHb9cbcoQgdIVFlYg7B77UdFm', 'a92pyxxocQ', '1', NULL, 'false', '2021-06-22 09:57:32', '2021-06-22 09:57:32', NULL),
(354, 'dr. gunner labadie phd', 'sgutkowski@example.com', '$2y$10$TKh8H1.PfQx37YgCzwiKb.KjNyWgaHb9cbcoQgdIVFlYg7B77UdFm', 'Xm2W5XJH2l', '0', 'KltMUmhujXN8sS7H48o5fh4O0gkOD1VLXrK0ncI8', 'true', '2021-06-22 09:57:32', '2021-06-22 09:57:32', NULL),
(355, 'prof. violette lind dvm', 'raynor.kraig@example.org', '$2y$10$TKh8H1.PfQx37YgCzwiKb.KjNyWgaHb9cbcoQgdIVFlYg7B77UdFm', '2vDsokquo1', '1', NULL, 'true', '2021-06-22 09:57:32', '2021-06-22 09:57:32', NULL),
(356, 'jed dickens v', 'ctreutel@example.org', '$2y$10$TKh8H1.PfQx37YgCzwiKb.KjNyWgaHb9cbcoQgdIVFlYg7B77UdFm', 'HIidVkSdIQ', '0', 'cnF7B09mWbDWlhba3HCNQkfKmFSOSoY0dcsUYAKu', 'false', '2021-06-22 09:57:32', '2021-06-22 09:57:32', NULL),
(357, 'mr. albin gibson iv', 'mmorar@example.org', '$2y$10$TKh8H1.PfQx37YgCzwiKb.KjNyWgaHb9cbcoQgdIVFlYg7B77UdFm', '4adTqUmlGl', '0', 'OHVF5GPOIgwdBwE3W6IFXztkXMSnoazuCQXxITGF', 'false', '2021-06-22 09:57:32', '2021-06-22 09:57:32', NULL),
(358, 'ronny carroll', 'richard.wyman@example.com', '$2y$10$TKh8H1.PfQx37YgCzwiKb.KjNyWgaHb9cbcoQgdIVFlYg7B77UdFm', 'j20SO8VtcF', '1', NULL, 'true', '2021-06-22 09:57:32', '2021-06-22 09:57:32', NULL),
(359, 'destinee tremblay', 'wayne90@example.com', '$2y$10$TKh8H1.PfQx37YgCzwiKb.KjNyWgaHb9cbcoQgdIVFlYg7B77UdFm', 'HdvrNnMBcm', '0', 'Z2O49TvIVtUPB8gpcotCAhdvxiwWffrDxPjudkV3', 'false', '2021-06-22 09:57:32', '2021-06-22 09:57:32', NULL),
(360, 'westley bruen', 'jedediah79@example.org', '$2y$10$TKh8H1.PfQx37YgCzwiKb.KjNyWgaHb9cbcoQgdIVFlYg7B77UdFm', 'SRfvHMjG50', '1', NULL, 'false', '2021-06-22 09:57:32', '2021-06-22 09:57:32', NULL),
(361, 'camila heidenreich', 'zieme.charlie@example.net', '$2y$10$TKh8H1.PfQx37YgCzwiKb.KjNyWgaHb9cbcoQgdIVFlYg7B77UdFm', 'ZIcW7s2Riw', '1', NULL, 'true', '2021-06-22 09:57:32', '2021-06-22 09:57:32', NULL),
(362, 'adrien walter', 'rritchie@example.net', '$2y$10$TKh8H1.PfQx37YgCzwiKb.KjNyWgaHb9cbcoQgdIVFlYg7B77UdFm', 'Ri8Lkkjm5G', '1', NULL, 'true', '2021-06-22 09:57:32', '2021-06-22 09:57:32', NULL),
(363, 'anissa padberg', 'kailyn.hintz@example.net', '$2y$10$TKh8H1.PfQx37YgCzwiKb.KjNyWgaHb9cbcoQgdIVFlYg7B77UdFm', 'YXtEzL7tdZ', '0', 'PI8s68eRcO1Jm1GiIwRvxV0QAuFTDuA0SA3RGq5c', 'false', '2021-06-22 09:57:32', '2021-06-22 09:57:32', NULL),
(364, 'bret vonrueden', 'kelsi.willms@example.com', '$2y$10$TKh8H1.PfQx37YgCzwiKb.KjNyWgaHb9cbcoQgdIVFlYg7B77UdFm', 'a0GoBi4ilG', '1', NULL, 'true', '2021-06-22 09:57:32', '2021-06-22 09:57:32', NULL),
(365, 'ariane wunsch', 'boyer.charlotte@example.com', '$2y$10$TKh8H1.PfQx37YgCzwiKb.KjNyWgaHb9cbcoQgdIVFlYg7B77UdFm', 'WfNakLkgUG', '0', 'u9jUg7dIFFjSR4tvbduwF6lEEYxHgWrqAsOGj8oU', 'false', '2021-06-22 09:57:32', '2021-06-22 09:57:32', NULL),
(366, 'devon eichmann', 'danielle.mcdermott@example.net', '$2y$10$TKh8H1.PfQx37YgCzwiKb.KjNyWgaHb9cbcoQgdIVFlYg7B77UdFm', '8WXs9FgiD8', '1', NULL, 'false', '2021-06-22 09:57:32', '2021-06-22 09:57:32', NULL),
(367, 'dr. elta veum ii', 'carter.wanda@example.net', '$2y$10$TKh8H1.PfQx37YgCzwiKb.KjNyWgaHb9cbcoQgdIVFlYg7B77UdFm', 'RLjTnsuZg6', '0', 'EPUgNFeTr2rmNy4As3jhXoTyK2OigCTVhUreg6L5', 'true', '2021-06-22 09:57:32', '2021-06-22 09:57:32', NULL),
(368, 'woodrow maggio ii', 'wnitzsche@example.org', '$2y$10$TKh8H1.PfQx37YgCzwiKb.KjNyWgaHb9cbcoQgdIVFlYg7B77UdFm', 'ggovxvINmP', '0', 'NcLtJSKl9pYfRkkvzULPUeFrYJXGGJP9hU2DcKU0', 'false', '2021-06-22 09:57:32', '2021-06-22 09:57:32', NULL),
(369, 'ludie jacobi sr.', 'jackeline27@example.com', '$2y$10$TKh8H1.PfQx37YgCzwiKb.KjNyWgaHb9cbcoQgdIVFlYg7B77UdFm', '95FXAw52gc', '1', NULL, 'false', '2021-06-22 09:57:32', '2021-06-22 09:57:32', NULL),
(370, 'ms. laila parisian', 'ngrant@example.net', '$2y$10$TKh8H1.PfQx37YgCzwiKb.KjNyWgaHb9cbcoQgdIVFlYg7B77UdFm', '4G3F8OUx9P', '1', NULL, 'true', '2021-06-22 09:57:32', '2021-06-22 09:57:32', NULL),
(371, 'jabari dooley', 'conroy.florian@example.net', '$2y$10$TKh8H1.PfQx37YgCzwiKb.KjNyWgaHb9cbcoQgdIVFlYg7B77UdFm', '4FuFcHXCdw', '1', NULL, 'true', '2021-06-22 09:57:32', '2021-06-22 09:57:32', NULL),
(372, 'christopher veum', 'balistreri.conrad@example.net', '$2y$10$TKh8H1.PfQx37YgCzwiKb.KjNyWgaHb9cbcoQgdIVFlYg7B77UdFm', 'YLujR5htdj', '1', NULL, 'false', '2021-06-22 09:57:32', '2021-06-22 09:57:32', NULL),
(373, 'brown gislason', 'yasmin59@example.net', '$2y$10$TKh8H1.PfQx37YgCzwiKb.KjNyWgaHb9cbcoQgdIVFlYg7B77UdFm', '0eymUIHyun', '1', NULL, 'false', '2021-06-22 09:57:32', '2021-06-22 09:57:32', NULL),
(374, 'elise bashirian iii', 'tritchie@example.com', '$2y$10$TKh8H1.PfQx37YgCzwiKb.KjNyWgaHb9cbcoQgdIVFlYg7B77UdFm', 'gPeiF47D8Y', '1', NULL, 'true', '2021-06-22 09:57:32', '2021-06-22 09:57:32', NULL),
(375, 'ana little', 'skyla52@example.com', '$2y$10$TKh8H1.PfQx37YgCzwiKb.KjNyWgaHb9cbcoQgdIVFlYg7B77UdFm', 'uE4AN76RC4', '1', NULL, 'false', '2021-06-22 09:57:32', '2021-06-22 09:57:32', NULL),
(376, 'prof. alejandrin roob', 'dalton71@example.com', '$2y$10$TKh8H1.PfQx37YgCzwiKb.KjNyWgaHb9cbcoQgdIVFlYg7B77UdFm', 'rd9qk0UrzY', '1', NULL, 'false', '2021-06-22 09:57:32', '2021-06-22 09:57:32', NULL),
(377, 'miss florida witting sr.', 'adrianna.hayes@example.net', '$2y$10$TKh8H1.PfQx37YgCzwiKb.KjNyWgaHb9cbcoQgdIVFlYg7B77UdFm', 'NpyIjuHkq6', '1', NULL, 'true', '2021-06-22 09:57:32', '2021-06-22 09:57:32', NULL),
(378, 'dr. wyman vandervort i', 'cheyanne10@example.org', '$2y$10$TKh8H1.PfQx37YgCzwiKb.KjNyWgaHb9cbcoQgdIVFlYg7B77UdFm', 'S37vsF7sKI', '1', NULL, 'false', '2021-06-22 09:57:32', '2021-06-22 09:57:32', NULL),
(379, 'prof. kelly cormier', 'beahan.luigi@example.com', '$2y$10$TKh8H1.PfQx37YgCzwiKb.KjNyWgaHb9cbcoQgdIVFlYg7B77UdFm', 'nR8QblY7Xm', '0', 'hOjCmmbaqZL5Ye6EGmSxCaQpbmFASNooas3AHwQQ', 'true', '2021-06-22 09:57:32', '2021-06-22 09:57:32', NULL),
(380, 'arvilla runolfsson', 'grant.lindsay@example.com', '$2y$10$TKh8H1.PfQx37YgCzwiKb.KjNyWgaHb9cbcoQgdIVFlYg7B77UdFm', 'DtKElEEUKQ', '0', '0TRyEpFXfJAPfcJtxyth6Gbhz2iAPpqQAbOJOjFp', 'false', '2021-06-22 09:57:32', '2021-06-22 09:57:32', NULL),
(381, 'lambert gorczany', 'deion.maggio@example.com', '$2y$10$TKh8H1.PfQx37YgCzwiKb.KjNyWgaHb9cbcoQgdIVFlYg7B77UdFm', 'LXYq5u1VcT', '1', NULL, 'true', '2021-06-22 09:57:32', '2021-06-22 09:57:32', NULL),
(382, 'timmothy wilkinson', 'rogers76@example.com', '$2y$10$TKh8H1.PfQx37YgCzwiKb.KjNyWgaHb9cbcoQgdIVFlYg7B77UdFm', '1jehVQnh90', '0', 'YxtRKWX3qFA05rTMY6YF92BmXGs55lxioXCVR4Fa', 'true', '2021-06-22 09:57:32', '2021-06-22 09:57:32', NULL),
(383, 'alaina sanford i', 'hessel.lonny@example.com', '$2y$10$TKh8H1.PfQx37YgCzwiKb.KjNyWgaHb9cbcoQgdIVFlYg7B77UdFm', 'u8lV0vR0EA', '1', NULL, 'false', '2021-06-22 09:57:32', '2021-06-22 09:57:32', NULL),
(384, 'prof. kaylie crist', 'goldner.brent@example.net', '$2y$10$TKh8H1.PfQx37YgCzwiKb.KjNyWgaHb9cbcoQgdIVFlYg7B77UdFm', 'n4h0cueA0z', '0', 'CsbHpDME9RVoBK5rSabZ35vVxBndhFqXd2n37JpY', 'false', '2021-06-22 09:57:32', '2021-06-22 09:57:32', NULL),
(385, 'domenic carroll', 'ykoelpin@example.com', '$2y$10$TKh8H1.PfQx37YgCzwiKb.KjNyWgaHb9cbcoQgdIVFlYg7B77UdFm', 'VLOvZzF7U2', '0', 'gMO4UbogHBkSaaK9mFBZ616QNzUczgZDM3s77sTX', 'false', '2021-06-22 09:57:32', '2021-06-22 09:57:32', NULL),
(386, 'prof. elbert ullrich dds', 'luettgen.ross@example.com', '$2y$10$TKh8H1.PfQx37YgCzwiKb.KjNyWgaHb9cbcoQgdIVFlYg7B77UdFm', 'Nuf5FOV2VB', '1', NULL, 'true', '2021-06-22 09:57:32', '2021-06-22 09:57:32', NULL),
(387, 'jennifer dach', 'paige.osinski@example.org', '$2y$10$TKh8H1.PfQx37YgCzwiKb.KjNyWgaHb9cbcoQgdIVFlYg7B77UdFm', '8ZwhyhshG6', '0', 'qzCyLHROEFTaKxgk6jyzVWy0KI6iSFsMm6kZh2Co', 'true', '2021-06-22 09:57:32', '2021-06-22 09:57:32', NULL),
(388, 'prof. ignacio mante dvm', 'albert14@example.com', '$2y$10$TKh8H1.PfQx37YgCzwiKb.KjNyWgaHb9cbcoQgdIVFlYg7B77UdFm', 'NvxBidnJdW', '1', NULL, 'true', '2021-06-22 09:57:32', '2021-06-22 09:57:32', NULL),
(389, 'mrs. maximillia howe i', 'nwest@example.com', '$2y$10$TKh8H1.PfQx37YgCzwiKb.KjNyWgaHb9cbcoQgdIVFlYg7B77UdFm', 'ZPTapZPJoz', '1', NULL, 'false', '2021-06-22 09:57:32', '2021-06-22 09:57:32', NULL),
(390, 'mrs. ruthe mosciski', 'isaias82@example.com', '$2y$10$TKh8H1.PfQx37YgCzwiKb.KjNyWgaHb9cbcoQgdIVFlYg7B77UdFm', 'gpUiy74Khz', '0', 'wDCEp3VH3qAbQzwhKzGRRQTV7xV8dorIAgPd3X5E', 'true', '2021-06-22 09:57:32', '2021-06-22 09:57:32', NULL),
(391, 'dr. jany carroll', 'kurt.aufderhar@example.net', '$2y$10$TKh8H1.PfQx37YgCzwiKb.KjNyWgaHb9cbcoQgdIVFlYg7B77UdFm', 'Q82O3exzn9', '1', NULL, 'true', '2021-06-22 09:57:32', '2021-06-22 09:57:32', NULL),
(392, 'mattie hyatt', 'brandy.cummerata@example.com', '$2y$10$TKh8H1.PfQx37YgCzwiKb.KjNyWgaHb9cbcoQgdIVFlYg7B77UdFm', 'DbSpNXZt84', '1', NULL, 'false', '2021-06-22 09:57:32', '2021-06-22 09:57:32', NULL),
(393, 'heloise koelpin', 'esther20@example.net', '$2y$10$TKh8H1.PfQx37YgCzwiKb.KjNyWgaHb9cbcoQgdIVFlYg7B77UdFm', 'e4to9yqEC2', '1', NULL, 'true', '2021-06-22 09:57:32', '2021-06-22 09:57:32', NULL),
(394, 'maxime hintz', 'alysson27@example.org', '$2y$10$TKh8H1.PfQx37YgCzwiKb.KjNyWgaHb9cbcoQgdIVFlYg7B77UdFm', 'DpAFkbN4l0', '0', 'FTY43lfs02xV7cTxfqE3zFtCc9Qn5tGzN1WQsP2S', 'true', '2021-06-22 09:57:32', '2021-06-22 09:57:32', NULL),
(395, 'erwin mccullough i', 'dannie.beahan@example.net', '$2y$10$TKh8H1.PfQx37YgCzwiKb.KjNyWgaHb9cbcoQgdIVFlYg7B77UdFm', '9iI5rVlfUb', '1', NULL, 'false', '2021-06-22 09:57:32', '2021-06-22 09:57:32', NULL),
(396, 'mr. wayne mills md', 'runte.shayne@example.org', '$2y$10$TKh8H1.PfQx37YgCzwiKb.KjNyWgaHb9cbcoQgdIVFlYg7B77UdFm', 'tOqSOXbyAq', '0', 'pqQi2UjQvOFewlCqSjxxMa2xYF1VHNEw3MgEpcGu', 'false', '2021-06-22 09:57:32', '2021-06-22 09:57:32', NULL),
(397, 'eulah king', 'dubuque.athena@example.net', '$2y$10$TKh8H1.PfQx37YgCzwiKb.KjNyWgaHb9cbcoQgdIVFlYg7B77UdFm', 'djUul3qFbM', '0', 'vRBHGSybC740bnPBPs942U834WlreEPdUfU0uRI3', 'false', '2021-06-22 09:57:32', '2021-06-22 09:57:32', NULL),
(398, 'moriah feest', 'cristal56@example.net', '$2y$10$TKh8H1.PfQx37YgCzwiKb.KjNyWgaHb9cbcoQgdIVFlYg7B77UdFm', '4DA0wrvP27', '0', 'zOgmV8cgFgL9wtRXGEjHc7us1ess5Vkx7jc3nDyY', 'false', '2021-06-22 09:57:32', '2021-06-22 09:57:32', NULL),
(399, 'garry vandervort', 'isanford@example.org', '$2y$10$TKh8H1.PfQx37YgCzwiKb.KjNyWgaHb9cbcoQgdIVFlYg7B77UdFm', 'htOu5Mke2p', '1', NULL, 'true', '2021-06-22 09:57:32', '2021-06-22 09:57:32', NULL),
(400, 'tabitha bode', 'hills.josue@example.org', '$2y$10$TKh8H1.PfQx37YgCzwiKb.KjNyWgaHb9cbcoQgdIVFlYg7B77UdFm', 'ldSB6Lanao', '0', 'gb4NzKfaK8vZI8IoOShQdjc8dghVzNzplXE6MHR7', 'true', '2021-06-22 09:57:32', '2021-06-22 09:57:32', NULL),
(401, 'jessika o\'keefe', 'champlin.christ@example.org', '$2y$10$TKh8H1.PfQx37YgCzwiKb.KjNyWgaHb9cbcoQgdIVFlYg7B77UdFm', 'DKYGmz4pEA', '1', NULL, 'false', '2021-06-22 09:57:32', '2021-06-22 09:57:32', NULL),
(402, 'dr. don abernathy', 'hhackett@example.com', '$2y$10$TKh8H1.PfQx37YgCzwiKb.KjNyWgaHb9cbcoQgdIVFlYg7B77UdFm', 'VFRvKBw5XQ', '0', '07SQ40zUKvGFe4ozuPYOLZBXvLgSz9tmai83MWhO', 'false', '2021-06-22 09:57:32', '2021-06-22 09:57:32', NULL),
(403, 'gardner hammes', 'nader.lulu@example.org', '$2y$10$TKh8H1.PfQx37YgCzwiKb.KjNyWgaHb9cbcoQgdIVFlYg7B77UdFm', 'HCc4Fox3Yn', '1', NULL, 'true', '2021-06-22 09:57:33', '2021-06-22 09:57:33', NULL),
(404, 'miss bert brakus', 'ulises47@example.org', '$2y$10$TKh8H1.PfQx37YgCzwiKb.KjNyWgaHb9cbcoQgdIVFlYg7B77UdFm', 'wlWspTqX5w', '1', NULL, 'false', '2021-06-22 09:57:33', '2021-06-22 09:57:33', NULL),
(405, 'giovanny prohaska', 'kaci63@example.org', '$2y$10$TKh8H1.PfQx37YgCzwiKb.KjNyWgaHb9cbcoQgdIVFlYg7B77UdFm', 'GGrwDfP6po', '0', 'Q9x24BxIvvaM7AuCifc7LqMRGzBPVGcX43JnPJ3n', 'false', '2021-06-22 09:57:33', '2021-06-22 09:57:33', NULL),
(406, 'jerald abernathy', 'wade.weimann@example.org', '$2y$10$TKh8H1.PfQx37YgCzwiKb.KjNyWgaHb9cbcoQgdIVFlYg7B77UdFm', 'qTLX1PJUov', '1', NULL, 'false', '2021-06-22 09:57:33', '2021-06-22 09:57:33', NULL),
(407, 'mattie kuvalis', 'qschaefer@example.com', '$2y$10$TKh8H1.PfQx37YgCzwiKb.KjNyWgaHb9cbcoQgdIVFlYg7B77UdFm', 'M05pCMPpbV', '1', NULL, 'true', '2021-06-22 09:57:33', '2021-06-22 09:57:33', NULL),
(408, 'kaleigh bashirian', 'beer.marlen@example.com', '$2y$10$TKh8H1.PfQx37YgCzwiKb.KjNyWgaHb9cbcoQgdIVFlYg7B77UdFm', 'JxkyKglwxZ', '1', NULL, 'false', '2021-06-22 09:57:33', '2021-06-22 09:57:33', NULL),
(409, 'mr. brett mueller', 'oconner.cleora@example.com', '$2y$10$TKh8H1.PfQx37YgCzwiKb.KjNyWgaHb9cbcoQgdIVFlYg7B77UdFm', 'N5056ze0WH', '0', 'Mm9CHlvuBk4WoBOVfxKGDxR6qEs4Ny2rKjsckdBU', 'false', '2021-06-22 09:57:33', '2021-06-22 09:57:33', NULL),
(410, 'prof. sincere dubuque', 'bolson@example.com', '$2y$10$TKh8H1.PfQx37YgCzwiKb.KjNyWgaHb9cbcoQgdIVFlYg7B77UdFm', 'ivq5H2dQCp', '0', 'a8w4WLkXgBniuZRctIvFgljDdEjsWF1L842tAkKN', 'true', '2021-06-22 09:57:33', '2021-06-22 09:57:33', NULL),
(411, 'wilma botsford', 'sarai.parker@example.net', '$2y$10$TKh8H1.PfQx37YgCzwiKb.KjNyWgaHb9cbcoQgdIVFlYg7B77UdFm', 'dEJxU6RL3g', '1', NULL, 'true', '2021-06-22 09:57:33', '2021-06-22 09:57:33', NULL),
(412, 'rose turner', 'hugh.larkin@example.net', '$2y$10$TKh8H1.PfQx37YgCzwiKb.KjNyWgaHb9cbcoQgdIVFlYg7B77UdFm', '81erXRxhMe', '1', NULL, 'false', '2021-06-22 09:57:33', '2021-06-22 09:57:33', NULL),
(413, 'yvette ferry', 'iullrich@example.com', '$2y$10$TKh8H1.PfQx37YgCzwiKb.KjNyWgaHb9cbcoQgdIVFlYg7B77UdFm', 'n9fH1THprA', '1', NULL, 'false', '2021-06-22 09:57:33', '2021-06-22 09:57:33', NULL),
(414, 'jay wyman', 'tlang@example.com', '$2y$10$TKh8H1.PfQx37YgCzwiKb.KjNyWgaHb9cbcoQgdIVFlYg7B77UdFm', 'HPh7sDtumM', '0', 'h9wDqCQcj973iC6XCVIHijjA0WbYsQscztEWkUge', 'true', '2021-06-22 09:57:33', '2021-06-22 09:57:33', NULL),
(415, 'francesco schoen', 'trantow.hailee@example.org', '$2y$10$TKh8H1.PfQx37YgCzwiKb.KjNyWgaHb9cbcoQgdIVFlYg7B77UdFm', 'HbkGdQ6cIi', '1', NULL, 'true', '2021-06-22 09:57:33', '2021-06-22 09:57:33', NULL),
(416, 'florence leffler', 'ankunding.rosario@example.com', '$2y$10$TKh8H1.PfQx37YgCzwiKb.KjNyWgaHb9cbcoQgdIVFlYg7B77UdFm', 'enVkdIeb4q', '0', 'VRDG0kqIcHcSzDxDdp1DPispiUY4Bwhpf460sb0j', 'false', '2021-06-22 09:57:33', '2021-06-22 09:57:33', NULL),
(417, 'hardy sipes', 'maritza.robel@example.org', '$2y$10$TKh8H1.PfQx37YgCzwiKb.KjNyWgaHb9cbcoQgdIVFlYg7B77UdFm', 'bnc8kK7khZ', '1', NULL, 'true', '2021-06-22 09:57:33', '2021-06-22 09:57:33', NULL),
(418, 'dr. francesco sanford', 'rubye.bogisich@example.org', '$2y$10$TKh8H1.PfQx37YgCzwiKb.KjNyWgaHb9cbcoQgdIVFlYg7B77UdFm', 'X7Iddgdeq1', '1', NULL, 'true', '2021-06-22 09:57:33', '2021-06-22 09:57:33', NULL),
(419, 'jessy wiza', 'dudley46@example.org', '$2y$10$TKh8H1.PfQx37YgCzwiKb.KjNyWgaHb9cbcoQgdIVFlYg7B77UdFm', 'P1OBoJeZzx', '1', NULL, 'true', '2021-06-22 09:57:33', '2021-06-22 09:57:33', NULL),
(420, 'dr. dudley gutkowski', 'jacobi.garry@example.com', '$2y$10$TKh8H1.PfQx37YgCzwiKb.KjNyWgaHb9cbcoQgdIVFlYg7B77UdFm', 'MO9TZzCEtk', '1', NULL, 'true', '2021-06-22 09:57:33', '2021-06-22 09:57:33', NULL),
(421, 'dr. adrien fay dvm', 'judd.schamberger@example.org', '$2y$10$TKh8H1.PfQx37YgCzwiKb.KjNyWgaHb9cbcoQgdIVFlYg7B77UdFm', 'u2ETYxopeV', '0', 'AlxDmaAZFlGOFzJKFrEcI9Cqh1ctFZYiPdymc1Ao', 'true', '2021-06-22 09:57:33', '2021-06-22 09:57:33', NULL),
(422, 'ms. vallie ebert', 'donavon38@example.com', '$2y$10$TKh8H1.PfQx37YgCzwiKb.KjNyWgaHb9cbcoQgdIVFlYg7B77UdFm', '9waF4YalUP', '1', NULL, 'false', '2021-06-22 09:57:33', '2021-06-22 09:57:33', NULL),
(423, 'kiara mante dvm', 'katelyn.dickens@example.com', '$2y$10$TKh8H1.PfQx37YgCzwiKb.KjNyWgaHb9cbcoQgdIVFlYg7B77UdFm', '32X60R4Ykt', '0', 'kwESaFJaTKnHYk5oVtFiwNFt68YSGRwtdRjxarmi', 'true', '2021-06-22 09:57:33', '2021-06-22 09:57:33', NULL),
(424, 'ashtyn reinger dds', 'ali92@example.org', '$2y$10$TKh8H1.PfQx37YgCzwiKb.KjNyWgaHb9cbcoQgdIVFlYg7B77UdFm', 'BYxnHQM2oH', '1', NULL, 'true', '2021-06-22 09:57:33', '2021-06-22 09:57:33', NULL),
(425, 'ethelyn hermiston', 'tristian72@example.org', '$2y$10$TKh8H1.PfQx37YgCzwiKb.KjNyWgaHb9cbcoQgdIVFlYg7B77UdFm', 'jx94feCKwH', '0', 'BWMhjUoYWdYDGAf7OdUttMlihMxTyiHQAkwTg0IP', 'true', '2021-06-22 09:57:33', '2021-06-22 09:57:33', NULL),
(426, 'ronaldo treutel', 'egutkowski@example.org', '$2y$10$TKh8H1.PfQx37YgCzwiKb.KjNyWgaHb9cbcoQgdIVFlYg7B77UdFm', 'YFUooRi3aV', '1', NULL, 'true', '2021-06-22 09:57:33', '2021-06-22 09:57:33', NULL),
(427, 'mrs. leilani auer', 'hahn.delbert@example.net', '$2y$10$TKh8H1.PfQx37YgCzwiKb.KjNyWgaHb9cbcoQgdIVFlYg7B77UdFm', 'yycxZ1zWoL', '0', '0onX384J1Cl6D8L6NXuqUFIJqX7DzFbgtYH4tEn9', 'false', '2021-06-22 09:57:33', '2021-06-22 09:57:33', NULL),
(428, 'norbert harber', 'price.jeffry@example.net', '$2y$10$TKh8H1.PfQx37YgCzwiKb.KjNyWgaHb9cbcoQgdIVFlYg7B77UdFm', 'SUumAZy5Nf', '1', NULL, 'false', '2021-06-22 09:57:33', '2021-06-22 09:57:33', NULL),
(429, 'francisco padberg', 'walter.mertz@example.com', '$2y$10$TKh8H1.PfQx37YgCzwiKb.KjNyWgaHb9cbcoQgdIVFlYg7B77UdFm', '2SHFch139D', '0', 'ltMCw4e1XGUwZDw3Ntx7c2AOBHzyuDTGpyqLt52p', 'true', '2021-06-22 09:57:33', '2021-06-22 09:57:33', NULL),
(430, 'jany thiel', 'justine76@example.net', '$2y$10$TKh8H1.PfQx37YgCzwiKb.KjNyWgaHb9cbcoQgdIVFlYg7B77UdFm', 'FccSB1vMAt', '1', NULL, 'true', '2021-06-22 09:57:33', '2021-06-22 09:57:33', NULL),
(431, 'dr. eudora wisozk', 'hegmann.morris@example.org', '$2y$10$TKh8H1.PfQx37YgCzwiKb.KjNyWgaHb9cbcoQgdIVFlYg7B77UdFm', 'QjKywk7sNy', '0', 'bZB7y1FK0OxeoShgkOFOby9uvrdXeD9g4pIEtiuz', 'true', '2021-06-22 09:57:33', '2021-06-22 09:57:33', NULL),
(432, 'miss verda dicki i', 'russel62@example.net', '$2y$10$TKh8H1.PfQx37YgCzwiKb.KjNyWgaHb9cbcoQgdIVFlYg7B77UdFm', 'sE5066Eagc', '1', NULL, 'false', '2021-06-22 09:57:33', '2021-06-22 09:57:33', NULL),
(433, 'ima brown', 'tlesch@example.com', '$2y$10$TKh8H1.PfQx37YgCzwiKb.KjNyWgaHb9cbcoQgdIVFlYg7B77UdFm', 'KKYD1mRNjd', '0', 'E8GHzEaVisP5wfgKxQcgWQnq3qiBYi8lps8h4pgt', 'true', '2021-06-22 09:57:33', '2021-06-22 09:57:33', NULL),
(434, 'jack hand', 'foster.parker@example.com', '$2y$10$TKh8H1.PfQx37YgCzwiKb.KjNyWgaHb9cbcoQgdIVFlYg7B77UdFm', 'MPvKS7ruKq', '0', 'vyeLzMw1Tdl2zh9XkIFWjpgDjW7FUZzJ7BWB67q8', 'false', '2021-06-22 09:57:33', '2021-06-22 09:57:33', NULL),
(435, 'domingo little', 'unikolaus@example.net', '$2y$10$TKh8H1.PfQx37YgCzwiKb.KjNyWgaHb9cbcoQgdIVFlYg7B77UdFm', '0MgW8uFE2Z', '1', NULL, 'false', '2021-06-22 09:57:33', '2021-06-22 09:57:33', NULL),
(436, 'rosemary kerluke', 'taurean.gerlach@example.org', '$2y$10$TKh8H1.PfQx37YgCzwiKb.KjNyWgaHb9cbcoQgdIVFlYg7B77UdFm', 'CYIit6kHVW', '1', NULL, 'false', '2021-06-22 09:57:33', '2021-06-22 09:57:33', NULL),
(437, 'dr. cortez robel i', 'assunta.waters@example.net', '$2y$10$TKh8H1.PfQx37YgCzwiKb.KjNyWgaHb9cbcoQgdIVFlYg7B77UdFm', '4nCnSsdBQI', '1', NULL, 'true', '2021-06-22 09:57:33', '2021-06-22 09:57:33', NULL),
(438, 'ms. kathryne moen', 'kmohr@example.net', '$2y$10$TKh8H1.PfQx37YgCzwiKb.KjNyWgaHb9cbcoQgdIVFlYg7B77UdFm', 'q0RESnfbP9', '1', NULL, 'true', '2021-06-22 09:57:33', '2021-06-22 09:57:33', NULL),
(439, 'frances pagac', 'wendell.swaniawski@example.org', '$2y$10$TKh8H1.PfQx37YgCzwiKb.KjNyWgaHb9cbcoQgdIVFlYg7B77UdFm', '9PcQrBn30W', '0', 'e6Dh2ZcRraD6EgcOGOwFi503BVXbH7DOTMr217pJ', 'true', '2021-06-22 09:57:33', '2021-06-22 09:57:33', NULL),
(440, 'blaze hoeger i', 'bhudson@example.net', '$2y$10$TKh8H1.PfQx37YgCzwiKb.KjNyWgaHb9cbcoQgdIVFlYg7B77UdFm', 'ImVS2d4qIx', '0', 'awXIbY6NpZfPGhhxDVLWNcXGMY5glWmqjabkQcl8', 'true', '2021-06-22 09:57:33', '2021-06-22 09:57:33', NULL),
(441, 'camille collier md', 'zelda.bergstrom@example.org', '$2y$10$TKh8H1.PfQx37YgCzwiKb.KjNyWgaHb9cbcoQgdIVFlYg7B77UdFm', 'crb4fm5cC2', '0', 'dmDzrdwpeSR48ibpashm08B7fO6o1SGMhhXYlC3M', 'false', '2021-06-22 09:57:33', '2021-06-22 09:57:33', NULL),
(442, 'myra reichert', 'wmcglynn@example.com', '$2y$10$TKh8H1.PfQx37YgCzwiKb.KjNyWgaHb9cbcoQgdIVFlYg7B77UdFm', 'COGeFTdkJX', '1', NULL, 'true', '2021-06-22 09:57:33', '2021-06-22 09:57:33', NULL),
(443, 'yasmine grant dvm', 'mckenzie.johnston@example.org', '$2y$10$TKh8H1.PfQx37YgCzwiKb.KjNyWgaHb9cbcoQgdIVFlYg7B77UdFm', 'rwzR5L1R0G', '0', 'd7dw6IoEWbwNG8rYPLnv5n5vAtIx6GHk108yOm2R', 'true', '2021-06-22 09:57:33', '2021-06-22 09:57:33', NULL),
(444, 'yolanda simonis', 'emurazik@example.net', '$2y$10$TKh8H1.PfQx37YgCzwiKb.KjNyWgaHb9cbcoQgdIVFlYg7B77UdFm', 'DAzX26gClm', '0', 'uNd1rie49QuEd4bRW6sDKnK5630LzuH3WGyhJGVI', 'true', '2021-06-22 09:57:33', '2021-06-22 09:57:33', NULL),
(445, 'lambert farrell md', 'gisselle.lind@example.org', '$2y$10$TKh8H1.PfQx37YgCzwiKb.KjNyWgaHb9cbcoQgdIVFlYg7B77UdFm', 'lyEiBnfgI8', '0', 'MvPgwe7is89BpMO4OERtiX8dL8Q5QQOmLELXE6hj', 'true', '2021-06-22 09:57:33', '2021-06-22 09:57:33', NULL),
(446, 'prof. westley mertz sr.', 'aryanna.okeefe@example.org', '$2y$10$TKh8H1.PfQx37YgCzwiKb.KjNyWgaHb9cbcoQgdIVFlYg7B77UdFm', 'gTCpXF2hkU', '1', NULL, 'true', '2021-06-22 09:57:33', '2021-06-22 09:57:33', NULL),
(447, 'narciso dicki iv', 'ndooley@example.net', '$2y$10$TKh8H1.PfQx37YgCzwiKb.KjNyWgaHb9cbcoQgdIVFlYg7B77UdFm', 'DVCUjb9wKL', '1', NULL, 'true', '2021-06-22 09:57:33', '2021-06-22 09:57:33', NULL),
(448, 'quinten tillman', 'wilderman.edgar@example.net', '$2y$10$TKh8H1.PfQx37YgCzwiKb.KjNyWgaHb9cbcoQgdIVFlYg7B77UdFm', 'Ar2Vb1D4R3', '0', 'eqawKBjEVFk8agrf48QYR5lKGpuFOULIPSubb0C1', 'false', '2021-06-22 09:57:33', '2021-06-22 09:57:33', NULL),
(449, 'tyra daugherty', 'wyman.earnest@example.net', '$2y$10$TKh8H1.PfQx37YgCzwiKb.KjNyWgaHb9cbcoQgdIVFlYg7B77UdFm', 'JZVWzEiHuA', '0', 'JpibFJFOzsV41cbrHOAqjgJuK2HNuUqBzeROPKJL', 'false', '2021-06-22 09:57:33', '2021-06-22 09:57:33', NULL),
(450, 'carmella kris', 'lyundt@example.org', '$2y$10$TKh8H1.PfQx37YgCzwiKb.KjNyWgaHb9cbcoQgdIVFlYg7B77UdFm', 'tRRBhkxTEP', '1', NULL, 'true', '2021-06-22 09:57:33', '2021-06-22 09:57:33', NULL),
(451, 'frances beatty', 'lowe.mia@example.net', '$2y$10$TKh8H1.PfQx37YgCzwiKb.KjNyWgaHb9cbcoQgdIVFlYg7B77UdFm', 'zEkAGHSPMM', '1', NULL, 'true', '2021-06-22 09:57:33', '2021-06-22 09:57:33', NULL),
(452, 'federico conn', 'natasha34@example.com', '$2y$10$TKh8H1.PfQx37YgCzwiKb.KjNyWgaHb9cbcoQgdIVFlYg7B77UdFm', 'AXKpCoGSWF', '1', NULL, 'false', '2021-06-22 09:57:33', '2021-06-22 09:57:33', NULL),
(453, 'tyreek rice', 'ohauck@example.org', '$2y$10$TKh8H1.PfQx37YgCzwiKb.KjNyWgaHb9cbcoQgdIVFlYg7B77UdFm', 'Yd6kVjBFxE', '0', 'Rb2cPP0x2iiqF7cyGYY1pTkj520H8x0EygCss1bV', 'true', '2021-06-22 09:57:33', '2021-06-22 09:57:33', NULL),
(454, 'dr. emory gislason i', 'swaniawski.logan@example.org', '$2y$10$TKh8H1.PfQx37YgCzwiKb.KjNyWgaHb9cbcoQgdIVFlYg7B77UdFm', 'PXoXvX2SAR', '0', 'MbG8YWd1eqstCz1DiKB2W7pRjyJY12liwERJSo0v', 'true', '2021-06-22 09:57:33', '2021-06-22 09:57:33', NULL),
(455, 'quentin beatty', 'vandervort.leora@example.net', '$2y$10$TKh8H1.PfQx37YgCzwiKb.KjNyWgaHb9cbcoQgdIVFlYg7B77UdFm', '2aHBIDdfs3', '1', NULL, 'false', '2021-06-22 09:57:33', '2021-06-22 09:57:33', NULL);
INSERT INTO `users` (`id`, `name`, `email`, `password`, `remember_token`, `verified`, `verification_token`, `admin`, `created_at`, `updated_at`, `deleted_at`) VALUES
(456, 'edna kozey', 'brody70@example.com', '$2y$10$TKh8H1.PfQx37YgCzwiKb.KjNyWgaHb9cbcoQgdIVFlYg7B77UdFm', 'YOLWG4i9ew', '0', 'V6x7oJkgrwSVcStIxE0Hgkagll40GRE0JewDSbML', 'false', '2021-06-22 09:57:33', '2021-06-22 09:57:33', NULL),
(457, 'quinton kirlin dvm', 'smoen@example.org', '$2y$10$TKh8H1.PfQx37YgCzwiKb.KjNyWgaHb9cbcoQgdIVFlYg7B77UdFm', 'f2SyrJpZ6w', '0', 'SuZQASblxIqAnJ72UuEpR9sClk6PLVcLUYHA8LFs', 'false', '2021-06-22 09:57:33', '2021-06-22 09:57:33', NULL),
(458, 'ms. alexandrine konopelski', 'zboncak.paxton@example.com', '$2y$10$TKh8H1.PfQx37YgCzwiKb.KjNyWgaHb9cbcoQgdIVFlYg7B77UdFm', 'NdHPmXewb3', '1', NULL, 'false', '2021-06-22 09:57:33', '2021-06-22 09:57:33', NULL),
(459, 'gisselle schuppe', 'dorcas37@example.net', '$2y$10$TKh8H1.PfQx37YgCzwiKb.KjNyWgaHb9cbcoQgdIVFlYg7B77UdFm', 'HLmPoCKZIB', '1', NULL, 'true', '2021-06-22 09:57:33', '2021-06-22 09:57:33', NULL),
(460, 'gerhard nolan i', 'qhaley@example.org', '$2y$10$TKh8H1.PfQx37YgCzwiKb.KjNyWgaHb9cbcoQgdIVFlYg7B77UdFm', 'pZrbnzXOFm', '0', 'WXNUacpTbMXDCUuec6hZBRc0oq3GT0Jv7uMMtjsO', 'true', '2021-06-22 09:57:33', '2021-06-22 09:57:33', NULL),
(461, 'jerrod greenholt', 'forest.dickinson@example.net', '$2y$10$TKh8H1.PfQx37YgCzwiKb.KjNyWgaHb9cbcoQgdIVFlYg7B77UdFm', '0RBbj3oxYN', '0', '14WpQYJ7amNWax3Yx5ec3IcCR3ZIHcLGxkuXAcUW', 'true', '2021-06-22 09:57:33', '2021-06-22 09:57:33', NULL),
(462, 'kellie hermann', 'watson36@example.com', '$2y$10$TKh8H1.PfQx37YgCzwiKb.KjNyWgaHb9cbcoQgdIVFlYg7B77UdFm', 'MvQj05pbiD', '0', 'v5IRmKQvIqKJ7ow1Vjc92V2TH7Y1oFNTsKxClQGz', 'true', '2021-06-22 09:57:33', '2021-06-22 09:57:33', NULL),
(463, 'florence yost', 'hgislason@example.org', '$2y$10$TKh8H1.PfQx37YgCzwiKb.KjNyWgaHb9cbcoQgdIVFlYg7B77UdFm', 'q5jfnibgGI', '1', NULL, 'true', '2021-06-22 09:57:33', '2021-06-22 09:57:33', NULL),
(464, 'karina volkman', 'qratke@example.net', '$2y$10$TKh8H1.PfQx37YgCzwiKb.KjNyWgaHb9cbcoQgdIVFlYg7B77UdFm', 'vutYnU7GgM', '1', NULL, 'true', '2021-06-22 09:57:33', '2021-06-22 09:57:33', NULL),
(465, 'prof. lela lowe', 'mercedes.waelchi@example.org', '$2y$10$TKh8H1.PfQx37YgCzwiKb.KjNyWgaHb9cbcoQgdIVFlYg7B77UdFm', 'WCNF3poVhr', '1', NULL, 'true', '2021-06-22 09:57:33', '2021-06-22 09:57:33', NULL),
(466, 'dr. xavier breitenberg', 'fkunde@example.com', '$2y$10$TKh8H1.PfQx37YgCzwiKb.KjNyWgaHb9cbcoQgdIVFlYg7B77UdFm', 'WZdvvbB8z1', '1', NULL, 'true', '2021-06-22 09:57:33', '2021-06-22 09:57:33', NULL),
(467, 'caleigh johnson', 'koepp.parker@example.com', '$2y$10$TKh8H1.PfQx37YgCzwiKb.KjNyWgaHb9cbcoQgdIVFlYg7B77UdFm', 'wiPKPKQO9v', '0', 'XTR1oQYQ7LHqr2v5LtDnyQjj67ZobnnkZ0V8GIsU', 'true', '2021-06-22 09:57:33', '2021-06-22 09:57:33', NULL),
(468, 'dr. reggie okuneva md', 'ullrich.drake@example.net', '$2y$10$TKh8H1.PfQx37YgCzwiKb.KjNyWgaHb9cbcoQgdIVFlYg7B77UdFm', 'ZCJkGwyAf6', '0', 'y0NoK3UmP6wx61rXnjpadvfrtFNy3pHx2YMf5J3O', 'false', '2021-06-22 09:57:33', '2021-06-22 09:57:33', NULL),
(469, 'ms. cecilia weissnat', 'dominique87@example.net', '$2y$10$TKh8H1.PfQx37YgCzwiKb.KjNyWgaHb9cbcoQgdIVFlYg7B77UdFm', '6o51Jusqy7', '1', NULL, 'true', '2021-06-22 09:57:33', '2021-06-22 09:57:33', NULL),
(470, 'jovanny nicolas', 'skreiger@example.com', '$2y$10$TKh8H1.PfQx37YgCzwiKb.KjNyWgaHb9cbcoQgdIVFlYg7B77UdFm', 'cwGVY4Rn3R', '0', 'RHVRmnBCWsyHxlFKz6Tjre96iOxQyGa0XBLvr6L6', 'false', '2021-06-22 09:57:33', '2021-06-22 09:57:33', NULL),
(471, 'lora abernathy', 'weldon.sanford@example.com', '$2y$10$TKh8H1.PfQx37YgCzwiKb.KjNyWgaHb9cbcoQgdIVFlYg7B77UdFm', 'ofc7p7vg3H', '1', NULL, 'false', '2021-06-22 09:57:33', '2021-06-22 09:57:33', NULL),
(472, 'maude buckridge iii', 'xabshire@example.com', '$2y$10$TKh8H1.PfQx37YgCzwiKb.KjNyWgaHb9cbcoQgdIVFlYg7B77UdFm', 'hqnLmfhRty', '1', NULL, 'false', '2021-06-22 09:57:33', '2021-06-22 09:57:33', NULL),
(473, 'mr. jace renner', 'brakus.arden@example.net', '$2y$10$TKh8H1.PfQx37YgCzwiKb.KjNyWgaHb9cbcoQgdIVFlYg7B77UdFm', 'uIBiuYIZNt', '1', NULL, 'false', '2021-06-22 09:57:33', '2021-06-22 09:57:33', NULL),
(474, 'claud boyer', 'janie13@example.net', '$2y$10$TKh8H1.PfQx37YgCzwiKb.KjNyWgaHb9cbcoQgdIVFlYg7B77UdFm', 'KNcsVXR2aJ', '0', 'N7U7UFuxNnNo1u4G2rxYMZAXBZVEEDF7dMYvleHG', 'false', '2021-06-22 09:57:33', '2021-06-22 09:57:33', NULL),
(475, 'marilyne swift i', 'stevie95@example.com', '$2y$10$TKh8H1.PfQx37YgCzwiKb.KjNyWgaHb9cbcoQgdIVFlYg7B77UdFm', '42rpZTLNV4', '1', NULL, 'true', '2021-06-22 09:57:33', '2021-06-22 09:57:33', NULL),
(476, 'randal schinner', 'davin.green@example.com', '$2y$10$TKh8H1.PfQx37YgCzwiKb.KjNyWgaHb9cbcoQgdIVFlYg7B77UdFm', 'kbvWwpPfEh', '0', 'Yhh1wvFCKgHge5maM9ngaJEpdjTUJd1pW1GHQtue', 'false', '2021-06-22 09:57:33', '2021-06-22 09:57:33', NULL),
(477, 'judy swift', 'pkovacek@example.org', '$2y$10$TKh8H1.PfQx37YgCzwiKb.KjNyWgaHb9cbcoQgdIVFlYg7B77UdFm', 'JJY2TFTwtk', '0', 'N820TdPI5KDKx9REY3NvdmLxE1GkirwKUyWpQFaR', 'true', '2021-06-22 09:57:33', '2021-06-22 09:57:33', NULL),
(478, 'domenico runte', 'maci.wisozk@example.org', '$2y$10$TKh8H1.PfQx37YgCzwiKb.KjNyWgaHb9cbcoQgdIVFlYg7B77UdFm', '3iCUaYb8Br', '0', '8HSvq2SyDMat5p6KCsSAP9vbLPiuOhHL7UStv83w', 'false', '2021-06-22 09:57:33', '2021-06-22 09:57:33', NULL),
(479, 'jessika halvorson', 'eichmann.shyanne@example.org', '$2y$10$TKh8H1.PfQx37YgCzwiKb.KjNyWgaHb9cbcoQgdIVFlYg7B77UdFm', '0r6RJpdPHu', '0', 'TdpcHnZBhZZ1JgifiIKfshuUfhj6RYAtdJc5CCkW', 'true', '2021-06-22 09:57:33', '2021-06-22 09:57:33', NULL),
(480, 'annamae hegmann ii', 'megane.stark@example.com', '$2y$10$TKh8H1.PfQx37YgCzwiKb.KjNyWgaHb9cbcoQgdIVFlYg7B77UdFm', 'o504tcDAQq', '1', NULL, 'false', '2021-06-22 09:57:33', '2021-06-22 09:57:33', NULL),
(481, 'karelle howell', 'deckow.ezra@example.org', '$2y$10$TKh8H1.PfQx37YgCzwiKb.KjNyWgaHb9cbcoQgdIVFlYg7B77UdFm', 'LD8IQy5Dbl', '1', NULL, 'true', '2021-06-22 09:57:33', '2021-06-22 09:57:33', NULL),
(482, 'miss agustina grady v', 'emard.wava@example.org', '$2y$10$TKh8H1.PfQx37YgCzwiKb.KjNyWgaHb9cbcoQgdIVFlYg7B77UdFm', 'seby0xLBCa', '1', NULL, 'false', '2021-06-22 09:57:33', '2021-06-22 09:57:33', NULL),
(483, 'edwina hyatt', 'clarissa.lebsack@example.com', '$2y$10$TKh8H1.PfQx37YgCzwiKb.KjNyWgaHb9cbcoQgdIVFlYg7B77UdFm', 'asZA0tgyBy', '0', 'H3Q8ReF7pqzV3PajVgpQg5t3nkdRm2NeF7aaNglm', 'false', '2021-06-22 09:57:33', '2021-06-22 09:57:33', NULL),
(484, 'eda schulist', 'nlebsack@example.org', '$2y$10$TKh8H1.PfQx37YgCzwiKb.KjNyWgaHb9cbcoQgdIVFlYg7B77UdFm', 'wpvG3oBqE9', '1', NULL, 'true', '2021-06-22 09:57:33', '2021-06-22 09:57:33', NULL),
(485, 'lorenzo medhurst', 'hassie.blanda@example.org', '$2y$10$TKh8H1.PfQx37YgCzwiKb.KjNyWgaHb9cbcoQgdIVFlYg7B77UdFm', '4Uu9hfHFIx', '0', 'I7uaDF5wvcnmVFxpdPuuTCbhnJB1tfcPkN30fIYb', 'true', '2021-06-22 09:57:33', '2021-06-22 09:57:33', NULL),
(486, 'prof. adell ankunding', 'deangelo76@example.org', '$2y$10$TKh8H1.PfQx37YgCzwiKb.KjNyWgaHb9cbcoQgdIVFlYg7B77UdFm', '3p7DgJ51Yr', '1', NULL, 'true', '2021-06-22 09:57:33', '2021-06-22 09:57:33', NULL),
(487, 'dr. cletus donnelly', 'kuphal.dianna@example.net', '$2y$10$TKh8H1.PfQx37YgCzwiKb.KjNyWgaHb9cbcoQgdIVFlYg7B77UdFm', 'HR6L6sX87H', '0', 'hxl3MFr4JDpev5JuzaX93S3iTaY5QF11hYX8b3NB', 'true', '2021-06-22 09:57:33', '2021-06-22 09:57:33', NULL),
(488, 'antoinette hahn', 'gilberto.schumm@example.org', '$2y$10$TKh8H1.PfQx37YgCzwiKb.KjNyWgaHb9cbcoQgdIVFlYg7B77UdFm', 'GqUNPd68KI', '0', 'LtCxToS4s7szY0VTQsg597ffJBUGHP5KwkWRSXOE', 'false', '2021-06-22 09:57:33', '2021-06-22 09:57:33', NULL),
(489, 'ms. shaylee skiles', 'elisa.keeling@example.org', '$2y$10$TKh8H1.PfQx37YgCzwiKb.KjNyWgaHb9cbcoQgdIVFlYg7B77UdFm', 'r4yckjEY44', '1', NULL, 'true', '2021-06-22 09:57:33', '2021-06-22 09:57:33', NULL),
(490, 'miss shayna kertzmann dds', 'mable20@example.org', '$2y$10$TKh8H1.PfQx37YgCzwiKb.KjNyWgaHb9cbcoQgdIVFlYg7B77UdFm', '57eJeR9re6', '1', NULL, 'false', '2021-06-22 09:57:33', '2021-06-22 09:57:33', NULL),
(491, 'mr. eldred herman', 'braden.padberg@example.org', '$2y$10$TKh8H1.PfQx37YgCzwiKb.KjNyWgaHb9cbcoQgdIVFlYg7B77UdFm', 'y6x4JkkYW0', '0', 'srVciREXqMuBNYiPmFeicMrfsQN4eNoMoqrvU2EB', 'false', '2021-06-22 09:57:33', '2021-06-22 09:57:33', NULL),
(492, 'jayme flatley', 'zmohr@example.com', '$2y$10$TKh8H1.PfQx37YgCzwiKb.KjNyWgaHb9cbcoQgdIVFlYg7B77UdFm', 'WuPZCFXtNz', '0', 'Rmz6DTN2Wdlzg0NjeUblDV6iXnIhT3WnKIDs2nn8', 'true', '2021-06-22 09:57:33', '2021-06-22 09:57:33', NULL),
(493, 'mathilde jast', 'eldred26@example.com', '$2y$10$TKh8H1.PfQx37YgCzwiKb.KjNyWgaHb9cbcoQgdIVFlYg7B77UdFm', 'AcHoWLNKBS', '1', NULL, 'true', '2021-06-22 09:57:33', '2021-06-22 09:57:33', NULL),
(494, 'micheal marvin', 'xgislason@example.net', '$2y$10$TKh8H1.PfQx37YgCzwiKb.KjNyWgaHb9cbcoQgdIVFlYg7B77UdFm', 'zdFA8URguf', '0', 'Eu1CIniCJTiFTyIkxyaAYaT7gYXGV9eKYJNtcBKx', 'true', '2021-06-22 09:57:33', '2021-06-22 09:57:33', NULL),
(495, 'alberto williamson', 'haufderhar@example.org', '$2y$10$TKh8H1.PfQx37YgCzwiKb.KjNyWgaHb9cbcoQgdIVFlYg7B77UdFm', 'HhL3z8gEZT', '0', 'Kks7EGLScUA7FsORrQgCLLJk6fYyONeqTikmqpUk', 'false', '2021-06-22 09:57:33', '2021-06-22 09:57:33', NULL),
(496, 'karianne schumm', 'sidney38@example.org', '$2y$10$TKh8H1.PfQx37YgCzwiKb.KjNyWgaHb9cbcoQgdIVFlYg7B77UdFm', '7otspIM9rt', '1', NULL, 'true', '2021-06-22 09:57:33', '2021-06-22 09:57:33', NULL),
(497, 'giles strosin ii', 'hstark@example.org', '$2y$10$TKh8H1.PfQx37YgCzwiKb.KjNyWgaHb9cbcoQgdIVFlYg7B77UdFm', 'kJMt0JygOa', '1', NULL, 'false', '2021-06-22 09:57:33', '2021-06-22 09:57:33', NULL),
(498, 'dr. johnathan dickens', 'purdy.ralph@example.org', '$2y$10$TKh8H1.PfQx37YgCzwiKb.KjNyWgaHb9cbcoQgdIVFlYg7B77UdFm', 'BF3fiJzUpA', '1', NULL, 'false', '2021-06-22 09:57:33', '2021-06-22 09:57:33', NULL),
(499, 'cullen hudson', 'damon.reynolds@example.org', '$2y$10$TKh8H1.PfQx37YgCzwiKb.KjNyWgaHb9cbcoQgdIVFlYg7B77UdFm', '8t1oU6t8K9', '1', NULL, 'false', '2021-06-22 09:57:33', '2021-06-22 09:57:33', NULL),
(500, 'blaze schiller dvm', 'rolfson.sandrine@example.com', '$2y$10$TKh8H1.PfQx37YgCzwiKb.KjNyWgaHb9cbcoQgdIVFlYg7B77UdFm', 'GhhB5rw7s6', '1', NULL, 'true', '2021-06-22 09:57:33', '2021-06-22 09:57:33', NULL),
(501, 'wilma toy', 'chauncey.dare@example.org', '$2y$10$TKh8H1.PfQx37YgCzwiKb.KjNyWgaHb9cbcoQgdIVFlYg7B77UdFm', 'Uck3szqXa5', '0', 'HZ8Laf0Bcr1GkOY4lQh5UbDafiYJkmnRt4S4QYqv', 'true', '2021-06-22 09:57:33', '2021-06-22 09:57:33', NULL),
(502, 'manuela nikolaus', 'gorczany.keely@example.org', '$2y$10$TKh8H1.PfQx37YgCzwiKb.KjNyWgaHb9cbcoQgdIVFlYg7B77UdFm', 'WMSbm9N1Db', '1', NULL, 'false', '2021-06-22 09:57:33', '2021-06-22 09:57:33', NULL),
(503, 'aimee bergstrom dds', 'uheller@example.com', '$2y$10$TKh8H1.PfQx37YgCzwiKb.KjNyWgaHb9cbcoQgdIVFlYg7B77UdFm', 'TlFvSKWzMA', '1', NULL, 'false', '2021-06-22 09:57:33', '2021-06-22 09:57:33', NULL),
(504, 'nikki kuhlman', 'dblock@example.org', '$2y$10$TKh8H1.PfQx37YgCzwiKb.KjNyWgaHb9cbcoQgdIVFlYg7B77UdFm', '4tMhmnfPBC', '0', '0GDdgo3XIGZxM9AW9P4rHt8rXScsqUWUuaIfOFtu', 'true', '2021-06-22 09:57:33', '2021-06-22 09:57:33', NULL),
(505, 'ashleigh mohr', 'claudine90@example.org', '$2y$10$TKh8H1.PfQx37YgCzwiKb.KjNyWgaHb9cbcoQgdIVFlYg7B77UdFm', 'W0SHSCsTC2', '1', NULL, 'true', '2021-06-22 09:57:33', '2021-06-22 09:57:33', NULL),
(506, 'mr. casey herman phd', 'pmccullough@example.org', '$2y$10$TKh8H1.PfQx37YgCzwiKb.KjNyWgaHb9cbcoQgdIVFlYg7B77UdFm', 'GX9xnWA3CK', '0', 'mSTgytT3SMot8AJ6lxN9nhFJxCRz2IbLSVk1vajt', 'false', '2021-06-22 09:57:33', '2021-06-22 09:57:33', NULL),
(507, 'prof. gabriella veum', 'wilkinson.emerald@example.org', '$2y$10$TKh8H1.PfQx37YgCzwiKb.KjNyWgaHb9cbcoQgdIVFlYg7B77UdFm', 'nicx7LPGmH', '1', NULL, 'true', '2021-06-22 09:57:33', '2021-06-22 09:57:33', NULL),
(508, 'prof. beverly parker i', 'raven.weber@example.net', '$2y$10$TKh8H1.PfQx37YgCzwiKb.KjNyWgaHb9cbcoQgdIVFlYg7B77UdFm', 'Yzmfns1vdc', '0', 'iGgzNrjnYj9r0PDNUEVK0jCnDoCexuDjkBTtp9fK', 'true', '2021-06-22 09:57:33', '2021-06-22 09:57:33', NULL),
(509, 'juanita rogahn', 'laney28@example.org', '$2y$10$TKh8H1.PfQx37YgCzwiKb.KjNyWgaHb9cbcoQgdIVFlYg7B77UdFm', 'fty2z91Erm', '1', NULL, 'false', '2021-06-22 09:57:33', '2021-06-22 09:57:33', NULL),
(510, 'dolores kertzmann iii', 'kohler.angeline@example.com', '$2y$10$TKh8H1.PfQx37YgCzwiKb.KjNyWgaHb9cbcoQgdIVFlYg7B77UdFm', 'zDVloqOyn4', '0', 'pRHao7Qyxpa0KGpyTNVxiCZJBXwtJSelwnfyD9UD', 'false', '2021-06-22 09:57:33', '2021-06-22 09:57:33', NULL),
(511, 'jada orn', 'sbahringer@example.org', '$2y$10$TKh8H1.PfQx37YgCzwiKb.KjNyWgaHb9cbcoQgdIVFlYg7B77UdFm', 'nxAUqT6z8v', '1', NULL, 'false', '2021-06-22 09:57:33', '2021-06-22 09:57:33', NULL),
(512, 'oma mcdermott', 'nchamplin@example.net', '$2y$10$TKh8H1.PfQx37YgCzwiKb.KjNyWgaHb9cbcoQgdIVFlYg7B77UdFm', '7rkKYGvG5B', '1', NULL, 'false', '2021-06-22 09:57:33', '2021-06-22 09:57:33', NULL),
(513, 'hermina harber', 'fay.junius@example.com', '$2y$10$TKh8H1.PfQx37YgCzwiKb.KjNyWgaHb9cbcoQgdIVFlYg7B77UdFm', '9jJlegLKDd', '1', NULL, 'true', '2021-06-22 09:57:33', '2021-06-22 09:57:33', NULL),
(514, 'leon gerhold md', 'daugherty.kamren@example.org', '$2y$10$TKh8H1.PfQx37YgCzwiKb.KjNyWgaHb9cbcoQgdIVFlYg7B77UdFm', 'APpKUpnAJu', '0', 'oIVkmhdBzzjRdC1hWor1LeZQhRKCupjRJqlx93V9', 'false', '2021-06-22 09:57:33', '2021-06-22 09:57:33', NULL),
(515, 'corene sawayn', 'meghan24@example.org', '$2y$10$TKh8H1.PfQx37YgCzwiKb.KjNyWgaHb9cbcoQgdIVFlYg7B77UdFm', '2PkM3IVZJI', '1', NULL, 'true', '2021-06-22 09:57:33', '2021-06-22 09:57:33', NULL),
(516, 'mrs. jacky parisian v', 'delia23@example.com', '$2y$10$TKh8H1.PfQx37YgCzwiKb.KjNyWgaHb9cbcoQgdIVFlYg7B77UdFm', 'VotQOgveBB', '1', NULL, 'true', '2021-06-22 09:57:33', '2021-06-22 09:57:33', NULL),
(517, 'mrs. maybell beer iv', 'lafayette55@example.com', '$2y$10$TKh8H1.PfQx37YgCzwiKb.KjNyWgaHb9cbcoQgdIVFlYg7B77UdFm', 'VSslgU1UY0', '0', '3xBhnYlD8uMJKKMqCG7XPOxdfmmFOMG4qTO1APOQ', 'true', '2021-06-22 09:57:33', '2021-06-22 09:57:33', NULL),
(518, 'hollie bechtelar', 'lea.baumbach@example.com', '$2y$10$TKh8H1.PfQx37YgCzwiKb.KjNyWgaHb9cbcoQgdIVFlYg7B77UdFm', '0fM6NWXFrM', '1', NULL, 'false', '2021-06-22 09:57:33', '2021-06-22 09:57:33', NULL),
(519, 'kendra robel', 'yasmin.gerhold@example.com', '$2y$10$TKh8H1.PfQx37YgCzwiKb.KjNyWgaHb9cbcoQgdIVFlYg7B77UdFm', 'UErsQ267UG', '1', NULL, 'false', '2021-06-22 09:57:33', '2021-06-22 09:57:33', NULL),
(520, 'darlene reichel', 'ian.bailey@example.net', '$2y$10$TKh8H1.PfQx37YgCzwiKb.KjNyWgaHb9cbcoQgdIVFlYg7B77UdFm', 'pR9iJZLhmi', '0', 'X6XkLKKfkKQXXXuBN7jBhd7K77VDV5AMnQioEe2h', 'false', '2021-06-22 09:57:33', '2021-06-22 09:57:33', NULL),
(521, 'ayden smitham', 'owilkinson@example.org', '$2y$10$TKh8H1.PfQx37YgCzwiKb.KjNyWgaHb9cbcoQgdIVFlYg7B77UdFm', 'bhbDLyzvyV', '1', NULL, 'false', '2021-06-22 09:57:33', '2021-06-22 09:57:33', NULL),
(522, 'ayana wehner', 'lura.purdy@example.org', '$2y$10$TKh8H1.PfQx37YgCzwiKb.KjNyWgaHb9cbcoQgdIVFlYg7B77UdFm', '6Oun4hoAIL', '1', NULL, 'true', '2021-06-22 09:57:33', '2021-06-22 09:57:33', NULL),
(523, 'william green', 'kdonnelly@example.org', '$2y$10$TKh8H1.PfQx37YgCzwiKb.KjNyWgaHb9cbcoQgdIVFlYg7B77UdFm', 'c4HIAaJhnx', '1', NULL, 'false', '2021-06-22 09:57:33', '2021-06-22 09:57:33', NULL),
(524, 'leola dubuque iv', 'alfred18@example.net', '$2y$10$TKh8H1.PfQx37YgCzwiKb.KjNyWgaHb9cbcoQgdIVFlYg7B77UdFm', '2AhF5wj415', '1', NULL, 'true', '2021-06-22 09:57:33', '2021-06-22 09:57:33', NULL),
(525, 'suzanne buckridge', 'pmorar@example.org', '$2y$10$TKh8H1.PfQx37YgCzwiKb.KjNyWgaHb9cbcoQgdIVFlYg7B77UdFm', 'C9hndonpFq', '1', NULL, 'false', '2021-06-22 09:57:33', '2021-06-22 09:57:33', NULL),
(526, 'jermaine upton', 'dustin37@example.net', '$2y$10$TKh8H1.PfQx37YgCzwiKb.KjNyWgaHb9cbcoQgdIVFlYg7B77UdFm', 'RH8pi0kCyX', '1', NULL, 'false', '2021-06-22 09:57:33', '2021-06-22 09:57:33', NULL),
(527, 'jimmy oberbrunner', 'sjast@example.org', '$2y$10$TKh8H1.PfQx37YgCzwiKb.KjNyWgaHb9cbcoQgdIVFlYg7B77UdFm', 'Ip0PNzi4Il', '1', NULL, 'false', '2021-06-22 09:57:33', '2021-06-22 09:57:33', NULL),
(528, 'elmira ledner', 'sgulgowski@example.net', '$2y$10$TKh8H1.PfQx37YgCzwiKb.KjNyWgaHb9cbcoQgdIVFlYg7B77UdFm', 'd4VrTsnFYK', '0', 'LtBiEjdG2YBScpHvcUs6qRDTUFhbeV127JeooQLD', 'false', '2021-06-22 09:57:33', '2021-06-22 09:57:33', NULL),
(529, 'mrs. jennifer langworth', 'wcrooks@example.net', '$2y$10$TKh8H1.PfQx37YgCzwiKb.KjNyWgaHb9cbcoQgdIVFlYg7B77UdFm', 'B9Onfxwo6s', '0', 'vuqnF5DJoqC8zNdNHTUohT4lXdsEQYepWxYYJ9oO', 'true', '2021-06-22 09:57:33', '2021-06-22 09:57:33', NULL),
(530, 'amina klein', 'karelle66@example.org', '$2y$10$TKh8H1.PfQx37YgCzwiKb.KjNyWgaHb9cbcoQgdIVFlYg7B77UdFm', 'TUjKf0I5PY', '0', 'u7aTA4v8JTYtqoTFRt9T5nBJxOWiGmLnvKQwloXd', 'true', '2021-06-22 09:57:33', '2021-06-22 09:57:33', NULL),
(531, 'adell hartmann', 'llewellyn.zieme@example.com', '$2y$10$TKh8H1.PfQx37YgCzwiKb.KjNyWgaHb9cbcoQgdIVFlYg7B77UdFm', 'FMcJgGlWAB', '1', NULL, 'true', '2021-06-22 09:57:33', '2021-06-22 09:57:33', NULL),
(532, 'brandi gleichner', 'rafael86@example.net', '$2y$10$TKh8H1.PfQx37YgCzwiKb.KjNyWgaHb9cbcoQgdIVFlYg7B77UdFm', 'ZakhrGjYeA', '0', '80tiUaRbeHjo5GbqQ5j6Vp8sZFR3PzdG9EVxs8Sx', 'false', '2021-06-22 09:57:33', '2021-06-22 09:57:33', NULL),
(533, 'dr. leonie vonrueden sr.', 'kaden.considine@example.com', '$2y$10$TKh8H1.PfQx37YgCzwiKb.KjNyWgaHb9cbcoQgdIVFlYg7B77UdFm', 'TgQVF83XFn', '0', 'JyLfjIODE197QoF8PX1kJUSevTxQ0VzhZzvRlaae', 'true', '2021-06-22 09:57:33', '2021-06-22 09:57:33', NULL),
(534, 'velda towne', 'barbara.willms@example.net', '$2y$10$TKh8H1.PfQx37YgCzwiKb.KjNyWgaHb9cbcoQgdIVFlYg7B77UdFm', 'fpoMRyRug6', '0', '9dOaLQolnHUnbdW9Uho6qTmP6HVZC2WVa6vXZTqo', 'false', '2021-06-22 09:57:33', '2021-06-22 09:57:33', NULL),
(535, 'dr. marques corwin dds', 'quincy93@example.net', '$2y$10$TKh8H1.PfQx37YgCzwiKb.KjNyWgaHb9cbcoQgdIVFlYg7B77UdFm', 'x6Eb2PRa3H', '1', NULL, 'true', '2021-06-22 09:57:33', '2021-06-22 09:57:33', NULL),
(536, 'mr. branson wilderman', 'xpacocha@example.net', '$2y$10$TKh8H1.PfQx37YgCzwiKb.KjNyWgaHb9cbcoQgdIVFlYg7B77UdFm', '1VhyTCqXv4', '1', NULL, 'false', '2021-06-22 09:57:33', '2021-06-22 09:57:33', NULL),
(537, 'ms. amira schmeler', 'burley.roberts@example.org', '$2y$10$TKh8H1.PfQx37YgCzwiKb.KjNyWgaHb9cbcoQgdIVFlYg7B77UdFm', 'ytHRhB2RkG', '0', 'ptYtYVsPflUDpiTyLWLEAaL3iD7GauimaCXbPhOT', 'false', '2021-06-22 09:57:33', '2021-06-22 09:57:33', NULL),
(538, 'dr. jakob grimes', 'philip81@example.com', '$2y$10$TKh8H1.PfQx37YgCzwiKb.KjNyWgaHb9cbcoQgdIVFlYg7B77UdFm', '90idfsfFu5', '1', NULL, 'true', '2021-06-22 09:57:33', '2021-06-22 09:57:33', NULL),
(539, 'imelda ledner', 'hudson85@example.com', '$2y$10$TKh8H1.PfQx37YgCzwiKb.KjNyWgaHb9cbcoQgdIVFlYg7B77UdFm', '7pmvU1tykB', '1', NULL, 'true', '2021-06-22 09:57:33', '2021-06-22 09:57:33', NULL),
(540, 'antwan prosacco', 'gerald82@example.org', '$2y$10$TKh8H1.PfQx37YgCzwiKb.KjNyWgaHb9cbcoQgdIVFlYg7B77UdFm', 'qB3wxjzoau', '0', 'v4qqZ592K0ABt5mRx7UqZtlOQJCkiL8fC5CJ5msV', 'false', '2021-06-22 09:57:33', '2021-06-22 09:57:33', NULL),
(541, 'guiseppe stehr', 'vgrady@example.net', '$2y$10$TKh8H1.PfQx37YgCzwiKb.KjNyWgaHb9cbcoQgdIVFlYg7B77UdFm', 'KIEMDKvJBz', '1', NULL, 'false', '2021-06-22 09:57:33', '2021-06-22 09:57:33', NULL),
(542, 'arlo emmerich', 'collier.kira@example.com', '$2y$10$TKh8H1.PfQx37YgCzwiKb.KjNyWgaHb9cbcoQgdIVFlYg7B77UdFm', 'NIckyuCnb6', '0', '0N8j2OUQUtn3jH7jV9NqTFLVov29RD2Lhm9NvcrV', 'true', '2021-06-22 09:57:33', '2021-06-22 09:57:33', NULL),
(543, 'mrs. pascale thompson iii', 'king.lempi@example.com', '$2y$10$TKh8H1.PfQx37YgCzwiKb.KjNyWgaHb9cbcoQgdIVFlYg7B77UdFm', 'NtlzPdr5k6', '1', NULL, 'true', '2021-06-22 09:57:33', '2021-06-22 09:57:33', NULL),
(544, 'mr. leopoldo bailey v', 'keyshawn.bailey@example.com', '$2y$10$TKh8H1.PfQx37YgCzwiKb.KjNyWgaHb9cbcoQgdIVFlYg7B77UdFm', '63hFV81m08', '0', 'Au5FsovaBLC1uJw8fifZfK3TNRL5U36sGNgAtD8X', 'true', '2021-06-22 09:57:34', '2021-06-22 09:57:34', NULL),
(545, 'ike little', 'hazel34@example.org', '$2y$10$TKh8H1.PfQx37YgCzwiKb.KjNyWgaHb9cbcoQgdIVFlYg7B77UdFm', 'Cygh20YvDB', '1', NULL, 'true', '2021-06-22 09:57:34', '2021-06-22 09:57:34', NULL),
(546, 'prof. colby dickens sr.', 'ryder.spencer@example.com', '$2y$10$TKh8H1.PfQx37YgCzwiKb.KjNyWgaHb9cbcoQgdIVFlYg7B77UdFm', 'UITvOPokFX', '0', 'o3GeesBituTnkrmSBOt4hevhZU12PhsK6bx8zcYe', 'false', '2021-06-22 09:57:34', '2021-06-22 09:57:34', NULL),
(547, 'missouri kerluke sr.', 'devyn78@example.com', '$2y$10$TKh8H1.PfQx37YgCzwiKb.KjNyWgaHb9cbcoQgdIVFlYg7B77UdFm', 'sk9JCvOffd', '1', NULL, 'true', '2021-06-22 09:57:34', '2021-06-22 09:57:34', NULL),
(548, 'dr. jarrell nikolaus', 'lowe.javonte@example.org', '$2y$10$TKh8H1.PfQx37YgCzwiKb.KjNyWgaHb9cbcoQgdIVFlYg7B77UdFm', 'xxVswxiQhG', '0', 'yjSbgjyAJdwBS2LIyqUDRVlpIYThTDKCnD7GYVeA', 'true', '2021-06-22 09:57:34', '2021-06-22 09:57:34', NULL),
(549, 'freda champlin', 'bernadine96@example.org', '$2y$10$TKh8H1.PfQx37YgCzwiKb.KjNyWgaHb9cbcoQgdIVFlYg7B77UdFm', 'A2YMTZ7b9z', '0', 'aTr9oEUo8UoR7ZQjSOQW61dSttW4TJWK5pGsJoyJ', 'false', '2021-06-22 09:57:34', '2021-06-22 09:57:34', NULL),
(550, 'hayden botsford', 'enrico.lang@example.net', '$2y$10$TKh8H1.PfQx37YgCzwiKb.KjNyWgaHb9cbcoQgdIVFlYg7B77UdFm', 'M0dwFIGb4w', '1', NULL, 'false', '2021-06-22 09:57:34', '2021-06-22 09:57:34', NULL),
(551, 'maryam padberg', 'kohler.emie@example.net', '$2y$10$TKh8H1.PfQx37YgCzwiKb.KjNyWgaHb9cbcoQgdIVFlYg7B77UdFm', 'dxksg2YLGi', '1', NULL, 'false', '2021-06-22 09:57:34', '2021-06-22 09:57:34', NULL),
(552, 'micaela bailey', 'windler.fletcher@example.org', '$2y$10$TKh8H1.PfQx37YgCzwiKb.KjNyWgaHb9cbcoQgdIVFlYg7B77UdFm', '7zIHLPShAh', '0', 'QHuP0efnUS3UscNvTUMXXXFWOokiGrMJT6emuvjS', 'false', '2021-06-22 09:57:34', '2021-06-22 09:57:34', NULL),
(553, 'marcellus reynolds ii', 'kuvalis.giovani@example.net', '$2y$10$TKh8H1.PfQx37YgCzwiKb.KjNyWgaHb9cbcoQgdIVFlYg7B77UdFm', '09ofJI501t', '1', NULL, 'false', '2021-06-22 09:57:34', '2021-06-22 09:57:34', NULL),
(554, 'nikko kihn', 'reba57@example.org', '$2y$10$TKh8H1.PfQx37YgCzwiKb.KjNyWgaHb9cbcoQgdIVFlYg7B77UdFm', 'FjDXAfvasw', '1', NULL, 'false', '2021-06-22 09:57:34', '2021-06-22 09:57:34', NULL),
(555, 'lesley reinger', 'wolff.candelario@example.net', '$2y$10$TKh8H1.PfQx37YgCzwiKb.KjNyWgaHb9cbcoQgdIVFlYg7B77UdFm', 'nK4SNeZHt0', '1', NULL, 'true', '2021-06-22 09:57:34', '2021-06-22 09:57:34', NULL),
(556, 'mrs. mattie schinner iv', 'hbergnaum@example.net', '$2y$10$TKh8H1.PfQx37YgCzwiKb.KjNyWgaHb9cbcoQgdIVFlYg7B77UdFm', 'i4QwSWvnrD', '0', 'z95AY7SjH7CElBGAAb6YjNIrGpmyn8ZseZIHQBqH', 'false', '2021-06-22 09:57:34', '2021-06-22 09:57:34', NULL),
(557, 'trever wiegand', 'lgutkowski@example.org', '$2y$10$TKh8H1.PfQx37YgCzwiKb.KjNyWgaHb9cbcoQgdIVFlYg7B77UdFm', 'BWfDHpzYgt', '1', NULL, 'false', '2021-06-22 09:57:34', '2021-06-22 09:57:34', NULL),
(558, 'may bednar', 'bradly11@example.com', '$2y$10$TKh8H1.PfQx37YgCzwiKb.KjNyWgaHb9cbcoQgdIVFlYg7B77UdFm', 'o5526m2Gmx', '0', 'nN1opKlX4Iqe5Ok89P2AlnnKF33uHMT3TJyMnVGP', 'false', '2021-06-22 09:57:34', '2021-06-22 09:57:34', NULL),
(559, 'margie langworth', 'tessie.murazik@example.com', '$2y$10$TKh8H1.PfQx37YgCzwiKb.KjNyWgaHb9cbcoQgdIVFlYg7B77UdFm', 'c5Goa4fYM5', '0', 'ieKExSa2qjBF9Hi59yZatb9qGGVb8eqoRpibs6Wn', 'false', '2021-06-22 09:57:34', '2021-06-22 09:57:34', NULL),
(560, 'cooper lakin', 'maurice.murazik@example.org', '$2y$10$TKh8H1.PfQx37YgCzwiKb.KjNyWgaHb9cbcoQgdIVFlYg7B77UdFm', 'HBHHJ6KhQg', '1', NULL, 'true', '2021-06-22 09:57:34', '2021-06-22 09:57:34', NULL),
(561, 'ara mosciski', 'hans.schamberger@example.net', '$2y$10$TKh8H1.PfQx37YgCzwiKb.KjNyWgaHb9cbcoQgdIVFlYg7B77UdFm', 'sktA9NZCz2', '0', 'as6XxuE72mwS6cXUv20dOJqPjyApeaAbc59dRxkK', 'true', '2021-06-22 09:57:34', '2021-06-22 09:57:34', NULL),
(562, 'prof. armand kovacek i', 'urogahn@example.com', '$2y$10$TKh8H1.PfQx37YgCzwiKb.KjNyWgaHb9cbcoQgdIVFlYg7B77UdFm', 'oal4fW8Qfa', '0', '3gLFnhTyXSuBfG3aCEnrQfwT6x2eI83Jxe6txxJ1', 'false', '2021-06-22 09:57:34', '2021-06-22 09:57:34', NULL),
(563, 'cara schumm', 'rubye22@example.com', '$2y$10$TKh8H1.PfQx37YgCzwiKb.KjNyWgaHb9cbcoQgdIVFlYg7B77UdFm', 'u0Rvi4gCzY', '1', NULL, 'false', '2021-06-22 09:57:34', '2021-06-22 09:57:34', NULL),
(564, 'prof. hortense weimann phd', 'xokeefe@example.com', '$2y$10$TKh8H1.PfQx37YgCzwiKb.KjNyWgaHb9cbcoQgdIVFlYg7B77UdFm', 'x50Y1AzTFS', '0', 'JG1hbnsF0bxibyTvENDFNOqKHEzOBHC9bfqufk82', 'false', '2021-06-22 09:57:34', '2021-06-22 09:57:34', NULL),
(565, 'dr. doug ward iii', 'kallie20@example.net', '$2y$10$TKh8H1.PfQx37YgCzwiKb.KjNyWgaHb9cbcoQgdIVFlYg7B77UdFm', '6w7TFTATkU', '1', NULL, 'false', '2021-06-22 09:57:34', '2021-06-22 09:57:34', NULL),
(566, 'elaina runolfsson', 'elton89@example.org', '$2y$10$TKh8H1.PfQx37YgCzwiKb.KjNyWgaHb9cbcoQgdIVFlYg7B77UdFm', 'vYUY0XilZb', '1', NULL, 'false', '2021-06-22 09:57:34', '2021-06-22 09:57:34', NULL),
(567, 'hannah miller', 'raquel04@example.com', '$2y$10$TKh8H1.PfQx37YgCzwiKb.KjNyWgaHb9cbcoQgdIVFlYg7B77UdFm', 'MtNEsoYVT9', '1', NULL, 'false', '2021-06-22 09:57:34', '2021-06-22 09:57:34', NULL),
(568, 'floy hagenes', 'torphy.rachael@example.net', '$2y$10$TKh8H1.PfQx37YgCzwiKb.KjNyWgaHb9cbcoQgdIVFlYg7B77UdFm', 'M6kdu8Rapm', '0', 'ME1J3Q1sE0PS2ueWFTRtA4C58AZWYGb5dz1UJuPo', 'false', '2021-06-22 09:57:34', '2021-06-22 09:57:34', NULL),
(569, 'jody mante', 'esmeralda.jaskolski@example.net', '$2y$10$TKh8H1.PfQx37YgCzwiKb.KjNyWgaHb9cbcoQgdIVFlYg7B77UdFm', 'GaarEL4uRG', '0', 'E7ooK1x09WfN11NocwfA96SaJiJAEFwxcQvOS0mt', 'true', '2021-06-22 09:57:34', '2021-06-22 09:57:34', NULL),
(570, 'emmie walter', 'america17@example.net', '$2y$10$TKh8H1.PfQx37YgCzwiKb.KjNyWgaHb9cbcoQgdIVFlYg7B77UdFm', 'EAZmGkz8cP', '0', 'e4Uirj8cDzDTbijxQPtvlGs7boPxZDjN13H5lALK', 'true', '2021-06-22 09:57:34', '2021-06-22 09:57:34', NULL),
(571, 'kim mccullough ii', 'gkoepp@example.org', '$2y$10$TKh8H1.PfQx37YgCzwiKb.KjNyWgaHb9cbcoQgdIVFlYg7B77UdFm', 'aikAvX1sPV', '0', 'CrxLhPnmLeCbJ8Uu2UGepKLVhg1k6q8xL2CC6WU4', 'true', '2021-06-22 09:57:34', '2021-06-22 09:57:34', NULL),
(572, 'alva turcotte', 'lkuvalis@example.com', '$2y$10$TKh8H1.PfQx37YgCzwiKb.KjNyWgaHb9cbcoQgdIVFlYg7B77UdFm', '4FRjt0s2rM', '0', 'ULVPlUI0JUUL11IQ2T835DmSTrJ7toOGjYkIichd', 'true', '2021-06-22 09:57:34', '2021-06-22 09:57:34', NULL),
(573, 'prof. shyann beatty', 'jensen.koch@example.org', '$2y$10$TKh8H1.PfQx37YgCzwiKb.KjNyWgaHb9cbcoQgdIVFlYg7B77UdFm', 'OgN5wRC24b', '0', 'tuSn3kLBBMVwC1ybjD3gqFW6lO2YfiDdvQysYtfQ', 'true', '2021-06-22 09:57:34', '2021-06-22 09:57:34', NULL),
(574, 'maud considine v', 'aubrey.reilly@example.com', '$2y$10$TKh8H1.PfQx37YgCzwiKb.KjNyWgaHb9cbcoQgdIVFlYg7B77UdFm', 'r82hMyyRkL', '1', NULL, 'false', '2021-06-22 09:57:34', '2021-06-22 09:57:34', NULL),
(575, 'maddison botsford sr.', 'nsporer@example.com', '$2y$10$TKh8H1.PfQx37YgCzwiKb.KjNyWgaHb9cbcoQgdIVFlYg7B77UdFm', 'Eu7q4Q2rsh', '0', '2sW8X33zeBXgSH79kdPwi1gVP9KtNncAkEYf7uHG', 'true', '2021-06-22 09:57:34', '2021-06-22 09:57:34', NULL),
(576, 'prof. edwina gleason jr.', 'alba55@example.org', '$2y$10$TKh8H1.PfQx37YgCzwiKb.KjNyWgaHb9cbcoQgdIVFlYg7B77UdFm', 'bAvZwYt3ai', '1', NULL, 'true', '2021-06-22 09:57:34', '2021-06-22 09:57:34', NULL),
(577, 'americo raynor i', 'zulauf.maddison@example.net', '$2y$10$TKh8H1.PfQx37YgCzwiKb.KjNyWgaHb9cbcoQgdIVFlYg7B77UdFm', 'lExNfsTSZM', '1', NULL, 'true', '2021-06-22 09:57:34', '2021-06-22 09:57:34', NULL),
(578, 'antonio wilkinson', 'melyna05@example.net', '$2y$10$TKh8H1.PfQx37YgCzwiKb.KjNyWgaHb9cbcoQgdIVFlYg7B77UdFm', 'a6GYqSx1qp', '0', 'LepdiGYjEKI6xHB63iBIDHFWQMc5YmrtqdBtGs8V', 'false', '2021-06-22 09:57:34', '2021-06-22 09:57:34', NULL),
(579, 'dashawn baumbach phd', 'tkeebler@example.com', '$2y$10$TKh8H1.PfQx37YgCzwiKb.KjNyWgaHb9cbcoQgdIVFlYg7B77UdFm', 'S6DwwTI2m9', '0', 'LddjjALz4Lf9TXi0n8YQ8CFbyw0ZnpVGDS1k6ohJ', 'false', '2021-06-22 09:57:34', '2021-06-22 09:57:34', NULL),
(580, 'verona mcdermott', 'lehner.orville@example.com', '$2y$10$TKh8H1.PfQx37YgCzwiKb.KjNyWgaHb9cbcoQgdIVFlYg7B77UdFm', 'xbWAXEGHxi', '1', NULL, 'true', '2021-06-22 09:57:34', '2021-06-22 09:57:34', NULL),
(581, 'daisha treutel', 'clark38@example.org', '$2y$10$TKh8H1.PfQx37YgCzwiKb.KjNyWgaHb9cbcoQgdIVFlYg7B77UdFm', 'BHJEyunMhx', '1', NULL, 'false', '2021-06-22 09:57:34', '2021-06-22 09:57:34', NULL),
(582, 'nicholas hilpert', 'ernser.janiya@example.net', '$2y$10$TKh8H1.PfQx37YgCzwiKb.KjNyWgaHb9cbcoQgdIVFlYg7B77UdFm', 'mxC27YxS8C', '1', NULL, 'true', '2021-06-22 09:57:34', '2021-06-22 09:57:34', NULL),
(583, 'erica jaskolski', 'bpowlowski@example.com', '$2y$10$TKh8H1.PfQx37YgCzwiKb.KjNyWgaHb9cbcoQgdIVFlYg7B77UdFm', 'HUFNW7ssLD', '1', NULL, 'false', '2021-06-22 09:57:34', '2021-06-22 09:57:34', NULL),
(584, 'dr. gladyce kub ii', 'marielle.johnson@example.net', '$2y$10$TKh8H1.PfQx37YgCzwiKb.KjNyWgaHb9cbcoQgdIVFlYg7B77UdFm', 'Xv6amBZoNd', '0', '5tD6a3HrRZTOlUV3vhBFy9pidHFlRAfF8iMDDOoK', 'true', '2021-06-22 09:57:34', '2021-06-22 09:57:34', NULL),
(585, 'aiden schneider', 'kub.astrid@example.com', '$2y$10$TKh8H1.PfQx37YgCzwiKb.KjNyWgaHb9cbcoQgdIVFlYg7B77UdFm', 'frv01IEomh', '1', NULL, 'true', '2021-06-22 09:57:34', '2021-06-22 09:57:34', NULL),
(586, 'marc walsh', 'ogrady@example.org', '$2y$10$TKh8H1.PfQx37YgCzwiKb.KjNyWgaHb9cbcoQgdIVFlYg7B77UdFm', 'Eou3q0q4Zh', '1', NULL, 'false', '2021-06-22 09:57:34', '2021-06-22 09:57:34', NULL),
(587, 'sienna lockman', 'rashad.aufderhar@example.net', '$2y$10$TKh8H1.PfQx37YgCzwiKb.KjNyWgaHb9cbcoQgdIVFlYg7B77UdFm', 'pJvSYPnWRn', '0', 'w70EWtWgk0y5cNSN9jGHwYJ1Vl5APYWNSWNWJcnz', 'true', '2021-06-22 09:57:34', '2021-06-22 09:57:34', NULL),
(588, 'jaylan bauch', 'buford.crist@example.net', '$2y$10$TKh8H1.PfQx37YgCzwiKb.KjNyWgaHb9cbcoQgdIVFlYg7B77UdFm', 'Y5IqSaS5LW', '0', '8HElDxFXue8aQHbkedm29mRqfwQGUvKlcJlz0l53', 'true', '2021-06-22 09:57:34', '2021-06-22 09:57:34', NULL),
(589, 'noah marks', 'nlang@example.com', '$2y$10$TKh8H1.PfQx37YgCzwiKb.KjNyWgaHb9cbcoQgdIVFlYg7B77UdFm', 'gr5cQQY9d8', '1', NULL, 'false', '2021-06-22 09:57:34', '2021-06-22 09:57:34', NULL),
(590, 'dr. delphine quigley', 'xfeeney@example.org', '$2y$10$TKh8H1.PfQx37YgCzwiKb.KjNyWgaHb9cbcoQgdIVFlYg7B77UdFm', '0n06EaJzzF', '1', NULL, 'true', '2021-06-22 09:57:34', '2021-06-22 09:57:34', NULL),
(591, 'eliza lesch', 'heller.elvis@example.org', '$2y$10$TKh8H1.PfQx37YgCzwiKb.KjNyWgaHb9cbcoQgdIVFlYg7B77UdFm', 'aaE32gOe4s', '0', 'PbZLzH6aqJ4AAR0XUEJFGQgZeBuXZXAw3p98BlTN', 'true', '2021-06-22 09:57:34', '2021-06-22 09:57:34', NULL),
(592, 'amanda hauck', 'cristopher.daugherty@example.com', '$2y$10$TKh8H1.PfQx37YgCzwiKb.KjNyWgaHb9cbcoQgdIVFlYg7B77UdFm', 'ytlqtlIfOm', '0', 'vMiSEbH6pwtIzco3nKMyHoCzjKkIrWlovqbH3guH', 'false', '2021-06-22 09:57:34', '2021-06-22 09:57:34', NULL),
(593, 'luigi mosciski dvm', 'watsica.ayden@example.org', '$2y$10$TKh8H1.PfQx37YgCzwiKb.KjNyWgaHb9cbcoQgdIVFlYg7B77UdFm', 'VDSua1BnIw', '1', NULL, 'false', '2021-06-22 09:57:34', '2021-06-22 09:57:34', NULL),
(594, 'jaren braun sr.', 'qaufderhar@example.net', '$2y$10$TKh8H1.PfQx37YgCzwiKb.KjNyWgaHb9cbcoQgdIVFlYg7B77UdFm', 'gSWQ2RTrLW', '1', NULL, 'false', '2021-06-22 09:57:34', '2021-06-22 09:57:34', NULL),
(595, 'elwyn moen', 'mayert.genevieve@example.com', '$2y$10$TKh8H1.PfQx37YgCzwiKb.KjNyWgaHb9cbcoQgdIVFlYg7B77UdFm', 'SSxaHPKX3V', '0', 'pWABagGBRe3zhiWSZ9BvUHVEUqo9oIqTgk4Eto62', 'false', '2021-06-22 09:57:34', '2021-06-22 09:57:34', NULL),
(596, 'andres schulist dvm', 'eleanora20@example.com', '$2y$10$TKh8H1.PfQx37YgCzwiKb.KjNyWgaHb9cbcoQgdIVFlYg7B77UdFm', 'oIZqHGgwWc', '0', 'YCgiIq0iVjt1EgxbSOvd46e0g3tdmdiY7Y8V1neW', 'true', '2021-06-22 09:57:34', '2021-06-22 09:57:34', NULL),
(597, 'dr. jailyn heaney phd', 'orrin.mraz@example.org', '$2y$10$TKh8H1.PfQx37YgCzwiKb.KjNyWgaHb9cbcoQgdIVFlYg7B77UdFm', 'JijfOkdDFg', '0', '4NJwfJYtlhNBSjJHhpXxlWBzF24EvW4KGPEyyNbU', 'true', '2021-06-22 09:57:34', '2021-06-22 09:57:34', NULL),
(598, 'keanu hansen', 'jayda42@example.net', '$2y$10$TKh8H1.PfQx37YgCzwiKb.KjNyWgaHb9cbcoQgdIVFlYg7B77UdFm', 'LxyhaKaBeg', '1', NULL, 'true', '2021-06-22 09:57:34', '2021-06-22 09:57:34', NULL),
(599, 'prof. leilani bartell', 'corkery.merl@example.com', '$2y$10$TKh8H1.PfQx37YgCzwiKb.KjNyWgaHb9cbcoQgdIVFlYg7B77UdFm', 'RJmEzQd7KH', '0', 'O2rWhJmmmoi4iU4Vv7AiX8sXopsnInTPksCZibrw', 'false', '2021-06-22 09:57:34', '2021-06-22 09:57:34', NULL),
(600, 'preston o\'connell', 'cecilia.jacobs@example.net', '$2y$10$TKh8H1.PfQx37YgCzwiKb.KjNyWgaHb9cbcoQgdIVFlYg7B77UdFm', 'N2AqSfLaAq', '0', 'QIx7BNmUh1PRaB9DrDSOWHY8WHxTilVWygpxOqpe', 'false', '2021-06-22 09:57:34', '2021-06-22 09:57:34', NULL),
(601, 'ruben deckow', 'jordane.purdy@example.com', '$2y$10$TKh8H1.PfQx37YgCzwiKb.KjNyWgaHb9cbcoQgdIVFlYg7B77UdFm', 'r3vWcc22Yj', '1', NULL, 'false', '2021-06-22 09:57:34', '2021-06-22 09:57:34', NULL),
(602, 'raphael blick', 'yhettinger@example.com', '$2y$10$TKh8H1.PfQx37YgCzwiKb.KjNyWgaHb9cbcoQgdIVFlYg7B77UdFm', 'hY2Jit9beL', '0', 'C7NxyEDBNecF6HhCw8eXZU7CBV1dDGz1XfcWbTgt', 'false', '2021-06-22 09:57:34', '2021-06-22 09:57:34', NULL),
(603, 'jordy jast dds', 'tito15@example.com', '$2y$10$TKh8H1.PfQx37YgCzwiKb.KjNyWgaHb9cbcoQgdIVFlYg7B77UdFm', 'WsbHv151yN', '0', 'Iwn2GukKBZjA9Dopqz9vitsTQQnqJqF83G8f0sSs', 'false', '2021-06-22 09:57:34', '2021-06-22 09:57:34', NULL),
(604, 'dr. patricia wiza iii', 'qmueller@example.com', '$2y$10$TKh8H1.PfQx37YgCzwiKb.KjNyWgaHb9cbcoQgdIVFlYg7B77UdFm', '6h8Soa8v1T', '0', 'PQLfwgbxLtI83PcBgWRE35H4imzXoj1bpwn7iqxe', 'true', '2021-06-22 09:57:34', '2021-06-22 09:57:34', NULL),
(605, 'diana monahan', 'pleannon@example.org', '$2y$10$TKh8H1.PfQx37YgCzwiKb.KjNyWgaHb9cbcoQgdIVFlYg7B77UdFm', 'uurpeQScMW', '0', '5dmmtByatrFsWoe62jPSSciwDC3QlZw3hnR9Ea8J', 'false', '2021-06-22 09:57:34', '2021-06-22 09:57:34', NULL),
(606, 'henriette cronin', 'bernie.kirlin@example.com', '$2y$10$TKh8H1.PfQx37YgCzwiKb.KjNyWgaHb9cbcoQgdIVFlYg7B77UdFm', 'YmTxee1HoK', '0', 'PGb2opapcd9sJc4G2tHoXZ7qPWLmxZhc5AcwQ94C', 'false', '2021-06-22 09:57:34', '2021-06-22 09:57:34', NULL),
(607, 'prof. jace ruecker', 'joseph75@example.net', '$2y$10$TKh8H1.PfQx37YgCzwiKb.KjNyWgaHb9cbcoQgdIVFlYg7B77UdFm', 'gjSC1CCbhz', '0', 'f6mCIfD7UFcaU2dHBTLm3Vd1KKSqe4gqEW9kYHsp', 'false', '2021-06-22 09:57:34', '2021-06-22 09:57:34', NULL),
(608, 'mr. halle hagenes phd', 'larry80@example.com', '$2y$10$TKh8H1.PfQx37YgCzwiKb.KjNyWgaHb9cbcoQgdIVFlYg7B77UdFm', 'OZYUYWkyMn', '1', NULL, 'false', '2021-06-22 09:57:34', '2021-06-22 09:57:34', NULL),
(609, 'prof. gisselle gorczany ii', 'lyric.miller@example.com', '$2y$10$TKh8H1.PfQx37YgCzwiKb.KjNyWgaHb9cbcoQgdIVFlYg7B77UdFm', 'FQ2sYACzeS', '0', 'Z5WSNKkhaJLIuPu5NOx1BTfub80PHJSdgBfXDEhT', 'false', '2021-06-22 09:57:34', '2021-06-22 09:57:34', NULL),
(610, 'soledad maggio', 'ibosco@example.com', '$2y$10$TKh8H1.PfQx37YgCzwiKb.KjNyWgaHb9cbcoQgdIVFlYg7B77UdFm', 'WB8wMM6dhR', '0', 'CFSrKnU9jtjqAbps79OSAYZmh5Uidb4LHk2vRRNz', 'true', '2021-06-22 09:57:34', '2021-06-22 09:57:34', NULL),
(611, 'yasmeen morissette', 'elouise63@example.net', '$2y$10$TKh8H1.PfQx37YgCzwiKb.KjNyWgaHb9cbcoQgdIVFlYg7B77UdFm', 'mU3DrTLvQw', '1', NULL, 'true', '2021-06-22 09:57:34', '2021-06-22 09:57:34', NULL),
(612, 'favian anderson', 'teagan.trantow@example.net', '$2y$10$TKh8H1.PfQx37YgCzwiKb.KjNyWgaHb9cbcoQgdIVFlYg7B77UdFm', 'jbqoqN4tDD', '0', '17dVThTSAEpeVLVuSv2qXhh90m1csrcryl328alJ', 'false', '2021-06-22 09:57:34', '2021-06-22 09:57:34', NULL),
(613, 'bessie simonis', 'ecollier@example.com', '$2y$10$TKh8H1.PfQx37YgCzwiKb.KjNyWgaHb9cbcoQgdIVFlYg7B77UdFm', 'lSaProI05i', '0', 'h5Z727KRG8jyMXWD4cBOIRovyUCoQhdSKtegzid5', 'true', '2021-06-22 09:57:34', '2021-06-22 09:57:34', NULL),
(614, 'miss sophia kassulke', 'jokon@example.org', '$2y$10$TKh8H1.PfQx37YgCzwiKb.KjNyWgaHb9cbcoQgdIVFlYg7B77UdFm', 'pQHNx5ZJ3l', '1', NULL, 'false', '2021-06-22 09:57:34', '2021-06-22 09:57:34', NULL),
(615, 'carmine bernier', 'heller.etha@example.net', '$2y$10$TKh8H1.PfQx37YgCzwiKb.KjNyWgaHb9cbcoQgdIVFlYg7B77UdFm', 'fEw8Vaky31', '1', NULL, 'true', '2021-06-22 09:57:34', '2021-06-22 09:57:34', NULL),
(616, 'sandra williamson', 'feest.molly@example.net', '$2y$10$TKh8H1.PfQx37YgCzwiKb.KjNyWgaHb9cbcoQgdIVFlYg7B77UdFm', 'NgQSbmAYm9', '0', 'ome6Nowc9A06NikeYSvBaUIuRQGhMy9ya7cHRiSK', 'true', '2021-06-22 09:57:34', '2021-06-22 09:57:34', NULL),
(617, 'prof. andy hudson', 'stokes.carmelo@example.org', '$2y$10$TKh8H1.PfQx37YgCzwiKb.KjNyWgaHb9cbcoQgdIVFlYg7B77UdFm', 'kYmaY96WgV', '0', 'FuE0MY3OIn2HUooiQIdBPEwSKS5MOGlQPJAgvHq6', 'false', '2021-06-22 09:57:34', '2021-06-22 09:57:34', NULL),
(618, 'morgan marks', 'kenton52@example.net', '$2y$10$TKh8H1.PfQx37YgCzwiKb.KjNyWgaHb9cbcoQgdIVFlYg7B77UdFm', 'pIKn94VLlF', '1', NULL, 'false', '2021-06-22 09:57:34', '2021-06-22 09:57:34', NULL),
(619, 'kaleb pfannerstill', 'ikautzer@example.com', '$2y$10$TKh8H1.PfQx37YgCzwiKb.KjNyWgaHb9cbcoQgdIVFlYg7B77UdFm', 'H9mSdCVRrH', '0', '6ysWanEET6sGTsbyrONZpFEdJSPUFLR6LcdkNkcy', 'true', '2021-06-22 09:57:34', '2021-06-22 09:57:34', NULL),
(620, 'etha zemlak', 'delia00@example.com', '$2y$10$TKh8H1.PfQx37YgCzwiKb.KjNyWgaHb9cbcoQgdIVFlYg7B77UdFm', 'WCwc7Lz7u9', '0', 'yFz4g3oQ4aMJuRJq3fAQ2El7fZJjFy9gfqNcbn8A', 'false', '2021-06-22 09:57:34', '2021-06-22 09:57:34', NULL),
(621, 'dr. troy wolff', 'heathcote.ettie@example.org', '$2y$10$TKh8H1.PfQx37YgCzwiKb.KjNyWgaHb9cbcoQgdIVFlYg7B77UdFm', '6UFAXJ3CXl', '0', 'JdWp6OWhhFVCE2aeGgPkoFoK7ftzOTUMn76gj9j1', 'false', '2021-06-22 09:57:34', '2021-06-22 09:57:34', NULL),
(622, 'jarrett hessel iii', 'misael.jenkins@example.net', '$2y$10$TKh8H1.PfQx37YgCzwiKb.KjNyWgaHb9cbcoQgdIVFlYg7B77UdFm', 'LLqciK2C1T', '1', NULL, 'false', '2021-06-22 09:57:34', '2021-06-22 09:57:34', NULL),
(623, 'geraldine robel', 'delphia.roob@example.org', '$2y$10$TKh8H1.PfQx37YgCzwiKb.KjNyWgaHb9cbcoQgdIVFlYg7B77UdFm', '4cDbT4yAtV', '0', 'EoohrRTjU9bvhICibbEAiozefpPrueaih7vAEOKM', 'true', '2021-06-22 09:57:34', '2021-06-22 09:57:34', NULL),
(624, 'wilfredo o\'kon', 'jazlyn62@example.net', '$2y$10$TKh8H1.PfQx37YgCzwiKb.KjNyWgaHb9cbcoQgdIVFlYg7B77UdFm', 'xeKkJYmk1t', '0', 'eKsfLcJKVoawXlpKGBdOetxRaWzidpCk4L5bYjk3', 'false', '2021-06-22 09:57:34', '2021-06-22 09:57:34', NULL),
(625, 'danielle harris phd', 'cbalistreri@example.net', '$2y$10$TKh8H1.PfQx37YgCzwiKb.KjNyWgaHb9cbcoQgdIVFlYg7B77UdFm', 'UbcDAolrtT', '0', '71LLl1OGD95F64TyC3Xgqs5lkyckw6t5hvGgD8pk', 'false', '2021-06-22 09:57:34', '2021-06-22 09:57:34', NULL),
(626, 'mr. griffin borer', 'loyal66@example.com', '$2y$10$TKh8H1.PfQx37YgCzwiKb.KjNyWgaHb9cbcoQgdIVFlYg7B77UdFm', 'boYhWyf2dw', '1', NULL, 'false', '2021-06-22 09:57:34', '2021-06-22 09:57:34', NULL),
(627, 'ms. suzanne batz i', 'bradford39@example.net', '$2y$10$TKh8H1.PfQx37YgCzwiKb.KjNyWgaHb9cbcoQgdIVFlYg7B77UdFm', 'FB8ARaRm1O', '1', NULL, 'false', '2021-06-22 09:57:34', '2021-06-22 09:57:34', NULL),
(628, 'mandy windler iv', 'mitchell.schimmel@example.net', '$2y$10$TKh8H1.PfQx37YgCzwiKb.KjNyWgaHb9cbcoQgdIVFlYg7B77UdFm', 'Hd2QpPuXzk', '1', NULL, 'true', '2021-06-22 09:57:34', '2021-06-22 09:57:34', NULL),
(629, 'augustine jones', 'electa.krajcik@example.org', '$2y$10$TKh8H1.PfQx37YgCzwiKb.KjNyWgaHb9cbcoQgdIVFlYg7B77UdFm', 'qFZgowQMIC', '0', 'idk3qlsXKQf74MmF0CDz0M1hWQNfiq75IxQxQP3u', 'false', '2021-06-22 09:57:34', '2021-06-22 09:57:34', NULL),
(630, 'dr. ariel klocko', 'cristina63@example.net', '$2y$10$TKh8H1.PfQx37YgCzwiKb.KjNyWgaHb9cbcoQgdIVFlYg7B77UdFm', '7tqLQozII9', '0', '3WQw4AHEEb8JOBEmfpIFuXbiKJr4GetsbF5mJKGo', 'false', '2021-06-22 09:57:34', '2021-06-22 09:57:34', NULL),
(631, 'nadia cole', 'willow.shanahan@example.net', '$2y$10$TKh8H1.PfQx37YgCzwiKb.KjNyWgaHb9cbcoQgdIVFlYg7B77UdFm', '5RmIo8YPFV', '1', NULL, 'true', '2021-06-22 09:57:34', '2021-06-22 09:57:34', NULL),
(632, 'orie balistreri', 'bstrosin@example.com', '$2y$10$TKh8H1.PfQx37YgCzwiKb.KjNyWgaHb9cbcoQgdIVFlYg7B77UdFm', 'dWMXauwxZX', '1', NULL, 'true', '2021-06-22 09:57:34', '2021-06-22 09:57:34', NULL),
(633, 'mellie watsica', 'torp.ernestine@example.net', '$2y$10$TKh8H1.PfQx37YgCzwiKb.KjNyWgaHb9cbcoQgdIVFlYg7B77UdFm', 'ZuGj5mpCxb', '0', 'imH07HNVIkMaZ0Z7ragX1vlrjx5b0IACm46tOwOi', 'true', '2021-06-22 09:57:34', '2021-06-22 09:57:34', NULL),
(634, 'cleora von', 'phamill@example.org', '$2y$10$TKh8H1.PfQx37YgCzwiKb.KjNyWgaHb9cbcoQgdIVFlYg7B77UdFm', 'iMkBzA2xn1', '1', NULL, 'false', '2021-06-22 09:57:34', '2021-06-22 09:57:34', NULL),
(635, 'pasquale hickle', 'antwon.boyle@example.com', '$2y$10$TKh8H1.PfQx37YgCzwiKb.KjNyWgaHb9cbcoQgdIVFlYg7B77UdFm', 'Ncq9yFwjSe', '0', 'eOfLc5u3mUcFZlcE0A1F5xu1vjxt86Yf4VZMLNwp', 'true', '2021-06-22 09:57:34', '2021-06-22 09:57:34', NULL),
(636, 'johnathan emard', 'mazie.lockman@example.net', '$2y$10$TKh8H1.PfQx37YgCzwiKb.KjNyWgaHb9cbcoQgdIVFlYg7B77UdFm', '4mNJTpNvVm', '0', 'j5twYtlQjuWS98cKBrCmj7wUewl19xB2qEmKgcH9', 'true', '2021-06-22 09:57:34', '2021-06-22 09:57:34', NULL),
(637, 'dedric botsford', 'harvey.fausto@example.org', '$2y$10$TKh8H1.PfQx37YgCzwiKb.KjNyWgaHb9cbcoQgdIVFlYg7B77UdFm', 'akcAbW8Y7N', '0', 'JeVLZ0p7KEFzzFe6EtqlOyLMUmsOhYswKnv9Rfen', 'true', '2021-06-22 09:57:34', '2021-06-22 09:57:34', NULL),
(638, 'glennie keeling iv', 'kbarrows@example.com', '$2y$10$TKh8H1.PfQx37YgCzwiKb.KjNyWgaHb9cbcoQgdIVFlYg7B77UdFm', 'f7xRj2brJb', '1', NULL, 'false', '2021-06-22 09:57:34', '2021-06-22 09:57:34', NULL),
(639, 'forest jerde', 'rebekah09@example.com', '$2y$10$TKh8H1.PfQx37YgCzwiKb.KjNyWgaHb9cbcoQgdIVFlYg7B77UdFm', 'ZtL90XGxdp', '1', NULL, 'false', '2021-06-22 09:57:34', '2021-06-22 09:57:34', NULL),
(640, 'anderson konopelski', 'tmante@example.net', '$2y$10$TKh8H1.PfQx37YgCzwiKb.KjNyWgaHb9cbcoQgdIVFlYg7B77UdFm', 'hFfMaf6RoL', '0', 'PZyQG9akII77QyyuhpcQLZJwHYPvqowoKoEY9oSt', 'false', '2021-06-22 09:57:34', '2021-06-22 09:57:34', NULL),
(641, 'demetris labadie iii', 'jones.rylee@example.org', '$2y$10$TKh8H1.PfQx37YgCzwiKb.KjNyWgaHb9cbcoQgdIVFlYg7B77UdFm', 'ujWx76Xm3k', '1', NULL, 'false', '2021-06-22 09:57:34', '2021-06-22 09:57:34', NULL),
(642, 'timmothy bayer jr.', 'kuhic.eulalia@example.com', '$2y$10$TKh8H1.PfQx37YgCzwiKb.KjNyWgaHb9cbcoQgdIVFlYg7B77UdFm', '6bMjizAmMK', '1', NULL, 'false', '2021-06-22 09:57:34', '2021-06-22 09:57:34', NULL),
(643, 'prof. jameson rogahn', 'mann.connor@example.org', '$2y$10$TKh8H1.PfQx37YgCzwiKb.KjNyWgaHb9cbcoQgdIVFlYg7B77UdFm', 'lRa6fT2mdX', '0', 'WodIyW1sTfOPhzSq5bxQNFyEfTSAyAsAmE0c2dvs', 'false', '2021-06-22 09:57:34', '2021-06-22 09:57:34', NULL),
(644, 'heloise koelpin i', 'zion.blanda@example.net', '$2y$10$TKh8H1.PfQx37YgCzwiKb.KjNyWgaHb9cbcoQgdIVFlYg7B77UdFm', 'DVSlTjpVGI', '1', NULL, 'false', '2021-06-22 09:57:34', '2021-06-22 09:57:34', NULL),
(645, 'ms. cassie gutmann sr.', 'rolfson.vilma@example.net', '$2y$10$TKh8H1.PfQx37YgCzwiKb.KjNyWgaHb9cbcoQgdIVFlYg7B77UdFm', '5pNVMp5fOT', '0', '5kVKZXiR31COcsHiL4YC6Dk4frKn0uYk9tYsNP29', 'true', '2021-06-22 09:57:34', '2021-06-22 09:57:34', NULL),
(646, 'noemy rosenbaum', 'sauer.wilfrid@example.org', '$2y$10$TKh8H1.PfQx37YgCzwiKb.KjNyWgaHb9cbcoQgdIVFlYg7B77UdFm', 'kWddcDcov8', '0', 'PIm3LFoBoD8sObFErQxlDNKITzSiaDGroAlXfKLi', 'true', '2021-06-22 09:57:34', '2021-06-22 09:57:34', NULL),
(647, 'mrs. yvette langworth ii', 'hills.jayce@example.com', '$2y$10$TKh8H1.PfQx37YgCzwiKb.KjNyWgaHb9cbcoQgdIVFlYg7B77UdFm', 'V5L0SwYYrs', '0', 'wLDvErZNGpOQkXUfaWG1pYiJ149trHtt0WlYQ2vF', 'true', '2021-06-22 09:57:34', '2021-06-22 09:57:34', NULL),
(648, 'winifred stehr', 'marge.zieme@example.com', '$2y$10$TKh8H1.PfQx37YgCzwiKb.KjNyWgaHb9cbcoQgdIVFlYg7B77UdFm', 'cF2R9PLH0g', '0', 'UFzas8cKOndmcS46QZwbqlKhHFXqJlVt8wj3GP5G', 'false', '2021-06-22 09:57:34', '2021-06-22 09:57:34', NULL),
(649, 'eliza cormier', 'trinity.bergstrom@example.net', '$2y$10$TKh8H1.PfQx37YgCzwiKb.KjNyWgaHb9cbcoQgdIVFlYg7B77UdFm', 'qXSHCa1U8p', '1', NULL, 'true', '2021-06-22 09:57:34', '2021-06-22 09:57:34', NULL),
(650, 'cordie leannon iv', 'mya74@example.com', '$2y$10$TKh8H1.PfQx37YgCzwiKb.KjNyWgaHb9cbcoQgdIVFlYg7B77UdFm', 'HKsth54v8X', '0', 'CNRKc5coNOgZ6mCC0yCthtA4DHjVJe6PvxEAXT6r', 'true', '2021-06-22 09:57:34', '2021-06-22 09:57:34', NULL),
(651, 'gaylord stroman', 'kristoffer.bartoletti@example.com', '$2y$10$TKh8H1.PfQx37YgCzwiKb.KjNyWgaHb9cbcoQgdIVFlYg7B77UdFm', 'ht87XWYYma', '0', 'rJl5YqjaeYNUIZBlfyb4E3nduvMejrVQHsUGv6Zr', 'false', '2021-06-22 09:57:34', '2021-06-22 09:57:34', NULL),
(652, 'tavares kemmer', 'max88@example.net', '$2y$10$TKh8H1.PfQx37YgCzwiKb.KjNyWgaHb9cbcoQgdIVFlYg7B77UdFm', 'gF4r3i0avs', '1', NULL, 'true', '2021-06-22 09:57:34', '2021-06-22 09:57:34', NULL),
(653, 'benny rowe', 'cdurgan@example.com', '$2y$10$TKh8H1.PfQx37YgCzwiKb.KjNyWgaHb9cbcoQgdIVFlYg7B77UdFm', 'dr1SlJHqZX', '0', 'hPdbDFsWUvuM6TZJIDYhSHE1i9bajq0FFcLooq2r', 'false', '2021-06-22 09:57:34', '2021-06-22 09:57:34', NULL),
(654, 'dr. amiya fay', 'mills.larue@example.net', '$2y$10$TKh8H1.PfQx37YgCzwiKb.KjNyWgaHb9cbcoQgdIVFlYg7B77UdFm', '6cgHsjYx5H', '0', 'PkOWL52bPxWorZ2KpbdbESzdZTRwH7x337Qboq87', 'true', '2021-06-22 09:57:34', '2021-06-22 09:57:34', NULL),
(655, 'miss syble jakubowski', 'zpollich@example.net', '$2y$10$TKh8H1.PfQx37YgCzwiKb.KjNyWgaHb9cbcoQgdIVFlYg7B77UdFm', 'xJV7mSj799', '1', NULL, 'true', '2021-06-22 09:57:34', '2021-06-22 09:57:34', NULL),
(656, 'waylon bauch', 'jerald.johnston@example.com', '$2y$10$TKh8H1.PfQx37YgCzwiKb.KjNyWgaHb9cbcoQgdIVFlYg7B77UdFm', 'FiX4he4J90', '0', 'HBPgKAa2NmvB2KlQEBGToxVl2rq1le3Ckkv5zU6E', 'false', '2021-06-22 09:57:35', '2021-06-22 09:57:35', NULL),
(657, 'yolanda wuckert', 'corine.thompson@example.net', '$2y$10$TKh8H1.PfQx37YgCzwiKb.KjNyWgaHb9cbcoQgdIVFlYg7B77UdFm', 'FrDk5WthAF', '1', NULL, 'false', '2021-06-22 09:57:35', '2021-06-22 09:57:35', NULL),
(658, 'prof. beaulah beatty phd', 'bashirian.faye@example.org', '$2y$10$TKh8H1.PfQx37YgCzwiKb.KjNyWgaHb9cbcoQgdIVFlYg7B77UdFm', 'FeLyj8neZ6', '0', 'OSDF2fgeuzf5dlkxnuD4Y6lJBIfNxzV4UCmkirX2', 'true', '2021-06-22 09:57:35', '2021-06-22 09:57:35', NULL),
(659, 'ethel dibbert', 'ralph.turcotte@example.org', '$2y$10$TKh8H1.PfQx37YgCzwiKb.KjNyWgaHb9cbcoQgdIVFlYg7B77UdFm', 'ugWVqB4lEI', '1', NULL, 'true', '2021-06-22 09:57:35', '2021-06-22 09:57:35', NULL),
(660, 'prof. orrin schimmel', 'kerluke.jimmy@example.com', '$2y$10$TKh8H1.PfQx37YgCzwiKb.KjNyWgaHb9cbcoQgdIVFlYg7B77UdFm', 'K5miy1oMjj', '0', 'wzQxhhpadCsU3DthEXXjFGcdTAVZ6hpqfIjIHqgk', 'false', '2021-06-22 09:57:35', '2021-06-22 09:57:35', NULL),
(661, 'mr. tanner schinner', 'ekautzer@example.net', '$2y$10$TKh8H1.PfQx37YgCzwiKb.KjNyWgaHb9cbcoQgdIVFlYg7B77UdFm', 'ym6PJe6H1s', '1', NULL, 'true', '2021-06-22 09:57:35', '2021-06-22 09:57:35', NULL),
(662, 'mr. tobin cruickshank', 'kertzmann.marcellus@example.org', '$2y$10$TKh8H1.PfQx37YgCzwiKb.KjNyWgaHb9cbcoQgdIVFlYg7B77UdFm', 'Vh5WkyGJqE', '1', NULL, 'true', '2021-06-22 09:57:35', '2021-06-22 09:57:35', NULL),
(663, 'frederik bogisich', 'goldner.jonathon@example.org', '$2y$10$TKh8H1.PfQx37YgCzwiKb.KjNyWgaHb9cbcoQgdIVFlYg7B77UdFm', 'QGBOwD51EP', '0', '6CFSHAG02h0KEyR0JhOqtdqfnGyqnuKXKpHuccyJ', 'false', '2021-06-22 09:57:35', '2021-06-22 09:57:35', NULL),
(664, 'sadie hamill dds', 'pfannerstill.jana@example.org', '$2y$10$TKh8H1.PfQx37YgCzwiKb.KjNyWgaHb9cbcoQgdIVFlYg7B77UdFm', 'Enn08NfknL', '1', NULL, 'false', '2021-06-22 09:57:35', '2021-06-22 09:57:35', NULL),
(665, 'tamara dicki', 'tiara72@example.net', '$2y$10$TKh8H1.PfQx37YgCzwiKb.KjNyWgaHb9cbcoQgdIVFlYg7B77UdFm', '2DzjYFBOzr', '1', NULL, 'false', '2021-06-22 09:57:35', '2021-06-22 09:57:35', NULL),
(666, 'colin feest', 'landen62@example.com', '$2y$10$TKh8H1.PfQx37YgCzwiKb.KjNyWgaHb9cbcoQgdIVFlYg7B77UdFm', 'PGhZqvXdMx', '0', 'Mudj6rLve6dLQ3wr0Cja6fhwYXLvdRx1nXMmkVhS', 'false', '2021-06-22 09:57:35', '2021-06-22 09:57:35', NULL),
(667, 'dr. reilly oberbrunner', 'wwolff@example.org', '$2y$10$TKh8H1.PfQx37YgCzwiKb.KjNyWgaHb9cbcoQgdIVFlYg7B77UdFm', 'MCPXMP4HNZ', '1', NULL, 'true', '2021-06-22 09:57:35', '2021-06-22 09:57:35', NULL),
(668, 'louvenia johnston iv', 'stephon.lueilwitz@example.com', '$2y$10$TKh8H1.PfQx37YgCzwiKb.KjNyWgaHb9cbcoQgdIVFlYg7B77UdFm', 'iO4KYneBfr', '1', NULL, 'true', '2021-06-22 09:57:35', '2021-06-22 09:57:35', NULL),
(669, 'israel grant', 'hill.nya@example.net', '$2y$10$TKh8H1.PfQx37YgCzwiKb.KjNyWgaHb9cbcoQgdIVFlYg7B77UdFm', 'gdExKEj3YO', '0', 'gSKOas3IezsysfTXqaHikv6qQ5VbPMSgEZLw780n', 'true', '2021-06-22 09:57:35', '2021-06-22 09:57:35', NULL),
(670, 'vicky sanford', 'hettie.sipes@example.org', '$2y$10$TKh8H1.PfQx37YgCzwiKb.KjNyWgaHb9cbcoQgdIVFlYg7B77UdFm', 'xhyuZjPMXK', '0', '1J7Mf20dT838uubolYiq5voUDKmSK0aKv1n5bML3', 'true', '2021-06-22 09:57:35', '2021-06-22 09:57:35', NULL),
(671, 'arnold beatty', 'connor31@example.org', '$2y$10$TKh8H1.PfQx37YgCzwiKb.KjNyWgaHb9cbcoQgdIVFlYg7B77UdFm', 'vsEx1CSAh1', '1', NULL, 'false', '2021-06-22 09:57:35', '2021-06-22 09:57:35', NULL),
(672, 'destin hand phd', 'rroob@example.net', '$2y$10$TKh8H1.PfQx37YgCzwiKb.KjNyWgaHb9cbcoQgdIVFlYg7B77UdFm', '4mVN2BMAjT', '0', 'KAuAsVuBo3oV2SUSI1tTBEor23h1lE16PbxQqQTc', 'false', '2021-06-22 09:57:35', '2021-06-22 09:57:35', NULL),
(673, 'elian mcglynn', 'cheyanne67@example.com', '$2y$10$TKh8H1.PfQx37YgCzwiKb.KjNyWgaHb9cbcoQgdIVFlYg7B77UdFm', '4TnkLIee4C', '0', 'NKd6N7Rgb5RCDZadRBMLRP0EwjO2GVKUAX4GVNfu', 'true', '2021-06-22 09:57:35', '2021-06-22 09:57:35', NULL),
(674, 'hortense renner', 'schinner.zita@example.net', '$2y$10$TKh8H1.PfQx37YgCzwiKb.KjNyWgaHb9cbcoQgdIVFlYg7B77UdFm', 'Cog1pdnnRb', '0', 'mMufBp0PFudLPQ3g6vHuYiML55Ik8OqzeSTzkrck', 'true', '2021-06-22 09:57:35', '2021-06-22 09:57:35', NULL),
(675, 'suzanne armstrong sr.', 'harber.shannon@example.com', '$2y$10$TKh8H1.PfQx37YgCzwiKb.KjNyWgaHb9cbcoQgdIVFlYg7B77UdFm', 'dXVCHcl47C', '1', NULL, 'false', '2021-06-22 09:57:35', '2021-06-22 09:57:35', NULL),
(676, 'prudence hilpert', 'edmund.bosco@example.net', '$2y$10$TKh8H1.PfQx37YgCzwiKb.KjNyWgaHb9cbcoQgdIVFlYg7B77UdFm', '9SX5dBXHtp', '1', NULL, 'false', '2021-06-22 09:57:35', '2021-06-22 09:57:35', NULL),
(677, 'uriel keebler', 'browe@example.net', '$2y$10$TKh8H1.PfQx37YgCzwiKb.KjNyWgaHb9cbcoQgdIVFlYg7B77UdFm', 'djldxOvMqt', '1', NULL, 'false', '2021-06-22 09:57:35', '2021-06-22 09:57:35', NULL),
(678, 'lorna gulgowski', 'aliyah38@example.com', '$2y$10$TKh8H1.PfQx37YgCzwiKb.KjNyWgaHb9cbcoQgdIVFlYg7B77UdFm', 'rHLFVjSyKC', '0', 'SwLXDgfHjxy1syH4fou3GsTEqevdkwITEA5P5yau', 'false', '2021-06-22 09:57:35', '2021-06-22 09:57:35', NULL),
(679, 'torey emard', 'qhettinger@example.com', '$2y$10$TKh8H1.PfQx37YgCzwiKb.KjNyWgaHb9cbcoQgdIVFlYg7B77UdFm', 'zG6EXwVjVl', '1', NULL, 'false', '2021-06-22 09:57:35', '2021-06-22 09:57:35', NULL),
(680, 'linnea lynch', 'ihermann@example.org', '$2y$10$TKh8H1.PfQx37YgCzwiKb.KjNyWgaHb9cbcoQgdIVFlYg7B77UdFm', 'iZmfgDZtZF', '0', 'qmm925pvvxP9SUfiEXMf5XGdDlodMDeNyS7TCZrG', 'true', '2021-06-22 09:57:35', '2021-06-22 09:57:35', NULL),
(681, 'dr. abby wiza', 'maya55@example.com', '$2y$10$TKh8H1.PfQx37YgCzwiKb.KjNyWgaHb9cbcoQgdIVFlYg7B77UdFm', '1R23LDJvqv', '0', 'RLmPWmrBuwIGO0UfVVUcoLuoVEjk7AccWcKI5qMa', 'false', '2021-06-22 09:57:35', '2021-06-22 09:57:35', NULL);
INSERT INTO `users` (`id`, `name`, `email`, `password`, `remember_token`, `verified`, `verification_token`, `admin`, `created_at`, `updated_at`, `deleted_at`) VALUES
(682, 'santiago white', 'roob.margret@example.com', '$2y$10$TKh8H1.PfQx37YgCzwiKb.KjNyWgaHb9cbcoQgdIVFlYg7B77UdFm', 'FpInRl9yUf', '0', '3KmE4ulmCXwXS4b6d3gYZEVdwYBE7nnMADL4EuDD', 'false', '2021-06-22 09:57:35', '2021-06-22 09:57:35', NULL),
(683, 'prof. bonnie reichert v', 'veronica39@example.org', '$2y$10$TKh8H1.PfQx37YgCzwiKb.KjNyWgaHb9cbcoQgdIVFlYg7B77UdFm', 'Hw2p0MApu7', '1', NULL, 'true', '2021-06-22 09:57:35', '2021-06-22 09:57:35', NULL),
(684, 'keenan sanford', 'matteo.wyman@example.org', '$2y$10$TKh8H1.PfQx37YgCzwiKb.KjNyWgaHb9cbcoQgdIVFlYg7B77UdFm', 'qcemT9U1aY', '1', NULL, 'true', '2021-06-22 09:57:35', '2021-06-22 09:57:35', NULL),
(685, 'aiden carter', 'abdullah68@example.com', '$2y$10$TKh8H1.PfQx37YgCzwiKb.KjNyWgaHb9cbcoQgdIVFlYg7B77UdFm', 'VTixOKYvX0', '0', 'eSR29OzXY3YgyipSNScnVqDP8zJK5nXHItiDMTgv', 'true', '2021-06-22 09:57:35', '2021-06-22 09:57:35', NULL),
(686, 'sandra tromp ii', 'keely.conroy@example.net', '$2y$10$TKh8H1.PfQx37YgCzwiKb.KjNyWgaHb9cbcoQgdIVFlYg7B77UdFm', 'ZdU3hBad9L', '0', 'uGah3Z1srdlXOCF5MiS5WUcmbUFziA03HgkVEGUf', 'false', '2021-06-22 09:57:35', '2021-06-22 09:57:35', NULL),
(687, 'anika stroman', 'monahan.maude@example.com', '$2y$10$TKh8H1.PfQx37YgCzwiKb.KjNyWgaHb9cbcoQgdIVFlYg7B77UdFm', '0ChhSue5NG', '1', NULL, 'true', '2021-06-22 09:57:35', '2021-06-22 09:57:35', NULL),
(688, 'mrs. deborah kuhn', 'willms.lulu@example.com', '$2y$10$TKh8H1.PfQx37YgCzwiKb.KjNyWgaHb9cbcoQgdIVFlYg7B77UdFm', 'zJn6P5oEmd', '1', NULL, 'false', '2021-06-22 09:57:35', '2021-06-22 09:57:35', NULL),
(689, 'vidal cassin phd', 'aileen98@example.net', '$2y$10$TKh8H1.PfQx37YgCzwiKb.KjNyWgaHb9cbcoQgdIVFlYg7B77UdFm', 'QNqpChymSG', '0', 'FcMspCdOAiuvUtmcfYwz6mMz8NjWxDseitoBFGR0', 'false', '2021-06-22 09:57:35', '2021-06-22 09:57:35', NULL),
(690, 'fleta zemlak', 'hartmann.don@example.org', '$2y$10$TKh8H1.PfQx37YgCzwiKb.KjNyWgaHb9cbcoQgdIVFlYg7B77UdFm', 'gO84AByETE', '1', NULL, 'false', '2021-06-22 09:57:35', '2021-06-22 09:57:35', NULL),
(691, 'gerard schneider', 'kuvalis.armand@example.com', '$2y$10$TKh8H1.PfQx37YgCzwiKb.KjNyWgaHb9cbcoQgdIVFlYg7B77UdFm', 'uqttaKkdjL', '0', 'vCnzREaLioUyE40iYc24bxgr803FTt7xqk157WbR', 'true', '2021-06-22 09:57:35', '2021-06-22 09:57:35', NULL),
(692, 'dr. jorge sauer i', 'raymundo.buckridge@example.org', '$2y$10$TKh8H1.PfQx37YgCzwiKb.KjNyWgaHb9cbcoQgdIVFlYg7B77UdFm', '3jjrvfg7Fk', '0', 'kXDYaQxEL6vuQFPKy3xFrjfCUh6MwbKQzU8xt05B', 'false', '2021-06-22 09:57:35', '2021-06-22 09:57:35', NULL),
(693, 'wilber stiedemann', 'juanita.mills@example.org', '$2y$10$TKh8H1.PfQx37YgCzwiKb.KjNyWgaHb9cbcoQgdIVFlYg7B77UdFm', 'lZfOmSA4wn', '1', NULL, 'true', '2021-06-22 09:57:35', '2021-06-22 09:57:35', NULL),
(694, 'zoe king jr.', 'imurray@example.com', '$2y$10$TKh8H1.PfQx37YgCzwiKb.KjNyWgaHb9cbcoQgdIVFlYg7B77UdFm', 'CZ2JDe4kqF', '0', 'EOzB4Y5nvrmtKhYhrt9qPGSdjSZCRp40JQG0vMr0', 'true', '2021-06-22 09:57:35', '2021-06-22 09:57:35', NULL),
(695, 'annie barrows', 'ken.braun@example.org', '$2y$10$TKh8H1.PfQx37YgCzwiKb.KjNyWgaHb9cbcoQgdIVFlYg7B77UdFm', 'kPmirUH5Dm', '0', '4MKne2wUAx6zXZaKzNRI1iwdurpUt2Nsa3PoTX3N', 'true', '2021-06-22 09:57:35', '2021-06-22 09:57:35', NULL),
(696, 'prof. freddie miller md', 'dcremin@example.org', '$2y$10$TKh8H1.PfQx37YgCzwiKb.KjNyWgaHb9cbcoQgdIVFlYg7B77UdFm', 'AWzQuS0KUt', '0', 'GPh7V253cRRAhDjL4vihEp74kuyOxXaB4NqN9psi', 'true', '2021-06-22 09:57:35', '2021-06-22 09:57:35', NULL),
(697, 'mr. ferne daugherty ii', 'hilpert.eli@example.com', '$2y$10$TKh8H1.PfQx37YgCzwiKb.KjNyWgaHb9cbcoQgdIVFlYg7B77UdFm', '2cFEq1WZH8', '1', NULL, 'true', '2021-06-22 09:57:35', '2021-06-22 09:57:35', NULL),
(698, 'lea hirthe', 'abbott.adella@example.org', '$2y$10$TKh8H1.PfQx37YgCzwiKb.KjNyWgaHb9cbcoQgdIVFlYg7B77UdFm', '1Sa6EcfCIl', '1', NULL, 'true', '2021-06-22 09:57:35', '2021-06-22 09:57:35', NULL),
(699, 'hyman hilpert', 'dorcas16@example.com', '$2y$10$TKh8H1.PfQx37YgCzwiKb.KjNyWgaHb9cbcoQgdIVFlYg7B77UdFm', 'Lt0aSQVxjx', '1', NULL, 'true', '2021-06-22 09:57:35', '2021-06-22 09:57:35', NULL),
(700, 'buster mcclure', 'cnicolas@example.net', '$2y$10$TKh8H1.PfQx37YgCzwiKb.KjNyWgaHb9cbcoQgdIVFlYg7B77UdFm', 'uxX4dw0bTW', '1', NULL, 'false', '2021-06-22 09:57:35', '2021-06-22 09:57:35', NULL),
(701, 'tillman murphy', 'leannon.katelynn@example.com', '$2y$10$TKh8H1.PfQx37YgCzwiKb.KjNyWgaHb9cbcoQgdIVFlYg7B77UdFm', 'ldvjRAliK7', '1', NULL, 'false', '2021-06-22 09:57:35', '2021-06-22 09:57:35', NULL),
(702, 'miss yessenia schaden', 'frami.russ@example.org', '$2y$10$TKh8H1.PfQx37YgCzwiKb.KjNyWgaHb9cbcoQgdIVFlYg7B77UdFm', 'CMbPqARdWg', '1', NULL, 'true', '2021-06-22 09:57:35', '2021-06-22 09:57:35', NULL),
(703, 'felicia steuber', 'sprosacco@example.net', '$2y$10$TKh8H1.PfQx37YgCzwiKb.KjNyWgaHb9cbcoQgdIVFlYg7B77UdFm', 'lvbFzX88x1', '0', 'CxSFOorBKefKKnIOumgRO1WwbmMFw6oCoAaRtpVW', 'true', '2021-06-22 09:57:35', '2021-06-22 09:57:35', NULL),
(704, 'ronaldo goyette', 'jamal33@example.com', '$2y$10$TKh8H1.PfQx37YgCzwiKb.KjNyWgaHb9cbcoQgdIVFlYg7B77UdFm', 'XYBgpWMqm1', '1', NULL, 'true', '2021-06-22 09:57:35', '2021-06-22 09:57:35', NULL),
(705, 'salvador barton', 'victoria.rodriguez@example.org', '$2y$10$TKh8H1.PfQx37YgCzwiKb.KjNyWgaHb9cbcoQgdIVFlYg7B77UdFm', 'y2nsCbnm5r', '1', NULL, 'true', '2021-06-22 09:57:35', '2021-06-22 09:57:35', NULL),
(706, 'mr. albert nienow', 'dpfeffer@example.com', '$2y$10$TKh8H1.PfQx37YgCzwiKb.KjNyWgaHb9cbcoQgdIVFlYg7B77UdFm', 'iryNy9najO', '1', NULL, 'true', '2021-06-22 09:57:35', '2021-06-22 09:57:35', NULL),
(707, 'elmer bogisich', 'suzanne.hintz@example.net', '$2y$10$TKh8H1.PfQx37YgCzwiKb.KjNyWgaHb9cbcoQgdIVFlYg7B77UdFm', 'RXtBXl7gFH', '0', 'hxHPeTQiOWmWLb88ECND8bL1m479Qr6yWravyY0C', 'true', '2021-06-22 09:57:35', '2021-06-22 09:57:35', NULL),
(708, 'ocie leannon iii', 'kitty.stoltenberg@example.net', '$2y$10$TKh8H1.PfQx37YgCzwiKb.KjNyWgaHb9cbcoQgdIVFlYg7B77UdFm', 'ueMlD0XgGg', '1', NULL, 'false', '2021-06-22 09:57:35', '2021-06-22 09:57:35', NULL),
(709, 'mrs. ebony hill', 'caleigh92@example.net', '$2y$10$TKh8H1.PfQx37YgCzwiKb.KjNyWgaHb9cbcoQgdIVFlYg7B77UdFm', 'QHcd4et3HG', '1', NULL, 'true', '2021-06-22 09:57:35', '2021-06-22 09:57:35', NULL),
(710, 'marjorie walter', 'kzemlak@example.org', '$2y$10$TKh8H1.PfQx37YgCzwiKb.KjNyWgaHb9cbcoQgdIVFlYg7B77UdFm', '7qQQqGiHcO', '0', 'LO7HAJP76RiFvtdNDlTRT4ArqlgP0bxnSswbaxVS', 'true', '2021-06-22 09:57:35', '2021-06-22 09:57:35', NULL),
(711, 'leone hickle', 'makayla.hauck@example.com', '$2y$10$TKh8H1.PfQx37YgCzwiKb.KjNyWgaHb9cbcoQgdIVFlYg7B77UdFm', 'Ve05yBrI9H', '0', 'yEtVIe23RaLbq5WtYp57SGtm5TEropITHIaNjCWM', 'false', '2021-06-22 09:57:35', '2021-06-22 09:57:35', NULL),
(712, 'bessie schmeler', 'norris.fadel@example.org', '$2y$10$TKh8H1.PfQx37YgCzwiKb.KjNyWgaHb9cbcoQgdIVFlYg7B77UdFm', 'uLC0xetR1l', '1', NULL, 'false', '2021-06-22 09:57:35', '2021-06-22 09:57:35', NULL),
(713, 'jammie swift', 'iward@example.com', '$2y$10$TKh8H1.PfQx37YgCzwiKb.KjNyWgaHb9cbcoQgdIVFlYg7B77UdFm', 'bk0JlzokA7', '0', 'SiO2cZ691w3Z1ZEOhM2LT6dlFPBawuqvvwwEX8Yx', 'false', '2021-06-22 09:57:35', '2021-06-22 09:57:35', NULL),
(714, 'dr. alan nolan ii', 'turcotte.hubert@example.com', '$2y$10$TKh8H1.PfQx37YgCzwiKb.KjNyWgaHb9cbcoQgdIVFlYg7B77UdFm', 't4K51MIFjM', '1', NULL, 'true', '2021-06-22 09:57:35', '2021-06-22 09:57:35', NULL),
(715, 'mr. cleveland paucek', 'ocorkery@example.org', '$2y$10$TKh8H1.PfQx37YgCzwiKb.KjNyWgaHb9cbcoQgdIVFlYg7B77UdFm', 'mFwuzANqpz', '0', '75a4pNANFYqhoPYakoNXc8WqisBXpYX1T6qXyIuU', 'true', '2021-06-22 09:57:35', '2021-06-22 09:57:35', NULL),
(716, 'alysa franecki md', 'harmon.kiehn@example.org', '$2y$10$TKh8H1.PfQx37YgCzwiKb.KjNyWgaHb9cbcoQgdIVFlYg7B77UdFm', 'Ed96jfWdkg', '1', NULL, 'false', '2021-06-22 09:57:35', '2021-06-22 09:57:35', NULL),
(717, 'miss charity walsh ii', 'alda70@example.net', '$2y$10$TKh8H1.PfQx37YgCzwiKb.KjNyWgaHb9cbcoQgdIVFlYg7B77UdFm', 'ZUfujukbLd', '1', NULL, 'true', '2021-06-22 09:57:35', '2021-06-22 09:57:35', NULL),
(718, 'wade runte', 'alessandro.gerlach@example.net', '$2y$10$TKh8H1.PfQx37YgCzwiKb.KjNyWgaHb9cbcoQgdIVFlYg7B77UdFm', 'fI3CUW2dXc', '1', NULL, 'true', '2021-06-22 09:57:35', '2021-06-22 09:57:35', NULL),
(719, 'milo schaden iv', 'edmund.hudson@example.com', '$2y$10$TKh8H1.PfQx37YgCzwiKb.KjNyWgaHb9cbcoQgdIVFlYg7B77UdFm', 'x0n3M7wOVt', '1', NULL, 'false', '2021-06-22 09:57:35', '2021-06-22 09:57:35', NULL),
(720, 'gus walker', 'zcarter@example.com', '$2y$10$TKh8H1.PfQx37YgCzwiKb.KjNyWgaHb9cbcoQgdIVFlYg7B77UdFm', 'JjIuuhE9Kr', '1', NULL, 'false', '2021-06-22 09:57:35', '2021-06-22 09:57:35', NULL),
(721, 'maudie brekke', 'yasmeen.cummerata@example.org', '$2y$10$TKh8H1.PfQx37YgCzwiKb.KjNyWgaHb9cbcoQgdIVFlYg7B77UdFm', 'XSKwgq5lKv', '1', NULL, 'true', '2021-06-22 09:57:35', '2021-06-22 09:57:35', NULL),
(722, 'karolann ritchie', 'triston14@example.com', '$2y$10$TKh8H1.PfQx37YgCzwiKb.KjNyWgaHb9cbcoQgdIVFlYg7B77UdFm', 'xZtMnhMY4F', '1', NULL, 'true', '2021-06-22 09:57:35', '2021-06-22 09:57:35', NULL),
(723, 'mrs. alfreda ortiz', 'jonathon.morar@example.com', '$2y$10$TKh8H1.PfQx37YgCzwiKb.KjNyWgaHb9cbcoQgdIVFlYg7B77UdFm', 'fVAdAQFHWj', '1', NULL, 'false', '2021-06-22 09:57:35', '2021-06-22 09:57:35', NULL),
(724, 'florian mohr', 'westley51@example.com', '$2y$10$TKh8H1.PfQx37YgCzwiKb.KjNyWgaHb9cbcoQgdIVFlYg7B77UdFm', 'b7ri3Rx4rz', '0', 'GISeRl77WOBTof58Hjg94dlEcbLcPMm688Aq19Yl', 'false', '2021-06-22 09:57:35', '2021-06-22 09:57:35', NULL),
(725, 'ida kreiger', 'alexa.gorczany@example.net', '$2y$10$TKh8H1.PfQx37YgCzwiKb.KjNyWgaHb9cbcoQgdIVFlYg7B77UdFm', 'ISabmlekeE', '0', '59m5RaVyPTJjy1lJxrt0nVRdqYSFJLs56myoj6wc', 'false', '2021-06-22 09:57:35', '2021-06-22 09:57:35', NULL),
(726, 'bernardo hansen', 'oberbrunner.otilia@example.org', '$2y$10$TKh8H1.PfQx37YgCzwiKb.KjNyWgaHb9cbcoQgdIVFlYg7B77UdFm', 'yx9V1vn2uo', '1', NULL, 'false', '2021-06-22 09:57:35', '2021-06-22 09:57:35', NULL),
(727, 'gunner cronin', 'caterina.dicki@example.org', '$2y$10$TKh8H1.PfQx37YgCzwiKb.KjNyWgaHb9cbcoQgdIVFlYg7B77UdFm', '1NVtcxni6M', '1', NULL, 'false', '2021-06-22 09:57:35', '2021-06-22 09:57:35', NULL),
(728, 'cecelia graham sr.', 'hattie.roob@example.org', '$2y$10$TKh8H1.PfQx37YgCzwiKb.KjNyWgaHb9cbcoQgdIVFlYg7B77UdFm', 'im9ovVeX24', '0', 'vr9cS0oH68QoPAyQPd0I7QgzoYurBeJOrafMtvNZ', 'false', '2021-06-22 09:57:35', '2021-06-22 09:57:35', NULL),
(729, 'marilou hills', 'nhyatt@example.com', '$2y$10$TKh8H1.PfQx37YgCzwiKb.KjNyWgaHb9cbcoQgdIVFlYg7B77UdFm', '3XUTar3vWN', '1', NULL, 'false', '2021-06-22 09:57:35', '2021-06-22 09:57:35', NULL),
(730, 'prof. katelyn daniel', 'lacy09@example.org', '$2y$10$TKh8H1.PfQx37YgCzwiKb.KjNyWgaHb9cbcoQgdIVFlYg7B77UdFm', 'YqklwEXEjD', '0', 'waJ1lIZdgH0ETKwSySC6xvZMitETD7kvsTkn3w9U', 'false', '2021-06-22 09:57:35', '2021-06-22 09:57:35', NULL),
(731, 'diego funk', 'boyle.golda@example.org', '$2y$10$TKh8H1.PfQx37YgCzwiKb.KjNyWgaHb9cbcoQgdIVFlYg7B77UdFm', 'SfReGv20Aw', '1', NULL, 'true', '2021-06-22 09:57:35', '2021-06-22 09:57:35', NULL),
(732, 'juston leffler', 'jking@example.com', '$2y$10$TKh8H1.PfQx37YgCzwiKb.KjNyWgaHb9cbcoQgdIVFlYg7B77UdFm', 'm9AO3TNseM', '0', 'DaMIl7sAuECuaCCRtk8DpnS63epcKl3rHs4dpl9I', 'true', '2021-06-22 09:57:35', '2021-06-22 09:57:35', NULL),
(733, 'maxwell wisozk', 'block.alison@example.net', '$2y$10$TKh8H1.PfQx37YgCzwiKb.KjNyWgaHb9cbcoQgdIVFlYg7B77UdFm', 'F6uQeQsgX9', '1', NULL, 'true', '2021-06-22 09:57:35', '2021-06-22 09:57:35', NULL),
(734, 'ms. anastasia nader phd', 'rokon@example.org', '$2y$10$TKh8H1.PfQx37YgCzwiKb.KjNyWgaHb9cbcoQgdIVFlYg7B77UdFm', 'qlQWFppdci', '0', 'he01vLT4GZOIECa86kwelTCkk961emEZ6GnjoPaN', 'false', '2021-06-22 09:57:35', '2021-06-22 09:57:35', NULL),
(735, 'prof. guiseppe dietrich', 'beier.dwight@example.net', '$2y$10$TKh8H1.PfQx37YgCzwiKb.KjNyWgaHb9cbcoQgdIVFlYg7B77UdFm', 'WZw5flVMiS', '1', NULL, 'true', '2021-06-22 09:57:35', '2021-06-22 09:57:35', NULL),
(736, 'melody nolan jr.', 'gwisozk@example.com', '$2y$10$TKh8H1.PfQx37YgCzwiKb.KjNyWgaHb9cbcoQgdIVFlYg7B77UdFm', 'jU7eSL9Hyj', '0', 'ZwlrM4DRu1D5kF5ej78OMPsMCByusD7OuzGlAowi', 'false', '2021-06-22 09:57:35', '2021-06-22 09:57:35', NULL),
(737, 'judy stehr', 'darryl84@example.org', '$2y$10$TKh8H1.PfQx37YgCzwiKb.KjNyWgaHb9cbcoQgdIVFlYg7B77UdFm', '7zKHYy00FD', '0', 'qzB42i5fUC2zxwg9Yu5KGeSMT0EwAAHwashow8oh', 'true', '2021-06-22 09:57:35', '2021-06-22 09:57:35', NULL),
(738, 'miss lucinda harvey dds', 'telly17@example.org', '$2y$10$TKh8H1.PfQx37YgCzwiKb.KjNyWgaHb9cbcoQgdIVFlYg7B77UdFm', 'p1IZMPONGg', '1', NULL, 'false', '2021-06-22 09:57:35', '2021-06-22 09:57:35', NULL),
(739, 'ms. lurline reinger', 'aurore.prohaska@example.com', '$2y$10$TKh8H1.PfQx37YgCzwiKb.KjNyWgaHb9cbcoQgdIVFlYg7B77UdFm', 'firiKinexb', '0', '5Ta8emAec7l7xgJ82gVNilcbOpvafdHFQh5c3yb0', 'false', '2021-06-22 09:57:35', '2021-06-22 09:57:35', NULL),
(740, 'mark frami phd', 'alf34@example.com', '$2y$10$TKh8H1.PfQx37YgCzwiKb.KjNyWgaHb9cbcoQgdIVFlYg7B77UdFm', 'bPgequcUJO', '1', NULL, 'true', '2021-06-22 09:57:35', '2021-06-22 09:57:35', NULL),
(741, 'hallie wintheiser', 'eshields@example.com', '$2y$10$TKh8H1.PfQx37YgCzwiKb.KjNyWgaHb9cbcoQgdIVFlYg7B77UdFm', 'zYKUh3eS3T', '1', NULL, 'true', '2021-06-22 09:57:35', '2021-06-22 09:57:35', NULL),
(742, 'leonardo koss', 'hegmann.napoleon@example.net', '$2y$10$TKh8H1.PfQx37YgCzwiKb.KjNyWgaHb9cbcoQgdIVFlYg7B77UdFm', 'hh5xdeaCWk', '0', '5ymcdSfZU1NqkSaXXJMelKrtpzlcj0m5WFTgetPH', 'false', '2021-06-22 09:57:35', '2021-06-22 09:57:35', NULL),
(743, 'madyson brakus', 'hilpert.santiago@example.net', '$2y$10$TKh8H1.PfQx37YgCzwiKb.KjNyWgaHb9cbcoQgdIVFlYg7B77UdFm', 'pCnU9fiyfK', '0', 'BhxlzhdQQuLaUy4sxPGYI0abgoFdkM7fwFIVnwbD', 'true', '2021-06-22 09:57:35', '2021-06-22 09:57:35', NULL),
(744, 'stanton quigley', 'eryn.schaefer@example.com', '$2y$10$TKh8H1.PfQx37YgCzwiKb.KjNyWgaHb9cbcoQgdIVFlYg7B77UdFm', 'SlrNs11GFP', '0', 'FHZ9Eu2VWCjTSGYPSIxYaAyV43An8cd1UFVvJIJz', 'true', '2021-06-22 09:57:35', '2021-06-22 09:57:35', NULL),
(745, 'kyra reichert md', 'tsporer@example.com', '$2y$10$TKh8H1.PfQx37YgCzwiKb.KjNyWgaHb9cbcoQgdIVFlYg7B77UdFm', 'Ww0fbUKDAw', '1', NULL, 'false', '2021-06-22 09:57:35', '2021-06-22 09:57:35', NULL),
(746, 'chester mills', 'sipes.dean@example.net', '$2y$10$TKh8H1.PfQx37YgCzwiKb.KjNyWgaHb9cbcoQgdIVFlYg7B77UdFm', 'bIOPPndvpF', '0', 'CZ7yUZn4sTDRbx0gRKwtbzPqG87ksoLRUysmHUBZ', 'false', '2021-06-22 09:57:35', '2021-06-22 09:57:35', NULL),
(747, 'prof. leonel morissette iv', 'xberge@example.net', '$2y$10$TKh8H1.PfQx37YgCzwiKb.KjNyWgaHb9cbcoQgdIVFlYg7B77UdFm', 'BpJBxefN0b', '1', NULL, 'true', '2021-06-22 09:57:35', '2021-06-22 09:57:35', NULL),
(748, 'prof. santa larkin i', 'forest.moen@example.org', '$2y$10$TKh8H1.PfQx37YgCzwiKb.KjNyWgaHb9cbcoQgdIVFlYg7B77UdFm', 'pvg71IBPp7', '0', 'BMMR63HVAAN96xfxQyZQDMNlxt0WdSRrFFFgQBl6', 'true', '2021-06-22 09:57:35', '2021-06-22 09:57:35', NULL),
(749, 'prof. jamel romaguera sr.', 'emmanuelle.spencer@example.org', '$2y$10$TKh8H1.PfQx37YgCzwiKb.KjNyWgaHb9cbcoQgdIVFlYg7B77UdFm', 'zYWjzdGDN2', '0', 'fjPYQvbk1PxZb3mRzDfULPuVYTDw7Jp45zYaqAgS', 'true', '2021-06-22 09:57:35', '2021-06-22 09:57:35', NULL),
(750, 'rickie oberbrunner md', 'dayana03@example.net', '$2y$10$TKh8H1.PfQx37YgCzwiKb.KjNyWgaHb9cbcoQgdIVFlYg7B77UdFm', 'oWjek6FPPg', '1', NULL, 'true', '2021-06-22 09:57:35', '2021-06-22 09:57:35', NULL),
(751, 'savannah ortiz phd', 'savannah51@example.com', '$2y$10$TKh8H1.PfQx37YgCzwiKb.KjNyWgaHb9cbcoQgdIVFlYg7B77UdFm', 'idj4o5myna', '1', NULL, 'false', '2021-06-22 09:57:35', '2021-06-22 09:57:35', NULL),
(752, 'prof. everett kautzer', 'miracle75@example.org', '$2y$10$TKh8H1.PfQx37YgCzwiKb.KjNyWgaHb9cbcoQgdIVFlYg7B77UdFm', 'f6RxCn2Kme', '1', NULL, 'false', '2021-06-22 09:57:35', '2021-06-22 09:57:35', NULL),
(753, 'chasity koss', 'tara10@example.org', '$2y$10$TKh8H1.PfQx37YgCzwiKb.KjNyWgaHb9cbcoQgdIVFlYg7B77UdFm', 'tufUXzNnVS', '0', '0CoqOIqKjBAEesONywjfdOSXs0trMZilGAIp3wgy', 'true', '2021-06-22 09:57:35', '2021-06-22 09:57:35', NULL),
(754, 'muriel jenkins', 'osinski.chance@example.com', '$2y$10$TKh8H1.PfQx37YgCzwiKb.KjNyWgaHb9cbcoQgdIVFlYg7B77UdFm', 'UbrVac26tR', '1', NULL, 'true', '2021-06-22 09:57:35', '2021-06-22 09:57:35', NULL),
(755, 'sigrid ondricka', 'oconnell.gianni@example.com', '$2y$10$TKh8H1.PfQx37YgCzwiKb.KjNyWgaHb9cbcoQgdIVFlYg7B77UdFm', 'JIpMjyQCNt', '1', NULL, 'true', '2021-06-22 09:57:35', '2021-06-22 09:57:35', NULL),
(756, 'caroline padberg', 'robbie20@example.com', '$2y$10$TKh8H1.PfQx37YgCzwiKb.KjNyWgaHb9cbcoQgdIVFlYg7B77UdFm', 'DickiVmoHY', '0', 'ZGwjeesjdWsBfcXROQDYlKwhPSGqdvDGiVdNn9zD', 'true', '2021-06-22 09:57:35', '2021-06-22 09:57:35', NULL),
(757, 'toy marks', 'kuvalis.dixie@example.com', '$2y$10$TKh8H1.PfQx37YgCzwiKb.KjNyWgaHb9cbcoQgdIVFlYg7B77UdFm', 'KpKwjIOucz', '1', NULL, 'true', '2021-06-22 09:57:35', '2021-06-22 09:57:35', NULL),
(758, 'jerrold tillman', 'hboyle@example.org', '$2y$10$TKh8H1.PfQx37YgCzwiKb.KjNyWgaHb9cbcoQgdIVFlYg7B77UdFm', '3hPxdackcg', '1', NULL, 'false', '2021-06-22 09:57:35', '2021-06-22 09:57:35', NULL),
(759, 'miss eulah wisozk', 'kirsten.hettinger@example.org', '$2y$10$TKh8H1.PfQx37YgCzwiKb.KjNyWgaHb9cbcoQgdIVFlYg7B77UdFm', 'iVApbHSu8K', '1', NULL, 'false', '2021-06-22 09:57:35', '2021-06-22 09:57:35', NULL),
(760, 'sammie waelchi', 'yschroeder@example.com', '$2y$10$TKh8H1.PfQx37YgCzwiKb.KjNyWgaHb9cbcoQgdIVFlYg7B77UdFm', 'nkm4AB0aXY', '1', NULL, 'false', '2021-06-22 09:57:35', '2021-06-22 09:57:35', NULL),
(761, 'isaias larkin', 'sallie21@example.org', '$2y$10$TKh8H1.PfQx37YgCzwiKb.KjNyWgaHb9cbcoQgdIVFlYg7B77UdFm', 'vPOFRsTha7', '0', 'rXGNa7fuYSHfarVyNhUQHrDDD9updROIoF4haQ3e', 'true', '2021-06-22 09:57:35', '2021-06-22 09:57:35', NULL),
(762, 'amely fritsch', 'kaela69@example.net', '$2y$10$TKh8H1.PfQx37YgCzwiKb.KjNyWgaHb9cbcoQgdIVFlYg7B77UdFm', '3NXL3nBFxA', '0', '2LNsCrVrek9I9NH26bsH9KGBIMJ5EWGBNMXqaN9k', 'true', '2021-06-22 09:57:35', '2021-06-22 09:57:35', NULL),
(763, 'torrey bruen', 'beahan.zackary@example.org', '$2y$10$TKh8H1.PfQx37YgCzwiKb.KjNyWgaHb9cbcoQgdIVFlYg7B77UdFm', 'hgZoQo9nrK', '1', NULL, 'false', '2021-06-22 09:57:35', '2021-06-22 09:57:35', NULL),
(764, 'kane schmitt', 'twill@example.net', '$2y$10$TKh8H1.PfQx37YgCzwiKb.KjNyWgaHb9cbcoQgdIVFlYg7B77UdFm', 'ArW3gh522J', '1', NULL, 'false', '2021-06-22 09:57:35', '2021-06-22 09:57:35', NULL),
(765, 'esperanza predovic', 'schaden.julia@example.net', '$2y$10$TKh8H1.PfQx37YgCzwiKb.KjNyWgaHb9cbcoQgdIVFlYg7B77UdFm', 'ErVeB51Yin', '0', 'knT40WlQ0GZMI19keqOk2dnhb3cI0zqfnAWZRUlD', 'false', '2021-06-22 09:57:35', '2021-06-22 09:57:35', NULL),
(766, 'mrs. selina zboncak', 'heather.morar@example.com', '$2y$10$TKh8H1.PfQx37YgCzwiKb.KjNyWgaHb9cbcoQgdIVFlYg7B77UdFm', 'kc4lIJ36eZ', '1', NULL, 'false', '2021-06-22 09:57:35', '2021-06-22 09:57:35', NULL),
(767, 'dr. lauretta mccullough iii', 'xhermann@example.net', '$2y$10$TKh8H1.PfQx37YgCzwiKb.KjNyWgaHb9cbcoQgdIVFlYg7B77UdFm', 'NlZwtvnKOg', '1', NULL, 'false', '2021-06-22 09:57:35', '2021-06-22 09:57:35', NULL),
(768, 'jarod batz', 'wschuppe@example.net', '$2y$10$TKh8H1.PfQx37YgCzwiKb.KjNyWgaHb9cbcoQgdIVFlYg7B77UdFm', 'BK7iel6S90', '1', NULL, 'false', '2021-06-22 09:57:35', '2021-06-22 09:57:35', NULL),
(769, 'yvonne kozey', 'magdalen.nolan@example.com', '$2y$10$TKh8H1.PfQx37YgCzwiKb.KjNyWgaHb9cbcoQgdIVFlYg7B77UdFm', '2O8msxxxn5', '1', NULL, 'false', '2021-06-22 09:57:35', '2021-06-22 09:57:35', NULL),
(770, 'christ christiansen', 'brandt67@example.org', '$2y$10$TKh8H1.PfQx37YgCzwiKb.KjNyWgaHb9cbcoQgdIVFlYg7B77UdFm', 'sq5gZqh90k', '0', 'EFXF7lDjIqxk8elkPmJdbchhe7a8W8ojuC2W4geJ', 'false', '2021-06-22 09:57:35', '2021-06-22 09:57:35', NULL),
(771, 'mrs. aaliyah lehner', 'hegmann.shyann@example.org', '$2y$10$TKh8H1.PfQx37YgCzwiKb.KjNyWgaHb9cbcoQgdIVFlYg7B77UdFm', 'QRz460SvWk', '1', NULL, 'true', '2021-06-22 09:57:35', '2021-06-22 09:57:35', NULL),
(772, 'prof. janick ledner jr.', 'martina37@example.org', '$2y$10$TKh8H1.PfQx37YgCzwiKb.KjNyWgaHb9cbcoQgdIVFlYg7B77UdFm', 'zUUeeuCafO', '0', 'pLbdAUxjZtg0Ly5eoiAq4qQlZoHpUbr5OAksHoeY', 'false', '2021-06-22 09:57:35', '2021-06-22 09:57:35', NULL),
(773, 'cali kub', 'ben49@example.com', '$2y$10$TKh8H1.PfQx37YgCzwiKb.KjNyWgaHb9cbcoQgdIVFlYg7B77UdFm', 'e6uj7emM4x', '0', 'fiQtUXOAE94KFLXyHJ8bH1Sa6wWbjTvcgROY9Mf4', 'true', '2021-06-22 09:57:35', '2021-06-22 09:57:35', NULL),
(774, 'ms. bessie thiel', 'fisher.madge@example.net', '$2y$10$TKh8H1.PfQx37YgCzwiKb.KjNyWgaHb9cbcoQgdIVFlYg7B77UdFm', 'UHX1z0At0y', '1', NULL, 'true', '2021-06-22 09:57:35', '2021-06-22 09:57:35', NULL),
(775, 'jazlyn abernathy', 'hayley52@example.net', '$2y$10$TKh8H1.PfQx37YgCzwiKb.KjNyWgaHb9cbcoQgdIVFlYg7B77UdFm', 'g2hVNeofiV', '0', 'KOXzbUETWLAAtinnIYS8VaJXJoSheNc1dJKg9v7U', 'true', '2021-06-22 09:57:35', '2021-06-22 09:57:35', NULL),
(776, 'levi macejkovic', 'sally.cummerata@example.net', '$2y$10$TKh8H1.PfQx37YgCzwiKb.KjNyWgaHb9cbcoQgdIVFlYg7B77UdFm', 'Dgrl8flMHr', '1', NULL, 'false', '2021-06-22 09:57:35', '2021-06-22 09:57:35', NULL),
(777, 'armando d\'amore iii', 'shyann.cassin@example.net', '$2y$10$TKh8H1.PfQx37YgCzwiKb.KjNyWgaHb9cbcoQgdIVFlYg7B77UdFm', '3DIRqzt1Uw', '0', 'XRzDBYbNlhnntMOtYziY380zwFKfy1QiijlFEOWX', 'true', '2021-06-22 09:57:35', '2021-06-22 09:57:35', NULL),
(778, 'prof. zola labadie ii', 'randy89@example.net', '$2y$10$TKh8H1.PfQx37YgCzwiKb.KjNyWgaHb9cbcoQgdIVFlYg7B77UdFm', '64v7ViMLBQ', '0', 'aAaIMwmE8Fdjji4bPWgel3YeZlgK4r7U7Aty5RVj', 'true', '2021-06-22 09:57:35', '2021-06-22 09:57:35', NULL),
(779, 'francisco kassulke i', 'rpowlowski@example.org', '$2y$10$TKh8H1.PfQx37YgCzwiKb.KjNyWgaHb9cbcoQgdIVFlYg7B77UdFm', 'pAhtS2FSKa', '1', NULL, 'true', '2021-06-22 09:57:35', '2021-06-22 09:57:35', NULL),
(780, 'angeline funk jr.', 'ezekiel.morar@example.org', '$2y$10$TKh8H1.PfQx37YgCzwiKb.KjNyWgaHb9cbcoQgdIVFlYg7B77UdFm', '8mI9naqPkV', '0', 'wsnADhMQFrF9qp1v5s0JMeTydXndWJnCTQ7cBSq7', 'false', '2021-06-22 09:57:35', '2021-06-22 09:57:35', NULL),
(781, 'jerrod greenfelder', 'preichel@example.com', '$2y$10$TKh8H1.PfQx37YgCzwiKb.KjNyWgaHb9cbcoQgdIVFlYg7B77UdFm', '7S5oxkmRjl', '1', NULL, 'true', '2021-06-22 09:57:35', '2021-06-22 09:57:35', NULL),
(782, 'dr. charley mraz jr.', 'alejandrin52@example.net', '$2y$10$TKh8H1.PfQx37YgCzwiKb.KjNyWgaHb9cbcoQgdIVFlYg7B77UdFm', 'i8GEbT0dZI', '0', '7LpvdRSRB5CP3vUellc4Ibc4W3sPUwmGelfQ5k6i', 'true', '2021-06-22 09:57:35', '2021-06-22 09:57:35', NULL),
(783, 'enoch rutherford dvm', 'raven79@example.com', '$2y$10$TKh8H1.PfQx37YgCzwiKb.KjNyWgaHb9cbcoQgdIVFlYg7B77UdFm', 'VaVVI6Xtf5', '1', NULL, 'false', '2021-06-22 09:57:35', '2021-06-22 09:57:35', NULL),
(784, 'tavares klocko phd', 'jada.lesch@example.com', '$2y$10$TKh8H1.PfQx37YgCzwiKb.KjNyWgaHb9cbcoQgdIVFlYg7B77UdFm', 'FIlaY7J6R2', '0', '9OhfMXlZVPsTtv2d7lvjKASKbdTEVmHHPJEC5A0l', 'false', '2021-06-22 09:57:35', '2021-06-22 09:57:35', NULL),
(785, 'mrs. vilma rohan sr.', 'auer.estevan@example.net', '$2y$10$TKh8H1.PfQx37YgCzwiKb.KjNyWgaHb9cbcoQgdIVFlYg7B77UdFm', 'uXbgP7xs3m', '0', '1Mrw3LPLLn6JzhTSDcS2ZEXUyYjNhpFW0Lz9EZmh', 'true', '2021-06-22 09:57:35', '2021-06-22 09:57:35', NULL),
(786, 'heber baumbach iv', 'sabina16@example.net', '$2y$10$TKh8H1.PfQx37YgCzwiKb.KjNyWgaHb9cbcoQgdIVFlYg7B77UdFm', '7RaEcJTUb2', '0', '4xZbVpRrxVBGR7nfDF928PoykDBSsOpRCB6pGRAi', 'true', '2021-06-22 09:57:35', '2021-06-22 09:57:35', NULL),
(787, 'marshall harber', 'kendra15@example.net', '$2y$10$TKh8H1.PfQx37YgCzwiKb.KjNyWgaHb9cbcoQgdIVFlYg7B77UdFm', 'Enb8Cmt1zK', '0', 'n67QO87NKrkXHbncLbKrqCtNrf4n5xF6BepG5n2o', 'true', '2021-06-22 09:57:35', '2021-06-22 09:57:35', NULL),
(788, 'ms. mckayla kihn iv', 'strosin.ricardo@example.net', '$2y$10$TKh8H1.PfQx37YgCzwiKb.KjNyWgaHb9cbcoQgdIVFlYg7B77UdFm', '8cvxAtajXL', '0', 'd51tVNTHAW1sGeiE86sUHXHPIJLPvTu4fFLxwEaj', 'false', '2021-06-22 09:57:35', '2021-06-22 09:57:35', NULL),
(789, 'antonetta hand', 'hkovacek@example.net', '$2y$10$TKh8H1.PfQx37YgCzwiKb.KjNyWgaHb9cbcoQgdIVFlYg7B77UdFm', 'RJNQ2tqaGe', '1', NULL, 'false', '2021-06-22 09:57:35', '2021-06-22 09:57:35', NULL),
(790, 'vickie watsica', 'omcclure@example.org', '$2y$10$TKh8H1.PfQx37YgCzwiKb.KjNyWgaHb9cbcoQgdIVFlYg7B77UdFm', 'muJBqBPfdq', '1', NULL, 'false', '2021-06-22 09:57:35', '2021-06-22 09:57:35', NULL),
(791, 'harmon boyer dds', 'gretchen.adams@example.net', '$2y$10$TKh8H1.PfQx37YgCzwiKb.KjNyWgaHb9cbcoQgdIVFlYg7B77UdFm', 'cheD425Wi8', '0', 'YO7euf5ePpknUiev2zhLI8ipwbFgBwzpbOnRMgSQ', 'false', '2021-06-22 09:57:35', '2021-06-22 09:57:35', NULL),
(792, 'clementine hessel', 'ksenger@example.com', '$2y$10$TKh8H1.PfQx37YgCzwiKb.KjNyWgaHb9cbcoQgdIVFlYg7B77UdFm', 'D9dxspA69T', '0', 'MBdBGId669v7fVDOfU1xU5YmxMe5vfH8UIr4OMbJ', 'false', '2021-06-22 09:57:35', '2021-06-22 09:57:35', NULL),
(793, 'myrtie swaniawski', 'katrine13@example.net', '$2y$10$TKh8H1.PfQx37YgCzwiKb.KjNyWgaHb9cbcoQgdIVFlYg7B77UdFm', 'HeIVfh62lJ', '0', '0PJMNlClb4BvyWKiQZDYBCQm87uoNbgTepb8y5sK', 'true', '2021-06-22 09:57:35', '2021-06-22 09:57:35', NULL),
(794, 'taurean collins', 'dare.violet@example.com', '$2y$10$TKh8H1.PfQx37YgCzwiKb.KjNyWgaHb9cbcoQgdIVFlYg7B77UdFm', '8nUNmREaSv', '0', '0lyKJmbXyvjN9XnlcjDLpWUjkWDxiezNpNC1RF28', 'false', '2021-06-22 09:57:35', '2021-06-22 09:57:35', NULL),
(795, 'ms. betty nienow i', 'barton.ruthie@example.org', '$2y$10$TKh8H1.PfQx37YgCzwiKb.KjNyWgaHb9cbcoQgdIVFlYg7B77UdFm', 'ROVkTSZdE3', '0', 'U6HWHgREy22GmEEbHmLs1BbdTPfLVZg6IOWmmaNX', 'false', '2021-06-22 09:57:35', '2021-06-22 09:57:35', NULL),
(796, 'prof. willow collins dds', 'zboncak.anastacio@example.net', '$2y$10$TKh8H1.PfQx37YgCzwiKb.KjNyWgaHb9cbcoQgdIVFlYg7B77UdFm', '26bYigW4FM', '0', 'fbK83LCjSlf0X7hF7JH79hoNlOPzCDqh7ofZ0R8f', 'false', '2021-06-22 09:57:35', '2021-06-22 09:57:35', NULL),
(797, 'maryjane wehner', 'abigayle.bradtke@example.org', '$2y$10$TKh8H1.PfQx37YgCzwiKb.KjNyWgaHb9cbcoQgdIVFlYg7B77UdFm', 'mXbVZk2an3', '0', 'UCHSpqLDDQ1JuhgWQDHOmQ2UmNDAP5HL0eQbAZQS', 'true', '2021-06-22 09:57:35', '2021-06-22 09:57:35', NULL),
(798, 'orie langosh sr.', 'agerhold@example.net', '$2y$10$TKh8H1.PfQx37YgCzwiKb.KjNyWgaHb9cbcoQgdIVFlYg7B77UdFm', 'rnE9jUoozH', '0', 'MUz66AA04JOd8na5Bt5L6ZQwFVRUfLmnRoT31o2I', 'true', '2021-06-22 09:57:35', '2021-06-22 09:57:35', NULL),
(799, 'litzy hirthe', 'jalon.torphy@example.com', '$2y$10$TKh8H1.PfQx37YgCzwiKb.KjNyWgaHb9cbcoQgdIVFlYg7B77UdFm', 'kAQMuXDLfX', '0', 'RcHe6vW0vG8HkzXJ8jx6tq75OcVYQyM2VGeldnXi', 'false', '2021-06-22 09:57:35', '2021-06-22 09:57:35', NULL),
(800, 'lyda mccullough md', 'ghessel@example.net', '$2y$10$TKh8H1.PfQx37YgCzwiKb.KjNyWgaHb9cbcoQgdIVFlYg7B77UdFm', '7O8DXolEqx', '1', NULL, 'true', '2021-06-22 09:57:35', '2021-06-22 09:57:35', NULL),
(801, 'ezra kutch', 'forest84@example.org', '$2y$10$TKh8H1.PfQx37YgCzwiKb.KjNyWgaHb9cbcoQgdIVFlYg7B77UdFm', 'XQeE4EVqX3', '1', NULL, 'false', '2021-06-22 09:57:35', '2021-06-22 09:57:35', NULL),
(802, 'amparo wilkinson', 'dickinson.archibald@example.org', '$2y$10$TKh8H1.PfQx37YgCzwiKb.KjNyWgaHb9cbcoQgdIVFlYg7B77UdFm', 'e2zdWJ2WPh', '0', '4KJOLgDxG3n8qusz1unvETkYtcXasP8L5WcruwAN', 'false', '2021-06-22 09:57:35', '2021-06-22 09:57:35', NULL),
(803, 'sid heidenreich', 'tquigley@example.com', '$2y$10$TKh8H1.PfQx37YgCzwiKb.KjNyWgaHb9cbcoQgdIVFlYg7B77UdFm', 'NXHQEMWU5c', '0', 'HDYfuCaeLp70sOdLYkJeAfAKx7Wucm7X3Gv6qEqw', 'true', '2021-06-22 09:57:35', '2021-06-22 09:57:35', NULL),
(804, 'mr. carleton welch jr.', 'orice@example.org', '$2y$10$TKh8H1.PfQx37YgCzwiKb.KjNyWgaHb9cbcoQgdIVFlYg7B77UdFm', '8iV2Xdwxzk', '1', NULL, 'true', '2021-06-22 09:57:35', '2021-06-22 09:57:35', NULL),
(805, 'ludie shanahan', 'hmurray@example.net', '$2y$10$TKh8H1.PfQx37YgCzwiKb.KjNyWgaHb9cbcoQgdIVFlYg7B77UdFm', 'QQlbXcSm4Z', '1', NULL, 'false', '2021-06-22 09:57:35', '2021-06-22 09:57:35', NULL),
(806, 'dasia wilkinson iv', 'dedric.hauck@example.net', '$2y$10$TKh8H1.PfQx37YgCzwiKb.KjNyWgaHb9cbcoQgdIVFlYg7B77UdFm', 'c4eKf81wAi', '1', NULL, 'false', '2021-06-22 09:57:35', '2021-06-22 09:57:35', NULL),
(807, 'raven braun', 'colton02@example.net', '$2y$10$TKh8H1.PfQx37YgCzwiKb.KjNyWgaHb9cbcoQgdIVFlYg7B77UdFm', 'AhlpGVWeP0', '0', 'RZfgICrhOuY1d9ovPW9qEDvrVCgIpm2HqtlF71gc', 'false', '2021-06-22 09:57:35', '2021-06-22 09:57:35', NULL),
(808, 'margret flatley', 'jaylen.sauer@example.net', '$2y$10$TKh8H1.PfQx37YgCzwiKb.KjNyWgaHb9cbcoQgdIVFlYg7B77UdFm', 'DP7v0kh72B', '1', NULL, 'false', '2021-06-22 09:57:35', '2021-06-22 09:57:35', NULL),
(809, 'leon hudson', 'xvonrueden@example.org', '$2y$10$TKh8H1.PfQx37YgCzwiKb.KjNyWgaHb9cbcoQgdIVFlYg7B77UdFm', 'k1XN0l9p27', '1', NULL, 'true', '2021-06-22 09:57:35', '2021-06-22 09:57:35', NULL),
(810, 'vicenta hickle dvm', 'hand.bruce@example.org', '$2y$10$TKh8H1.PfQx37YgCzwiKb.KjNyWgaHb9cbcoQgdIVFlYg7B77UdFm', 'z8CsDpcxjn', '1', NULL, 'true', '2021-06-22 09:57:35', '2021-06-22 09:57:35', NULL),
(811, 'rosella o\'reilly jr.', 'nschoen@example.org', '$2y$10$TKh8H1.PfQx37YgCzwiKb.KjNyWgaHb9cbcoQgdIVFlYg7B77UdFm', 'TJ7imwIQrr', '0', 'M7uqalpw08SySSWgypYwCMJxFMQPpoSqZs1LJ4Eb', 'true', '2021-06-22 09:57:35', '2021-06-22 09:57:35', NULL),
(812, 'cyril auer', 'wanderson@example.org', '$2y$10$TKh8H1.PfQx37YgCzwiKb.KjNyWgaHb9cbcoQgdIVFlYg7B77UdFm', 'PDdSXLyrdZ', '0', 'HkyD5EuevXMGvsKeiGBMFsjr1bOmfQ2nx9NcWx60', 'false', '2021-06-22 09:57:35', '2021-06-22 09:57:35', NULL),
(813, 'ezekiel pollich', 'mya.franecki@example.org', '$2y$10$TKh8H1.PfQx37YgCzwiKb.KjNyWgaHb9cbcoQgdIVFlYg7B77UdFm', 'AQXYKX8tUK', '1', NULL, 'false', '2021-06-22 09:57:35', '2021-06-22 09:57:35', NULL),
(814, 'ross stanton', 'iorn@example.org', '$2y$10$TKh8H1.PfQx37YgCzwiKb.KjNyWgaHb9cbcoQgdIVFlYg7B77UdFm', 'UKuwQHlyoC', '0', 'JZrz8TBCnSU3qyHspWO42eNj36GT0HfE2Huapruh', 'true', '2021-06-22 09:57:35', '2021-06-22 09:57:35', NULL),
(815, 'destin o\'kon i', 'ryleigh67@example.net', '$2y$10$TKh8H1.PfQx37YgCzwiKb.KjNyWgaHb9cbcoQgdIVFlYg7B77UdFm', '7o88RSzXwR', '0', 'y6na2eGXtILsiBm4kGS8IzilNbWv2uN56uAnRdd7', 'false', '2021-06-22 09:57:35', '2021-06-22 09:57:35', NULL),
(816, 'prof. naomi farrell', 'elza57@example.org', '$2y$10$TKh8H1.PfQx37YgCzwiKb.KjNyWgaHb9cbcoQgdIVFlYg7B77UdFm', 'AaasritXoX', '1', NULL, 'false', '2021-06-22 09:57:35', '2021-06-22 09:57:35', NULL),
(817, 'giovanna schuster ii', 'ppouros@example.org', '$2y$10$TKh8H1.PfQx37YgCzwiKb.KjNyWgaHb9cbcoQgdIVFlYg7B77UdFm', 'MCvrgfOpoA', '1', NULL, 'false', '2021-06-22 09:57:35', '2021-06-22 09:57:35', NULL),
(818, 'delphine kiehn', 'cronin.joel@example.com', '$2y$10$TKh8H1.PfQx37YgCzwiKb.KjNyWgaHb9cbcoQgdIVFlYg7B77UdFm', 'KEzpILFUEI', '0', 'VtBFBwwnQA98pOj9VLuFVbTWNacaGNihhYqw47TT', 'true', '2021-06-22 09:57:35', '2021-06-22 09:57:35', NULL),
(819, 'nina jast', 'bauch.holden@example.org', '$2y$10$TKh8H1.PfQx37YgCzwiKb.KjNyWgaHb9cbcoQgdIVFlYg7B77UdFm', '2LpURl1CbQ', '0', 'neizkbdPGd2A6eE1naKreukVvkcwX8Tj5UCbs1EA', 'false', '2021-06-22 09:57:35', '2021-06-22 09:57:35', NULL),
(820, 'camylle rath', 'gus99@example.net', '$2y$10$TKh8H1.PfQx37YgCzwiKb.KjNyWgaHb9cbcoQgdIVFlYg7B77UdFm', 'lYuOOhvzl6', '1', NULL, 'false', '2021-06-22 09:57:35', '2021-06-22 09:57:35', NULL),
(821, 'charlie vandervort', 'ybogan@example.org', '$2y$10$TKh8H1.PfQx37YgCzwiKb.KjNyWgaHb9cbcoQgdIVFlYg7B77UdFm', 'hdTi7BFYKG', '0', 'OL2QlVI9B9es6maf53clxwgOrdwCr7pYB4UhBc1b', 'false', '2021-06-22 09:57:36', '2021-06-22 09:57:36', NULL),
(822, 'liam cole', 'ethan10@example.com', '$2y$10$TKh8H1.PfQx37YgCzwiKb.KjNyWgaHb9cbcoQgdIVFlYg7B77UdFm', 'PCeDcN4Yf8', '1', NULL, 'false', '2021-06-22 09:57:36', '2021-06-22 09:57:36', NULL),
(823, 'rocky windler', 'vtremblay@example.com', '$2y$10$TKh8H1.PfQx37YgCzwiKb.KjNyWgaHb9cbcoQgdIVFlYg7B77UdFm', 'aFmWFCm2NE', '1', NULL, 'true', '2021-06-22 09:57:36', '2021-06-22 09:57:36', NULL),
(824, 'miss jaida bartell', 'runte.kory@example.org', '$2y$10$TKh8H1.PfQx37YgCzwiKb.KjNyWgaHb9cbcoQgdIVFlYg7B77UdFm', 'fb8Vz9Qyc1', '0', 'SqP76Fbx88gQhq5Q8hZISYbtnpC8zTRDlXdQiNvl', 'false', '2021-06-22 09:57:36', '2021-06-22 09:57:36', NULL),
(825, 'stewart farrell', 'waylon.jacobs@example.org', '$2y$10$TKh8H1.PfQx37YgCzwiKb.KjNyWgaHb9cbcoQgdIVFlYg7B77UdFm', 'dB9Zf2imVw', '1', NULL, 'true', '2021-06-22 09:57:36', '2021-06-22 09:57:36', NULL),
(826, 'nadia trantow', 'junius12@example.org', '$2y$10$TKh8H1.PfQx37YgCzwiKb.KjNyWgaHb9cbcoQgdIVFlYg7B77UdFm', 'ofphoSDn0I', '0', 'x4YQVyyUtBQCJVemUtsH5Og1sO6bh5HkGMpSmkSG', 'false', '2021-06-22 09:57:36', '2021-06-22 09:57:36', NULL),
(827, 'eliezer cremin', 'dillon.rippin@example.org', '$2y$10$TKh8H1.PfQx37YgCzwiKb.KjNyWgaHb9cbcoQgdIVFlYg7B77UdFm', 'TPb5ULeaST', '1', NULL, 'false', '2021-06-22 09:57:36', '2021-06-22 09:57:36', NULL),
(828, 'paxton kub v', 'reynolds.alden@example.org', '$2y$10$TKh8H1.PfQx37YgCzwiKb.KjNyWgaHb9cbcoQgdIVFlYg7B77UdFm', 'vKW8Sbjbc0', '0', 'wx2V2R6Tys2DfFi3IOqrAvd7Vgl59JeRZJtJXLhZ', 'true', '2021-06-22 09:57:36', '2021-06-22 09:57:36', NULL),
(829, 'dr. donavon lynch', 'khegmann@example.org', '$2y$10$TKh8H1.PfQx37YgCzwiKb.KjNyWgaHb9cbcoQgdIVFlYg7B77UdFm', 'pU2v0CRTc6', '1', NULL, 'false', '2021-06-22 09:57:36', '2021-06-22 09:57:36', NULL),
(830, 'kristin cremin', 'ernestine02@example.org', '$2y$10$TKh8H1.PfQx37YgCzwiKb.KjNyWgaHb9cbcoQgdIVFlYg7B77UdFm', '6gWgL85jBZ', '0', 'klG2ie8gqb0CVq1bBGdkGov7qBkw7NhJIzTXNZD1', 'true', '2021-06-22 09:57:36', '2021-06-22 09:57:36', NULL),
(831, 'ramon ebert', 'kali53@example.net', '$2y$10$TKh8H1.PfQx37YgCzwiKb.KjNyWgaHb9cbcoQgdIVFlYg7B77UdFm', 'CE1GH9jA5T', '1', NULL, 'true', '2021-06-22 09:57:36', '2021-06-22 09:57:36', NULL),
(832, 'santa murphy', 'fadel.tanya@example.com', '$2y$10$TKh8H1.PfQx37YgCzwiKb.KjNyWgaHb9cbcoQgdIVFlYg7B77UdFm', 'RD7dNSt56z', '0', '1ZlhN61CgsbKo7iUB4EDAuSAy4nPphIQDMDdYgRz', 'true', '2021-06-22 09:57:36', '2021-06-22 09:57:36', NULL),
(833, 'mohammed rogahn', 'reva07@example.com', '$2y$10$TKh8H1.PfQx37YgCzwiKb.KjNyWgaHb9cbcoQgdIVFlYg7B77UdFm', '5hxAyW03es', '1', NULL, 'true', '2021-06-22 09:57:36', '2021-06-22 09:57:36', NULL),
(834, 'mr. ford dare', 'tkutch@example.org', '$2y$10$TKh8H1.PfQx37YgCzwiKb.KjNyWgaHb9cbcoQgdIVFlYg7B77UdFm', 'Blo8AFAQc3', '0', 'y6KA7RqVJTRH0mi8p44sPEFAlLA5DsT8FYc5DGnU', 'true', '2021-06-22 09:57:36', '2021-06-22 09:57:36', NULL),
(835, 'mrs. tanya denesik sr.', 'antonietta.blanda@example.org', '$2y$10$TKh8H1.PfQx37YgCzwiKb.KjNyWgaHb9cbcoQgdIVFlYg7B77UdFm', '28AJhBnyp9', '1', NULL, 'true', '2021-06-22 09:57:36', '2021-06-22 09:57:36', NULL),
(836, 'gaetano kemmer', 'cbins@example.com', '$2y$10$TKh8H1.PfQx37YgCzwiKb.KjNyWgaHb9cbcoQgdIVFlYg7B77UdFm', 'BSpT3DLXf4', '0', 'mAG1K99jXw4vqxIg1ZX7xJOpfbw2QZVhkOt5gt2Y', 'true', '2021-06-22 09:57:36', '2021-06-22 09:57:36', NULL),
(837, 'zoila bins', 'senger.margaret@example.com', '$2y$10$TKh8H1.PfQx37YgCzwiKb.KjNyWgaHb9cbcoQgdIVFlYg7B77UdFm', 'FFcMTeVNdr', '1', NULL, 'false', '2021-06-22 09:57:36', '2021-06-22 09:57:36', NULL),
(838, 'jed schinner', 'pagac.winston@example.org', '$2y$10$TKh8H1.PfQx37YgCzwiKb.KjNyWgaHb9cbcoQgdIVFlYg7B77UdFm', 'LVSFBH5FR2', '0', 'vhdN4NL1gBWlkCJdq2AmozpII9x4icXCfONI2301', 'true', '2021-06-22 09:57:36', '2021-06-22 09:57:36', NULL),
(839, 'florine bartoletti', 'anastasia.jaskolski@example.org', '$2y$10$TKh8H1.PfQx37YgCzwiKb.KjNyWgaHb9cbcoQgdIVFlYg7B77UdFm', 'K3lwIee3Vg', '1', NULL, 'true', '2021-06-22 09:57:36', '2021-06-22 09:57:36', NULL),
(840, 'holly bergstrom dvm', 'napoleon.gusikowski@example.net', '$2y$10$TKh8H1.PfQx37YgCzwiKb.KjNyWgaHb9cbcoQgdIVFlYg7B77UdFm', 'xClCRrwr5r', '1', NULL, 'false', '2021-06-22 09:57:36', '2021-06-22 09:57:36', NULL),
(841, 'tanya jacobi i', 'cordell.carroll@example.com', '$2y$10$TKh8H1.PfQx37YgCzwiKb.KjNyWgaHb9cbcoQgdIVFlYg7B77UdFm', 'AZsvfJOdjD', '1', NULL, 'false', '2021-06-22 09:57:36', '2021-06-22 09:57:36', NULL),
(842, 'gretchen mann', 'nader.xander@example.net', '$2y$10$TKh8H1.PfQx37YgCzwiKb.KjNyWgaHb9cbcoQgdIVFlYg7B77UdFm', 'HTBuiF4p9C', '1', NULL, 'true', '2021-06-22 09:57:36', '2021-06-22 09:57:36', NULL),
(843, 'mr. roberto little', 'cleta94@example.com', '$2y$10$TKh8H1.PfQx37YgCzwiKb.KjNyWgaHb9cbcoQgdIVFlYg7B77UdFm', 'im7ycpDVLW', '1', NULL, 'true', '2021-06-22 09:57:36', '2021-06-22 09:57:36', NULL),
(844, 'alexandro jast', 'oklein@example.net', '$2y$10$TKh8H1.PfQx37YgCzwiKb.KjNyWgaHb9cbcoQgdIVFlYg7B77UdFm', 'PV6fZimPIn', '1', NULL, 'false', '2021-06-22 09:57:36', '2021-06-22 09:57:36', NULL),
(845, 'woodrow halvorson', 'nschuppe@example.net', '$2y$10$TKh8H1.PfQx37YgCzwiKb.KjNyWgaHb9cbcoQgdIVFlYg7B77UdFm', 'lMzH5Haadz', '0', 'uVQ3ji1aOKq17a6TDKfbo4IzJyLQc66U0rt7YuZG', 'true', '2021-06-22 09:57:36', '2021-06-22 09:57:36', NULL),
(846, 'ryley waters', 'bschoen@example.org', '$2y$10$TKh8H1.PfQx37YgCzwiKb.KjNyWgaHb9cbcoQgdIVFlYg7B77UdFm', '3kXOONDcjE', '0', 'nN0CX45fam8xwYjgeLT7PxVOzZwKwjgERQjcuSO4', 'false', '2021-06-22 09:57:36', '2021-06-22 09:57:36', NULL),
(847, 'dr. kellie gleason iv', 'fannie12@example.com', '$2y$10$TKh8H1.PfQx37YgCzwiKb.KjNyWgaHb9cbcoQgdIVFlYg7B77UdFm', 'EbpdrIMUxi', '1', NULL, 'false', '2021-06-22 09:57:36', '2021-06-22 09:57:36', NULL),
(848, 'marquis collier', 'jayden.flatley@example.com', '$2y$10$TKh8H1.PfQx37YgCzwiKb.KjNyWgaHb9cbcoQgdIVFlYg7B77UdFm', 'IYNewEKCmF', '1', NULL, 'false', '2021-06-22 09:57:36', '2021-06-22 09:57:36', NULL),
(849, 'hans rempel', 'flavie.paucek@example.net', '$2y$10$TKh8H1.PfQx37YgCzwiKb.KjNyWgaHb9cbcoQgdIVFlYg7B77UdFm', 'w7r2ybT8SJ', '1', NULL, 'false', '2021-06-22 09:57:36', '2021-06-22 09:57:36', NULL),
(850, 'ahmed morissette', 'giovani52@example.com', '$2y$10$TKh8H1.PfQx37YgCzwiKb.KjNyWgaHb9cbcoQgdIVFlYg7B77UdFm', 'GJ4jvUE7L8', '1', NULL, 'true', '2021-06-22 09:57:36', '2021-06-22 09:57:36', NULL),
(851, 'karolann schumm', 'fschamberger@example.com', '$2y$10$TKh8H1.PfQx37YgCzwiKb.KjNyWgaHb9cbcoQgdIVFlYg7B77UdFm', 'o38qKpaL5M', '0', '96pljn7gjCDa3FMwpq4opjuJ2FtpEISB7It7C8hu', 'true', '2021-06-22 09:57:36', '2021-06-22 09:57:36', NULL),
(852, 'robert russel', 'oberbrunner.marisol@example.com', '$2y$10$TKh8H1.PfQx37YgCzwiKb.KjNyWgaHb9cbcoQgdIVFlYg7B77UdFm', 'PXNzuhtlKj', '1', NULL, 'true', '2021-06-22 09:57:36', '2021-06-22 09:57:36', NULL),
(853, 'prof. norma jaskolski phd', 'fhermiston@example.org', '$2y$10$TKh8H1.PfQx37YgCzwiKb.KjNyWgaHb9cbcoQgdIVFlYg7B77UdFm', 'jlQmmwu2Mj', '0', 'ciklNgJMZhxQsj3q9mu7WrfMO6n1Py0IkdxcWD0j', 'true', '2021-06-22 09:57:36', '2021-06-22 09:57:36', NULL),
(854, 'virgil morissette', 'blair45@example.org', '$2y$10$TKh8H1.PfQx37YgCzwiKb.KjNyWgaHb9cbcoQgdIVFlYg7B77UdFm', 'L9EkhnyCkX', '1', NULL, 'false', '2021-06-22 09:57:36', '2021-06-22 09:57:36', NULL),
(855, 'jace klein ii', 'blanca.jaskolski@example.net', '$2y$10$TKh8H1.PfQx37YgCzwiKb.KjNyWgaHb9cbcoQgdIVFlYg7B77UdFm', 'ysxr2G4gkO', '0', 'cWFUHPufsIiuvI2hzfx1PIU8xBEwsDq7Zfe8UoxU', 'true', '2021-06-22 09:57:36', '2021-06-22 09:57:36', NULL),
(856, 'leonor mueller', 'camila73@example.org', '$2y$10$TKh8H1.PfQx37YgCzwiKb.KjNyWgaHb9cbcoQgdIVFlYg7B77UdFm', 'RF05nekYLL', '1', NULL, 'true', '2021-06-22 09:57:36', '2021-06-22 09:57:36', NULL),
(857, 'estella fritsch', 'aylin45@example.org', '$2y$10$TKh8H1.PfQx37YgCzwiKb.KjNyWgaHb9cbcoQgdIVFlYg7B77UdFm', 'f2zauwIgoa', '0', 'FoeViRHmPz0zXanSFQQ4lVP3bsyOlNdiWcBZgjmp', 'false', '2021-06-22 09:57:36', '2021-06-22 09:57:36', NULL),
(858, 'myah schaefer', 'ccruickshank@example.com', '$2y$10$TKh8H1.PfQx37YgCzwiKb.KjNyWgaHb9cbcoQgdIVFlYg7B77UdFm', 's3R0LEKRQf', '0', 'axTi3YZFQOOnkArPJxrBOZ8Yqv4rUltdzQlTQIYA', 'true', '2021-06-22 09:57:36', '2021-06-22 09:57:36', NULL),
(859, 'prof. loyal hill i', 'grunolfsson@example.net', '$2y$10$TKh8H1.PfQx37YgCzwiKb.KjNyWgaHb9cbcoQgdIVFlYg7B77UdFm', 'CrkWUPVYyw', '1', NULL, 'true', '2021-06-22 09:57:36', '2021-06-22 09:57:36', NULL),
(860, 'prof. saige mckenzie dvm', 'maya.schulist@example.org', '$2y$10$TKh8H1.PfQx37YgCzwiKb.KjNyWgaHb9cbcoQgdIVFlYg7B77UdFm', 'I43B0o9Q3l', '1', NULL, 'false', '2021-06-22 09:57:36', '2021-06-22 09:57:36', NULL),
(861, 'novella russel phd', 'reinger.kiera@example.org', '$2y$10$TKh8H1.PfQx37YgCzwiKb.KjNyWgaHb9cbcoQgdIVFlYg7B77UdFm', 'yM0JngTYBR', '0', 'GDH3nDrckntZdVYKPirlidulby8ljxi5goKa00pC', 'false', '2021-06-22 09:57:36', '2021-06-22 09:57:36', NULL),
(862, 'mckayla hickle', 'madonna.goodwin@example.net', '$2y$10$TKh8H1.PfQx37YgCzwiKb.KjNyWgaHb9cbcoQgdIVFlYg7B77UdFm', 'MXtIkV2elZ', '0', 'xAznsFYBYAt3xrKJEb2HyHoJJxCIkrK6kXuM9jsl', 'true', '2021-06-22 09:57:36', '2021-06-22 09:57:36', NULL),
(863, 'nadia auer', 'dorcas.kuhn@example.org', '$2y$10$TKh8H1.PfQx37YgCzwiKb.KjNyWgaHb9cbcoQgdIVFlYg7B77UdFm', 'srKHrU8nMt', '1', NULL, 'true', '2021-06-22 09:57:36', '2021-06-22 09:57:36', NULL),
(864, 'calista hessel', 'spinka.vince@example.net', '$2y$10$TKh8H1.PfQx37YgCzwiKb.KjNyWgaHb9cbcoQgdIVFlYg7B77UdFm', 'qz8L3lAhUf', '0', 'IiAW6VsDDhJHfyxat2i9vEDjctNnKcJXIhobcELi', 'true', '2021-06-22 09:57:36', '2021-06-22 09:57:36', NULL),
(865, 'mrs. ariane kerluke', 'tillman.wilton@example.org', '$2y$10$TKh8H1.PfQx37YgCzwiKb.KjNyWgaHb9cbcoQgdIVFlYg7B77UdFm', 'l64C8Nwo1S', '1', NULL, 'false', '2021-06-22 09:57:36', '2021-06-22 09:57:36', NULL),
(866, 'desmond steuber', 'collins.carolanne@example.com', '$2y$10$TKh8H1.PfQx37YgCzwiKb.KjNyWgaHb9cbcoQgdIVFlYg7B77UdFm', 'wJyRnmuwLd', '0', 'fh6xemzRwA6aO2oa3aCs4x9WXEqhLGoqDMkdmGi5', 'false', '2021-06-22 09:57:36', '2021-06-22 09:57:36', NULL),
(867, 'miss dayna johnson jr.', 'gust.cole@example.net', '$2y$10$TKh8H1.PfQx37YgCzwiKb.KjNyWgaHb9cbcoQgdIVFlYg7B77UdFm', 'ZayPYoensI', '0', 'GDVON1nHTXtp8mDskBzsvJpumpB7HXvpWTJQ4FiU', 'true', '2021-06-22 09:57:36', '2021-06-22 09:57:36', NULL),
(868, 'dr. watson fritsch dds', 'tania32@example.net', '$2y$10$TKh8H1.PfQx37YgCzwiKb.KjNyWgaHb9cbcoQgdIVFlYg7B77UdFm', 'ZpKfWBTDR0', '0', 'NmdY0X1FFwJ6Jo1SeEjgreYqlZUdlfSMiDNwe4wA', 'true', '2021-06-22 09:57:36', '2021-06-22 09:57:36', NULL),
(869, 'sincere kerluke', 'jtrantow@example.net', '$2y$10$TKh8H1.PfQx37YgCzwiKb.KjNyWgaHb9cbcoQgdIVFlYg7B77UdFm', 'Gq3I3kvYAK', '1', NULL, 'false', '2021-06-22 09:57:36', '2021-06-22 09:57:36', NULL),
(870, 'georgianna labadie', 'bryce.koch@example.org', '$2y$10$TKh8H1.PfQx37YgCzwiKb.KjNyWgaHb9cbcoQgdIVFlYg7B77UdFm', 'RvrLGJUkZj', '1', NULL, 'false', '2021-06-22 09:57:36', '2021-06-22 09:57:36', NULL),
(871, 'mrs. marion welch iii', 'ernser.hayley@example.com', '$2y$10$TKh8H1.PfQx37YgCzwiKb.KjNyWgaHb9cbcoQgdIVFlYg7B77UdFm', '1vTdekYB1U', '1', NULL, 'false', '2021-06-22 09:57:36', '2021-06-22 09:57:36', NULL),
(872, 'daniella mclaughlin', 'jameson01@example.org', '$2y$10$TKh8H1.PfQx37YgCzwiKb.KjNyWgaHb9cbcoQgdIVFlYg7B77UdFm', '3ZXAx8hXpw', '1', NULL, 'true', '2021-06-22 09:57:36', '2021-06-22 09:57:36', NULL),
(873, 'devon jerde', 'dkoelpin@example.com', '$2y$10$TKh8H1.PfQx37YgCzwiKb.KjNyWgaHb9cbcoQgdIVFlYg7B77UdFm', 'pqAlcvBOP9', '0', '6G8kq2Apg2bLdBTxVmVVxR0NZPoAaazsxVj3sOCN', 'false', '2021-06-22 09:57:36', '2021-06-22 09:57:36', NULL),
(874, 'savanna krajcik', 'charlie.rolfson@example.com', '$2y$10$TKh8H1.PfQx37YgCzwiKb.KjNyWgaHb9cbcoQgdIVFlYg7B77UdFm', 'thrcglVxzs', '0', 'Zsu34EnnEvE0BR3qT9YVqWq11vk66FDgDQwcjy5J', 'false', '2021-06-22 09:57:36', '2021-06-22 09:57:36', NULL),
(875, 'carley gutkowski', 'cbahringer@example.net', '$2y$10$TKh8H1.PfQx37YgCzwiKb.KjNyWgaHb9cbcoQgdIVFlYg7B77UdFm', 'gaTfb3kMeA', '0', '2TFeDXRpr2TasscQqNGHY69owHYsFpNWxgsjhgJ3', 'false', '2021-06-22 09:57:36', '2021-06-22 09:57:36', NULL),
(876, 'eunice bruen', 'legros.bo@example.org', '$2y$10$TKh8H1.PfQx37YgCzwiKb.KjNyWgaHb9cbcoQgdIVFlYg7B77UdFm', 'rT853K7f8U', '0', 'Ei4HGiVVzhMeFvZ5NzOOePUIXfNBcdT5rAppQQa1', 'false', '2021-06-22 09:57:36', '2021-06-22 09:57:36', NULL),
(877, 'miss carley mann iii', 'predovic.wava@example.org', '$2y$10$TKh8H1.PfQx37YgCzwiKb.KjNyWgaHb9cbcoQgdIVFlYg7B77UdFm', 'g08MaiyWmi', '0', 'mMbiamckH2BiGQBiFrxptdMWY89NvtkxsvCkrGMC', 'true', '2021-06-22 09:57:36', '2021-06-22 09:57:36', NULL),
(878, 'prof. fay gaylord', 'collins.sigurd@example.net', '$2y$10$TKh8H1.PfQx37YgCzwiKb.KjNyWgaHb9cbcoQgdIVFlYg7B77UdFm', 'DXIRSe83fx', '0', 'V6kIyTpmYFXvtbDlaqspYL1juPhBWAshme3q9LFH', 'true', '2021-06-22 09:57:36', '2021-06-22 09:57:36', NULL),
(879, 'albin reilly', 'feeney.juliet@example.net', '$2y$10$TKh8H1.PfQx37YgCzwiKb.KjNyWgaHb9cbcoQgdIVFlYg7B77UdFm', 'WciZsim717', '0', 'IoPVmGPZZ4t8JOvWO7l8lMGcL0qpiEkamFAiPPJJ', 'false', '2021-06-22 09:57:36', '2021-06-22 09:57:36', NULL),
(880, 'dr. pete swift', 'saul02@example.net', '$2y$10$TKh8H1.PfQx37YgCzwiKb.KjNyWgaHb9cbcoQgdIVFlYg7B77UdFm', 'jySJFkNqGg', '1', NULL, 'true', '2021-06-22 09:57:36', '2021-06-22 09:57:36', NULL),
(881, 'ethel brekke', 'phauck@example.net', '$2y$10$TKh8H1.PfQx37YgCzwiKb.KjNyWgaHb9cbcoQgdIVFlYg7B77UdFm', 'Q8DUAeshFW', '1', NULL, 'false', '2021-06-22 09:57:36', '2021-06-22 09:57:36', NULL),
(882, 'libbie crist', 'orin.toy@example.com', '$2y$10$TKh8H1.PfQx37YgCzwiKb.KjNyWgaHb9cbcoQgdIVFlYg7B77UdFm', 'OBpwJLgGtc', '1', NULL, 'true', '2021-06-22 09:57:36', '2021-06-22 09:57:36', NULL),
(883, 'gideon ritchie ii', 'kitty.connelly@example.net', '$2y$10$TKh8H1.PfQx37YgCzwiKb.KjNyWgaHb9cbcoQgdIVFlYg7B77UdFm', 'mze56uu5rb', '1', NULL, 'true', '2021-06-22 09:57:36', '2021-06-22 09:57:36', NULL),
(884, 'selina bruen', 'aboyle@example.com', '$2y$10$TKh8H1.PfQx37YgCzwiKb.KjNyWgaHb9cbcoQgdIVFlYg7B77UdFm', 'FNpPaHzFXQ', '1', NULL, 'true', '2021-06-22 09:57:36', '2021-06-22 09:57:36', NULL),
(885, 'hillard lehner', 'kunde.rafaela@example.net', '$2y$10$TKh8H1.PfQx37YgCzwiKb.KjNyWgaHb9cbcoQgdIVFlYg7B77UdFm', 'DP4QGwuVaT', '1', NULL, 'true', '2021-06-22 09:57:36', '2021-06-22 09:57:36', NULL),
(886, 'prof. sheridan ortiz phd', 'fmayer@example.com', '$2y$10$TKh8H1.PfQx37YgCzwiKb.KjNyWgaHb9cbcoQgdIVFlYg7B77UdFm', 'cRoKcShs25', '1', NULL, 'false', '2021-06-22 09:57:36', '2021-06-22 09:57:36', NULL),
(887, 'camron williamson', 'abbott.jerel@example.net', '$2y$10$TKh8H1.PfQx37YgCzwiKb.KjNyWgaHb9cbcoQgdIVFlYg7B77UdFm', 'DGEoYcyovu', '0', 'miVy8uG3CA98Qy3ezTxkHnM7CT7CtlFs0iaJTTxo', 'true', '2021-06-22 09:57:36', '2021-06-22 09:57:36', NULL),
(888, 'prof. zena murphy jr.', 'arden.koepp@example.com', '$2y$10$TKh8H1.PfQx37YgCzwiKb.KjNyWgaHb9cbcoQgdIVFlYg7B77UdFm', '1LblVGONIc', '0', 'uxOIgocLgWqlcUKLOvv46TJgoiTXG5ZFD5VCCZN2', 'false', '2021-06-22 09:57:36', '2021-06-22 09:57:36', NULL),
(889, 'marietta wiza', 'raoul.senger@example.org', '$2y$10$TKh8H1.PfQx37YgCzwiKb.KjNyWgaHb9cbcoQgdIVFlYg7B77UdFm', 'jqXRok7nXH', '0', 'SXk8W4yTcIkiPXoHeEL4xd4ZeVbIA7RRYe7MxUky', 'true', '2021-06-22 09:57:36', '2021-06-22 09:57:36', NULL),
(890, 'hector stamm', 'mayra.marquardt@example.net', '$2y$10$TKh8H1.PfQx37YgCzwiKb.KjNyWgaHb9cbcoQgdIVFlYg7B77UdFm', 'BIvpB6EHH9', '0', '0qFG8QUXCpxjGXUwGx7JsfYRzcPwK0KCMSxtmTRy', 'false', '2021-06-22 09:57:36', '2021-06-22 09:57:36', NULL),
(891, 'jarret turner', 'harris.dorris@example.org', '$2y$10$TKh8H1.PfQx37YgCzwiKb.KjNyWgaHb9cbcoQgdIVFlYg7B77UdFm', 'yR4paElyXV', '1', NULL, 'false', '2021-06-22 09:57:36', '2021-06-22 09:57:36', NULL),
(892, 'vicente o\'connell', 'asa72@example.org', '$2y$10$TKh8H1.PfQx37YgCzwiKb.KjNyWgaHb9cbcoQgdIVFlYg7B77UdFm', 'FyWNQ4xGkb', '1', NULL, 'true', '2021-06-22 09:57:36', '2021-06-22 09:57:36', NULL),
(893, 'cassandra bruen md', 'mdeckow@example.org', '$2y$10$TKh8H1.PfQx37YgCzwiKb.KjNyWgaHb9cbcoQgdIVFlYg7B77UdFm', 'BMKJHG5oC0', '1', NULL, 'false', '2021-06-22 09:57:36', '2021-06-22 09:57:36', NULL),
(894, 'justine dach', 'prince36@example.org', '$2y$10$TKh8H1.PfQx37YgCzwiKb.KjNyWgaHb9cbcoQgdIVFlYg7B77UdFm', 'rYRauGEQ8H', '0', 'QfQCk7gx9dxmwJiQgXnsdcRRWRPzBvcRrvOqXvEv', 'false', '2021-06-22 09:57:36', '2021-06-22 09:57:36', NULL),
(895, 'dorothy luettgen', 'cartwright.brady@example.org', '$2y$10$TKh8H1.PfQx37YgCzwiKb.KjNyWgaHb9cbcoQgdIVFlYg7B77UdFm', 'IszPPseo93', '1', NULL, 'false', '2021-06-22 09:57:36', '2021-06-22 09:57:36', NULL),
(896, 'elta daniel', 'koss.jadon@example.net', '$2y$10$TKh8H1.PfQx37YgCzwiKb.KjNyWgaHb9cbcoQgdIVFlYg7B77UdFm', 'uZpkEMgZr5', '1', NULL, 'true', '2021-06-22 09:57:36', '2021-06-22 09:57:36', NULL),
(897, 'cheyanne reynolds ii', 'schoen.zakary@example.com', '$2y$10$TKh8H1.PfQx37YgCzwiKb.KjNyWgaHb9cbcoQgdIVFlYg7B77UdFm', 'H0ASqUixen', '1', NULL, 'false', '2021-06-22 09:57:36', '2021-06-22 09:57:36', NULL),
(898, 'regan kautzer', 'tbarton@example.net', '$2y$10$TKh8H1.PfQx37YgCzwiKb.KjNyWgaHb9cbcoQgdIVFlYg7B77UdFm', 'Z6dlwflTcu', '0', 'w8QDW44NqxZREktZSyJGfbHwKZKeCzokMdg32lMW', 'false', '2021-06-22 09:57:36', '2021-06-22 09:57:36', NULL),
(899, 'tamara leuschke', 'lorenzo.glover@example.com', '$2y$10$TKh8H1.PfQx37YgCzwiKb.KjNyWgaHb9cbcoQgdIVFlYg7B77UdFm', 'TpuFiUbwlO', '0', 'qeimsUJcBtrxcto9Xyq1TSJmY0xPzcxaezh6HHpA', 'false', '2021-06-22 09:57:36', '2021-06-22 09:57:36', NULL),
(900, 'cyrus johnston', 'kreynolds@example.net', '$2y$10$TKh8H1.PfQx37YgCzwiKb.KjNyWgaHb9cbcoQgdIVFlYg7B77UdFm', 'XGisFwAFxb', '0', 'MYu79czS8naiOTZDKvuGRoaL1NZgDubQdMxYYfcm', 'false', '2021-06-22 09:57:36', '2021-06-22 09:57:36', NULL),
(901, 'dr. stacy bergnaum', 'aaliyah20@example.org', '$2y$10$TKh8H1.PfQx37YgCzwiKb.KjNyWgaHb9cbcoQgdIVFlYg7B77UdFm', 'E5F2bHOZGy', '1', NULL, 'true', '2021-06-22 09:57:36', '2021-06-22 09:57:36', NULL),
(902, 'lolita huel', 'westley79@example.com', '$2y$10$TKh8H1.PfQx37YgCzwiKb.KjNyWgaHb9cbcoQgdIVFlYg7B77UdFm', '6RBGcIixAj', '1', NULL, 'true', '2021-06-22 09:57:36', '2021-06-22 09:57:36', NULL),
(903, 'toni harris', 'nels.lebsack@example.com', '$2y$10$TKh8H1.PfQx37YgCzwiKb.KjNyWgaHb9cbcoQgdIVFlYg7B77UdFm', 'dHeLP0TI6S', '0', 'ItgBeQ8sLgG9uhznlCjAi48qZ1HYXLmrdRzpxCri', 'true', '2021-06-22 09:57:36', '2021-06-22 09:57:36', NULL),
(904, 'madisyn bernhard dvm', 'sswaniawski@example.org', '$2y$10$TKh8H1.PfQx37YgCzwiKb.KjNyWgaHb9cbcoQgdIVFlYg7B77UdFm', 'nEC16PPlS8', '0', 'wGIPhKIXilCeA2fEm0Ih91UZ4pOVliI6y0P6tenw', 'true', '2021-06-22 09:57:36', '2021-06-22 09:57:36', NULL),
(905, 'prof. terry rosenbaum', 'drippin@example.org', '$2y$10$TKh8H1.PfQx37YgCzwiKb.KjNyWgaHb9cbcoQgdIVFlYg7B77UdFm', '1GYVum9YS6', '0', 'x9mee2bpw9MF8eVssbfpdjAv7Z0ISH301UyW992e', 'false', '2021-06-22 09:57:36', '2021-06-22 09:57:36', NULL),
(906, 'prof. camylle dooley', 'jasmin55@example.com', '$2y$10$TKh8H1.PfQx37YgCzwiKb.KjNyWgaHb9cbcoQgdIVFlYg7B77UdFm', 'EDSzV7UITM', '0', '2APhTorzEtFJdkNaUMuxDqkin44ESmshlRUE5DFl', 'true', '2021-06-22 09:57:36', '2021-06-22 09:57:36', NULL),
(907, 'bernice donnelly', 'gmurazik@example.com', '$2y$10$TKh8H1.PfQx37YgCzwiKb.KjNyWgaHb9cbcoQgdIVFlYg7B77UdFm', '8oE3ovsmGN', '0', '2KmruQ5BuUVQici3UfslUh6ZdEbOwM0OdL0yqyeT', 'false', '2021-06-22 09:57:36', '2021-06-22 09:57:36', NULL),
(908, 'rhiannon hodkiewicz', 'abagail94@example.org', '$2y$10$TKh8H1.PfQx37YgCzwiKb.KjNyWgaHb9cbcoQgdIVFlYg7B77UdFm', 'npSjtFNfy7', '0', 'xs7vOcxjFsQMhRMg6GfqpXdZh4RkqdiSAw9DM061', 'false', '2021-06-22 09:57:36', '2021-06-22 09:57:36', NULL);
INSERT INTO `users` (`id`, `name`, `email`, `password`, `remember_token`, `verified`, `verification_token`, `admin`, `created_at`, `updated_at`, `deleted_at`) VALUES
(909, 'mr. reginald volkman', 'eschumm@example.org', '$2y$10$TKh8H1.PfQx37YgCzwiKb.KjNyWgaHb9cbcoQgdIVFlYg7B77UdFm', 'wqIlpa0cAA', '1', NULL, 'true', '2021-06-22 09:57:36', '2021-06-22 09:57:36', NULL),
(910, 'beryl hilpert', 'thalia.satterfield@example.net', '$2y$10$TKh8H1.PfQx37YgCzwiKb.KjNyWgaHb9cbcoQgdIVFlYg7B77UdFm', 'TWSrZLv4kA', '0', 'ZAEcwaaT9fXNF7A858pkClhXKPdyocqGxPoWRNvd', 'false', '2021-06-22 09:57:36', '2021-06-22 09:57:36', NULL),
(911, 'dr. solon lakin', 'beer.catherine@example.com', '$2y$10$TKh8H1.PfQx37YgCzwiKb.KjNyWgaHb9cbcoQgdIVFlYg7B77UdFm', 'MWC0uJJ9MQ', '1', NULL, 'false', '2021-06-22 09:57:36', '2021-06-22 09:57:36', NULL),
(912, 'mrs. elouise langworth', 'chet57@example.com', '$2y$10$TKh8H1.PfQx37YgCzwiKb.KjNyWgaHb9cbcoQgdIVFlYg7B77UdFm', 'wTwl2Aa6MB', '0', '2710tYkQDHKOOQ1Lr0dkQZRwWNBirgQ6fJ7wjauj', 'true', '2021-06-22 09:57:36', '2021-06-22 09:57:36', NULL),
(913, 'nico ortiz iv', 'shayna.ruecker@example.net', '$2y$10$TKh8H1.PfQx37YgCzwiKb.KjNyWgaHb9cbcoQgdIVFlYg7B77UdFm', 'oigTS4GQor', '0', '73V8Ma7crNOzwhaSlJKgwfaxywQFmWcIPGquU7QC', 'false', '2021-06-22 09:57:36', '2021-06-22 09:57:36', NULL),
(914, 'mellie lind', 'isac.terry@example.com', '$2y$10$TKh8H1.PfQx37YgCzwiKb.KjNyWgaHb9cbcoQgdIVFlYg7B77UdFm', 'T8GwSszKfG', '0', '6Nb6r81MVURrx1uaXy02H2UinKSOQisEdedsD1EU', 'true', '2021-06-22 09:57:36', '2021-06-22 09:57:36', NULL),
(915, 'wayne borer', 'henry47@example.com', '$2y$10$TKh8H1.PfQx37YgCzwiKb.KjNyWgaHb9cbcoQgdIVFlYg7B77UdFm', 'gG3Ech6PK9', '0', 'DAyCjOwjEbpFBplcmASztbZadTihXXoyHFMfx8yQ', 'true', '2021-06-22 09:57:36', '2021-06-22 09:57:36', NULL),
(916, 'celine hodkiewicz md', 'roberts.marlee@example.org', '$2y$10$TKh8H1.PfQx37YgCzwiKb.KjNyWgaHb9cbcoQgdIVFlYg7B77UdFm', 'NzfXqmsEew', '1', NULL, 'true', '2021-06-22 09:57:36', '2021-06-22 09:57:36', NULL),
(917, 'dr. jerrell buckridge i', 'sipes.kristina@example.com', '$2y$10$TKh8H1.PfQx37YgCzwiKb.KjNyWgaHb9cbcoQgdIVFlYg7B77UdFm', 'AgLI8Y1yJr', '0', 'a7hlkgPHowF993bLig0FhiyGRRQ0QwBuS49gFsk7', 'true', '2021-06-22 09:57:36', '2021-06-22 09:57:36', NULL),
(918, 'prof. uriah krajcik iii', 'kaley14@example.org', '$2y$10$TKh8H1.PfQx37YgCzwiKb.KjNyWgaHb9cbcoQgdIVFlYg7B77UdFm', 'asTghXZA7h', '1', NULL, 'false', '2021-06-22 09:57:36', '2021-06-22 09:57:36', NULL),
(919, 'concepcion powlowski ii', 'murazik.justen@example.net', '$2y$10$TKh8H1.PfQx37YgCzwiKb.KjNyWgaHb9cbcoQgdIVFlYg7B77UdFm', '37RtQAMxep', '1', NULL, 'true', '2021-06-22 09:57:36', '2021-06-22 09:57:36', NULL),
(920, 'constantin nitzsche', 'tomasa.walter@example.org', '$2y$10$TKh8H1.PfQx37YgCzwiKb.KjNyWgaHb9cbcoQgdIVFlYg7B77UdFm', 'e1oNDVySqt', '0', 'OxrJa8netvUS6r8qjfGoupbgPg6HKztoFTxZlodJ', 'false', '2021-06-22 09:57:36', '2021-06-22 09:57:36', NULL),
(921, 'alexis kassulke', 'claudia.grimes@example.net', '$2y$10$TKh8H1.PfQx37YgCzwiKb.KjNyWgaHb9cbcoQgdIVFlYg7B77UdFm', 'I98qNB5OI3', '1', NULL, 'true', '2021-06-22 09:57:36', '2021-06-22 09:57:36', NULL),
(922, 'sam simonis', 'jeremie.bradtke@example.org', '$2y$10$TKh8H1.PfQx37YgCzwiKb.KjNyWgaHb9cbcoQgdIVFlYg7B77UdFm', 'LN5KIMQq2s', '0', 'X8M1W0tNOFbh0RQVR51rCOjuLPkjMFAMxyx5cznk', 'true', '2021-06-22 09:57:36', '2021-06-22 09:57:36', NULL),
(923, 'prof. juanita sauer', 'althea04@example.net', '$2y$10$TKh8H1.PfQx37YgCzwiKb.KjNyWgaHb9cbcoQgdIVFlYg7B77UdFm', 'yxOUkXNWER', '0', 'DQnNua4tYGgKYSc7ZdtTXVk9OoCvNTmQYXAVG05K', 'false', '2021-06-22 09:57:36', '2021-06-22 09:57:36', NULL),
(924, 'johanna mcglynn md', 'kemmer.wilhelmine@example.org', '$2y$10$TKh8H1.PfQx37YgCzwiKb.KjNyWgaHb9cbcoQgdIVFlYg7B77UdFm', 'pAGM4bkcRe', '0', 'UspTypm1f4qiDPVrYASGoaRb0J7A6uwE7lt44IIA', 'true', '2021-06-22 09:57:36', '2021-06-22 09:57:36', NULL),
(925, 'rhianna altenwerth', 'jake40@example.com', '$2y$10$TKh8H1.PfQx37YgCzwiKb.KjNyWgaHb9cbcoQgdIVFlYg7B77UdFm', 'uPuRdZFPZK', '1', NULL, 'true', '2021-06-22 09:57:36', '2021-06-22 09:57:36', NULL),
(926, 'blanche powlowski', 'bogan.ramiro@example.com', '$2y$10$TKh8H1.PfQx37YgCzwiKb.KjNyWgaHb9cbcoQgdIVFlYg7B77UdFm', 'nVE6B5wDSj', '0', 'sAx3x2EcnMUZDhlPsQ467LNfDwobmiiUaCTrqHNf', 'true', '2021-06-22 09:57:36', '2021-06-22 09:57:36', NULL),
(927, 'mrs. marie lueilwitz', 'danielle89@example.net', '$2y$10$TKh8H1.PfQx37YgCzwiKb.KjNyWgaHb9cbcoQgdIVFlYg7B77UdFm', 'jFEJVBdP5N', '1', NULL, 'true', '2021-06-22 09:57:36', '2021-06-22 09:57:36', NULL),
(928, 'prof. wilburn bahringer ii', 'heathcote.stevie@example.com', '$2y$10$TKh8H1.PfQx37YgCzwiKb.KjNyWgaHb9cbcoQgdIVFlYg7B77UdFm', '7deh1QX9p9', '0', 'uOm4ABj2RIJ2cvLe2MKUP2d6O5b60RDHr6pGRS8H', 'false', '2021-06-22 09:57:36', '2021-06-22 09:57:36', NULL),
(929, 'lyla fadel', 'antwon95@example.org', '$2y$10$TKh8H1.PfQx37YgCzwiKb.KjNyWgaHb9cbcoQgdIVFlYg7B77UdFm', 'YJtPL4InjS', '0', 'QI4lU38gV1p09H1SE1AQtrSR2gxbv3WYYBlrvT87', 'false', '2021-06-22 09:57:36', '2021-06-22 09:57:36', NULL),
(930, 'ms. faye russel', 'whudson@example.net', '$2y$10$TKh8H1.PfQx37YgCzwiKb.KjNyWgaHb9cbcoQgdIVFlYg7B77UdFm', 'nKEdz3uuef', '0', 'wl3u1vvazFaF89IAneRmzIkyqrqYZb4Wf99KCkjq', 'true', '2021-06-22 09:57:36', '2021-06-22 09:57:36', NULL),
(931, 'dr. bennie hauck iv', 'batz.malinda@example.com', '$2y$10$TKh8H1.PfQx37YgCzwiKb.KjNyWgaHb9cbcoQgdIVFlYg7B77UdFm', '1NDLpz7y9q', '0', 'A5wdeGP7h7B1Kf86FEuL8JP4jDZAEwXlZY6Xhin0', 'false', '2021-06-22 09:57:36', '2021-06-22 09:57:36', NULL),
(932, 'oswaldo blanda', 'krice@example.org', '$2y$10$TKh8H1.PfQx37YgCzwiKb.KjNyWgaHb9cbcoQgdIVFlYg7B77UdFm', 'VjGyd8KWl2', '0', 'TdRU6XGrd72Y8F3EaBh0mQC3tNY43XPHrLIigF2N', 'false', '2021-06-22 09:57:36', '2021-06-22 09:57:36', NULL),
(933, 'helmer dickens', 'ferry.geo@example.net', '$2y$10$TKh8H1.PfQx37YgCzwiKb.KjNyWgaHb9cbcoQgdIVFlYg7B77UdFm', 'f4JJQf4e5i', '1', NULL, 'true', '2021-06-22 09:57:36', '2021-06-22 09:57:36', NULL),
(934, 'dr. kirk breitenberg', 'wisozk.devan@example.org', '$2y$10$TKh8H1.PfQx37YgCzwiKb.KjNyWgaHb9cbcoQgdIVFlYg7B77UdFm', 'FtO4VBeldY', '1', NULL, 'true', '2021-06-22 09:57:36', '2021-06-22 09:57:36', NULL),
(935, 'ms. ozella mayer ii', 'vpaucek@example.net', '$2y$10$TKh8H1.PfQx37YgCzwiKb.KjNyWgaHb9cbcoQgdIVFlYg7B77UdFm', 'qk3jAlXnna', '1', NULL, 'true', '2021-06-22 09:57:36', '2021-06-22 09:57:36', NULL),
(936, 'kayleigh sporer jr.', 'schmeler.garrick@example.net', '$2y$10$TKh8H1.PfQx37YgCzwiKb.KjNyWgaHb9cbcoQgdIVFlYg7B77UdFm', 'f0pecUkJ0W', '0', 'AqaLFsQDJPfSzuOJc3gbbROZ4u4M3raRZLTEm3Ja', 'true', '2021-06-22 09:57:36', '2021-06-22 09:57:36', NULL),
(937, 'mr. bradly doyle md', 'britney.daugherty@example.net', '$2y$10$TKh8H1.PfQx37YgCzwiKb.KjNyWgaHb9cbcoQgdIVFlYg7B77UdFm', 'iEljWcXJAO', '1', NULL, 'true', '2021-06-22 09:57:36', '2021-06-22 09:57:36', NULL),
(938, 'dr. amely leannon dds', 'name.mcclure@example.com', '$2y$10$TKh8H1.PfQx37YgCzwiKb.KjNyWgaHb9cbcoQgdIVFlYg7B77UdFm', '1bdi8ZbNUl', '0', 'rjbqmhNascfH7Arx6oSSjPM1ktOSjsjNPy3G9AiL', 'false', '2021-06-22 09:57:36', '2021-06-22 09:57:36', NULL),
(939, 'coralie stokes', 'marks.emmanuel@example.com', '$2y$10$TKh8H1.PfQx37YgCzwiKb.KjNyWgaHb9cbcoQgdIVFlYg7B77UdFm', 'ClUrtBMpht', '0', 'FctXRPp01E6z8d8XQXqLbszCrcK6YcV60c0hA1Ac', 'false', '2021-06-22 09:57:36', '2021-06-22 09:57:36', NULL),
(940, 'virgie ledner', 'furman82@example.com', '$2y$10$TKh8H1.PfQx37YgCzwiKb.KjNyWgaHb9cbcoQgdIVFlYg7B77UdFm', 'oaqjJfgDx2', '1', NULL, 'true', '2021-06-22 09:57:36', '2021-06-22 09:57:36', NULL),
(941, 'glenda fritsch', 'edwina.ritchie@example.org', '$2y$10$TKh8H1.PfQx37YgCzwiKb.KjNyWgaHb9cbcoQgdIVFlYg7B77UdFm', 'sdxsb132Mo', '0', 'eEoPvQCM6koKvTODt5ETr7mXPGRP53361IbNGfcX', 'true', '2021-06-22 09:57:36', '2021-06-22 09:57:36', NULL),
(942, 'rashad gulgowski dvm', 'rhuels@example.com', '$2y$10$TKh8H1.PfQx37YgCzwiKb.KjNyWgaHb9cbcoQgdIVFlYg7B77UdFm', 'd2vriXoP0L', '0', 'cMkRWzz9VdgAWSHQoEDi2uImSSbgfQAPy76oIiJE', 'true', '2021-06-22 09:57:36', '2021-06-22 09:57:36', NULL),
(943, 'lauren wehner i', 'stanton.layla@example.org', '$2y$10$TKh8H1.PfQx37YgCzwiKb.KjNyWgaHb9cbcoQgdIVFlYg7B77UdFm', '9IDnisdBHX', '1', NULL, 'false', '2021-06-22 09:57:36', '2021-06-22 09:57:36', NULL),
(944, 'taya lesch', 'marshall80@example.org', '$2y$10$TKh8H1.PfQx37YgCzwiKb.KjNyWgaHb9cbcoQgdIVFlYg7B77UdFm', 'burn0bX2qD', '0', 'xzlTblQ6g3VmGFlCt5VOqRgoLNPEOqsGRvVJ8fVZ', 'false', '2021-06-22 09:57:36', '2021-06-22 09:57:36', NULL),
(945, 'jevon balistreri', 'beatty.ezra@example.net', '$2y$10$TKh8H1.PfQx37YgCzwiKb.KjNyWgaHb9cbcoQgdIVFlYg7B77UdFm', 'NymVfKvvXI', '1', NULL, 'true', '2021-06-22 09:57:36', '2021-06-22 09:57:36', NULL),
(946, 'ernesto borer', 'judy41@example.net', '$2y$10$TKh8H1.PfQx37YgCzwiKb.KjNyWgaHb9cbcoQgdIVFlYg7B77UdFm', 'nHUXPIAOv5', '0', 'iPe38Xw1G5MpGxBLhk6lRP0TdC286D99jjYI0Udw', 'false', '2021-06-22 09:57:36', '2021-06-22 09:57:36', NULL),
(947, 'annie jenkins', 'twalsh@example.org', '$2y$10$TKh8H1.PfQx37YgCzwiKb.KjNyWgaHb9cbcoQgdIVFlYg7B77UdFm', 'QJ870NM76e', '0', 'K8U7ml6U3dSgfmgq8ueoxJ6W88qUgeWH8mDUmHiM', 'true', '2021-06-22 09:57:36', '2021-06-22 09:57:36', NULL),
(948, 'mariela weissnat', 'astehr@example.com', '$2y$10$TKh8H1.PfQx37YgCzwiKb.KjNyWgaHb9cbcoQgdIVFlYg7B77UdFm', '41hcLepsYK', '1', NULL, 'false', '2021-06-22 09:57:36', '2021-06-22 09:57:36', NULL),
(949, 'maximus hettinger', 'river.koepp@example.net', '$2y$10$TKh8H1.PfQx37YgCzwiKb.KjNyWgaHb9cbcoQgdIVFlYg7B77UdFm', 'YZBdeUGxoO', '1', NULL, 'false', '2021-06-22 09:57:36', '2021-06-22 09:57:36', NULL),
(950, 'alice nienow', 'jlangosh@example.com', '$2y$10$TKh8H1.PfQx37YgCzwiKb.KjNyWgaHb9cbcoQgdIVFlYg7B77UdFm', 'QQV4vWF6fC', '1', NULL, 'true', '2021-06-22 09:57:36', '2021-06-22 09:57:36', NULL),
(951, 'kristin hills', 'eleanora23@example.org', '$2y$10$TKh8H1.PfQx37YgCzwiKb.KjNyWgaHb9cbcoQgdIVFlYg7B77UdFm', 'oEytEJQz1n', '1', NULL, 'false', '2021-06-22 09:57:36', '2021-06-22 09:57:36', NULL),
(952, 'hildegard stamm', 'dariana.kiehn@example.org', '$2y$10$TKh8H1.PfQx37YgCzwiKb.KjNyWgaHb9cbcoQgdIVFlYg7B77UdFm', '8MblFmrL2L', '0', 'Pavj66MxF7Dq197ZL8908JL1hs6XYdsDWSCuE8YR', 'false', '2021-06-22 09:57:36', '2021-06-22 09:57:36', NULL),
(953, 'dr. bethany rutherford dvm', 'dare.rachael@example.org', '$2y$10$TKh8H1.PfQx37YgCzwiKb.KjNyWgaHb9cbcoQgdIVFlYg7B77UdFm', 'yuzLtytgdB', '0', 'UGz5o0HQ0R2y0n3g00RoRxTNhXmJVBeJ7JY55JIR', 'true', '2021-06-22 09:57:36', '2021-06-22 09:57:36', NULL),
(954, 'magdalen berge', 'alessandro86@example.com', '$2y$10$TKh8H1.PfQx37YgCzwiKb.KjNyWgaHb9cbcoQgdIVFlYg7B77UdFm', 'NaGvgdmtQn', '1', NULL, 'true', '2021-06-22 09:57:36', '2021-06-22 09:57:36', NULL),
(955, 'prof. buford gusikowski', 'pschulist@example.org', '$2y$10$TKh8H1.PfQx37YgCzwiKb.KjNyWgaHb9cbcoQgdIVFlYg7B77UdFm', 'GwGAmCVd8h', '0', 'M1Qv8MNYMly6Pi87MCDNg3yRIhtUZmE3WUSKvP7A', 'true', '2021-06-22 09:57:36', '2021-06-22 09:57:36', NULL),
(956, 'kira buckridge', 'baumbach.cyrus@example.com', '$2y$10$TKh8H1.PfQx37YgCzwiKb.KjNyWgaHb9cbcoQgdIVFlYg7B77UdFm', 'nxZLXDbulQ', '1', NULL, 'false', '2021-06-22 09:57:36', '2021-06-22 09:57:36', NULL),
(957, 'leda cruickshank', 'kiana.kemmer@example.com', '$2y$10$TKh8H1.PfQx37YgCzwiKb.KjNyWgaHb9cbcoQgdIVFlYg7B77UdFm', 'ILwEPN41Ph', '1', NULL, 'false', '2021-06-22 09:57:36', '2021-06-22 09:57:36', NULL),
(958, 'leann kassulke dds', 'spencer.carissa@example.net', '$2y$10$TKh8H1.PfQx37YgCzwiKb.KjNyWgaHb9cbcoQgdIVFlYg7B77UdFm', '7Oim87dy9C', '1', NULL, 'false', '2021-06-22 09:57:36', '2021-06-22 09:57:36', NULL),
(959, 'prof. brenna littel dds', 'dare.lucy@example.net', '$2y$10$TKh8H1.PfQx37YgCzwiKb.KjNyWgaHb9cbcoQgdIVFlYg7B77UdFm', 'CTNkaB3JCX', '1', NULL, 'false', '2021-06-22 09:57:36', '2021-06-22 09:57:36', NULL),
(960, 'aniya lueilwitz', 'rwiza@example.org', '$2y$10$TKh8H1.PfQx37YgCzwiKb.KjNyWgaHb9cbcoQgdIVFlYg7B77UdFm', 'Og0eDPOYWG', '1', NULL, 'false', '2021-06-22 09:57:36', '2021-06-22 09:57:36', NULL),
(961, 'ms. tessie denesik iii', 'qmills@example.org', '$2y$10$TKh8H1.PfQx37YgCzwiKb.KjNyWgaHb9cbcoQgdIVFlYg7B77UdFm', 'SNNRxM9wni', '1', NULL, 'false', '2021-06-22 09:57:36', '2021-06-22 09:57:36', NULL),
(962, 'cloyd muller', 'bkoepp@example.net', '$2y$10$TKh8H1.PfQx37YgCzwiKb.KjNyWgaHb9cbcoQgdIVFlYg7B77UdFm', 'kWtWNDx3iS', '1', NULL, 'true', '2021-06-22 09:57:36', '2021-06-22 09:57:36', NULL),
(963, 'dr. dina jones', 'hettinger.bryon@example.org', '$2y$10$TKh8H1.PfQx37YgCzwiKb.KjNyWgaHb9cbcoQgdIVFlYg7B77UdFm', 'S4orlNpxzt', '1', NULL, 'true', '2021-06-22 09:57:36', '2021-06-22 09:57:36', NULL),
(964, 'sophie trantow', 'michale23@example.net', '$2y$10$TKh8H1.PfQx37YgCzwiKb.KjNyWgaHb9cbcoQgdIVFlYg7B77UdFm', 'XpLVFsgFAY', '0', 'kCNAIQPydbK2jCpRQ7OMxdDEBAPl78o98HAyNQY0', 'false', '2021-06-22 09:57:36', '2021-06-22 09:57:36', NULL),
(965, 'ms. mable tremblay dds', 'kihn.sonya@example.com', '$2y$10$TKh8H1.PfQx37YgCzwiKb.KjNyWgaHb9cbcoQgdIVFlYg7B77UdFm', 'AOAbALIFB5', '0', '8DvM52r50YFZkxxOe0u6tbeekb7m4mMuDZsOm9G6', 'false', '2021-06-22 09:57:36', '2021-06-22 09:57:36', NULL),
(966, 'casandra klein', 'parisian.damien@example.org', '$2y$10$TKh8H1.PfQx37YgCzwiKb.KjNyWgaHb9cbcoQgdIVFlYg7B77UdFm', 'KhNvIL595l', '0', '4lXhgIHgJha3MiLrsDPh55Zfr7NYRBGzHtXn8IAB', 'false', '2021-06-22 09:57:36', '2021-06-22 09:57:36', NULL),
(967, 'lisandro bayer', 'tracey52@example.org', '$2y$10$TKh8H1.PfQx37YgCzwiKb.KjNyWgaHb9cbcoQgdIVFlYg7B77UdFm', 'xdPyj6RmAJ', '0', 'uu23lJvpu9opnFH9rRfmZ7QRavtA5mik905sEQsI', 'true', '2021-06-22 09:57:36', '2021-06-22 09:57:36', NULL),
(968, 'augusta pacocha', 'lexi.rempel@example.com', '$2y$10$TKh8H1.PfQx37YgCzwiKb.KjNyWgaHb9cbcoQgdIVFlYg7B77UdFm', 'BPlKagE9X0', '1', NULL, 'true', '2021-06-22 09:57:36', '2021-06-22 09:57:36', NULL),
(969, 'brendan pollich', 'gkuvalis@example.net', '$2y$10$TKh8H1.PfQx37YgCzwiKb.KjNyWgaHb9cbcoQgdIVFlYg7B77UdFm', '6kJH0moDud', '0', '35CLYnvCwtBGs43pZM8xqHsCu8R0e1PkUxzWyAlS', 'false', '2021-06-22 09:57:36', '2021-06-22 09:57:36', NULL),
(970, 'prof. gunner ryan', 'rhea19@example.com', '$2y$10$TKh8H1.PfQx37YgCzwiKb.KjNyWgaHb9cbcoQgdIVFlYg7B77UdFm', 'o3GEaEQxdd', '1', NULL, 'true', '2021-06-22 09:57:36', '2021-06-22 09:57:36', NULL),
(971, 'miracle walsh', 'clara46@example.net', '$2y$10$TKh8H1.PfQx37YgCzwiKb.KjNyWgaHb9cbcoQgdIVFlYg7B77UdFm', 'bCOfVXlE97', '1', NULL, 'false', '2021-06-22 09:57:36', '2021-06-22 09:57:36', NULL),
(972, 'karson paucek', 'rosalyn.olson@example.com', '$2y$10$TKh8H1.PfQx37YgCzwiKb.KjNyWgaHb9cbcoQgdIVFlYg7B77UdFm', 'SurTOnLcTv', '1', NULL, 'true', '2021-06-22 09:57:36', '2021-06-22 09:57:36', NULL),
(973, 'gilberto dickinson', 'jacobson.miracle@example.org', '$2y$10$TKh8H1.PfQx37YgCzwiKb.KjNyWgaHb9cbcoQgdIVFlYg7B77UdFm', '1b1UmqsArd', '1', NULL, 'true', '2021-06-22 09:57:36', '2021-06-22 09:57:36', NULL),
(974, 'miss albina larson', 'eorn@example.net', '$2y$10$TKh8H1.PfQx37YgCzwiKb.KjNyWgaHb9cbcoQgdIVFlYg7B77UdFm', '3VxvfZtZfq', '0', 'dmLx3Cshb9Ml3RH85yZfT77AbWLrMASZtVMN1eDl', 'false', '2021-06-22 09:57:36', '2021-06-22 09:57:36', NULL),
(975, 'dr. emiliano cormier', 'clementina03@example.com', '$2y$10$TKh8H1.PfQx37YgCzwiKb.KjNyWgaHb9cbcoQgdIVFlYg7B77UdFm', 'JWVSPghiQG', '0', 'O5PzVOzhNcuNcJHX6KMMzsmsLu5iZ75CSrRy4IGC', 'false', '2021-06-22 09:57:36', '2021-06-22 09:57:36', NULL),
(976, 'alejandrin thiel', 'jswift@example.net', '$2y$10$TKh8H1.PfQx37YgCzwiKb.KjNyWgaHb9cbcoQgdIVFlYg7B77UdFm', 'GB7ZtrcSsb', '0', 'USSMjxoUxkDjTvieoygWDyQmGYDKFtc7LBNn23y0', 'false', '2021-06-22 09:57:36', '2021-06-22 09:57:36', NULL),
(977, 'prof. roma purdy i', 'osipes@example.net', '$2y$10$TKh8H1.PfQx37YgCzwiKb.KjNyWgaHb9cbcoQgdIVFlYg7B77UdFm', 'k2tZTPqluu', '0', 'fsoExgnnYd74zumNcOOCiprbxd2Qk8uS6gAwy3t0', 'true', '2021-06-22 09:57:36', '2021-06-22 09:57:36', NULL),
(978, 'eric fay', 'fae.pacocha@example.net', '$2y$10$TKh8H1.PfQx37YgCzwiKb.KjNyWgaHb9cbcoQgdIVFlYg7B77UdFm', '8REupqbN9D', '1', NULL, 'false', '2021-06-22 09:57:36', '2021-06-22 09:57:36', NULL),
(979, 'craig sanford', 'trantow.ignacio@example.org', '$2y$10$TKh8H1.PfQx37YgCzwiKb.KjNyWgaHb9cbcoQgdIVFlYg7B77UdFm', 'ddkranpEj0', '0', '0hqiQwXbs43xvTI9uu9g5U1B8aBus0v7xO8o8X6O', 'false', '2021-06-22 09:57:36', '2021-06-22 09:57:36', NULL),
(980, 'mrs. kenya nolan', 'kiara.dubuque@example.org', '$2y$10$TKh8H1.PfQx37YgCzwiKb.KjNyWgaHb9cbcoQgdIVFlYg7B77UdFm', 'RKQ18M8EOl', '1', NULL, 'false', '2021-06-22 09:57:37', '2021-06-22 09:57:37', NULL),
(981, 'kaley kunde', 'camila13@example.org', '$2y$10$TKh8H1.PfQx37YgCzwiKb.KjNyWgaHb9cbcoQgdIVFlYg7B77UdFm', 'EREUw2Ehoq', '1', NULL, 'true', '2021-06-22 09:57:37', '2021-06-22 09:57:37', NULL),
(982, 'leatha treutel', 'sipes.kamryn@example.org', '$2y$10$TKh8H1.PfQx37YgCzwiKb.KjNyWgaHb9cbcoQgdIVFlYg7B77UdFm', 'cFSo0ipH1o', '0', 'V1XvNDcrumVaUDrcS8QE832pqt2WhhhRclVIFAHD', 'true', '2021-06-22 09:57:37', '2021-06-22 09:57:37', NULL),
(983, 'maymie rice i', 'fkirlin@example.net', '$2y$10$TKh8H1.PfQx37YgCzwiKb.KjNyWgaHb9cbcoQgdIVFlYg7B77UdFm', 'flZVMap3jQ', '1', NULL, 'true', '2021-06-22 09:57:37', '2021-06-22 09:57:37', NULL),
(984, 'juliet hand', 'christine.grady@example.org', '$2y$10$TKh8H1.PfQx37YgCzwiKb.KjNyWgaHb9cbcoQgdIVFlYg7B77UdFm', 'TmwhxDD2b8', '1', NULL, 'true', '2021-06-22 09:57:37', '2021-06-22 09:57:37', NULL),
(985, 'dr. devon skiles ii', 'dahlia75@example.com', '$2y$10$TKh8H1.PfQx37YgCzwiKb.KjNyWgaHb9cbcoQgdIVFlYg7B77UdFm', 'DS2HwegvCz', '0', 'jHPUwNwmNT0ZQNo7kgceefHw7UIMWFKE6VTbXN6w', 'true', '2021-06-22 09:57:37', '2021-06-22 09:57:37', NULL),
(986, 'neoma jenkins', 'mmccullough@example.net', '$2y$10$TKh8H1.PfQx37YgCzwiKb.KjNyWgaHb9cbcoQgdIVFlYg7B77UdFm', '9APjhmd0ed', '0', 'OWE370GjO16mXwbYrJgYvD7j1s6KwrCECFnbVtaW', 'false', '2021-06-22 09:57:37', '2021-06-22 09:57:37', NULL),
(987, 'dr. elmer hayes sr.', 'rodrick.kuvalis@example.net', '$2y$10$TKh8H1.PfQx37YgCzwiKb.KjNyWgaHb9cbcoQgdIVFlYg7B77UdFm', 'kd3yVvRIbG', '1', NULL, 'false', '2021-06-22 09:57:37', '2021-06-22 09:57:37', NULL),
(988, 'gia kuvalis md', 'xkeeling@example.com', '$2y$10$TKh8H1.PfQx37YgCzwiKb.KjNyWgaHb9cbcoQgdIVFlYg7B77UdFm', 'ozgHd3pmUP', '0', 'q2BMg1L05s4mnBLHLoat0zvkc0TEMYs3Ef3pjpL8', 'true', '2021-06-22 09:57:37', '2021-06-22 09:57:37', NULL),
(989, 'vincenza sawayn iv', 'mbraun@example.net', '$2y$10$TKh8H1.PfQx37YgCzwiKb.KjNyWgaHb9cbcoQgdIVFlYg7B77UdFm', 'f9iLyuem5T', '0', 'aAgee5w6gRekEXF0BK6yTxzd0oEThQc9W3orrXDH', 'true', '2021-06-22 09:57:37', '2021-06-22 09:57:37', NULL),
(990, 'lawson bartoletti', 'ugulgowski@example.org', '$2y$10$TKh8H1.PfQx37YgCzwiKb.KjNyWgaHb9cbcoQgdIVFlYg7B77UdFm', 'W68ZViWUE2', '1', NULL, 'true', '2021-06-22 09:57:37', '2021-06-22 09:57:37', NULL),
(991, 'calista swift', 'watsica.erling@example.com', '$2y$10$TKh8H1.PfQx37YgCzwiKb.KjNyWgaHb9cbcoQgdIVFlYg7B77UdFm', 'zdkSK2OIiE', '1', NULL, 'false', '2021-06-22 09:57:37', '2021-06-22 09:57:37', NULL),
(992, 'calista nienow', 'phyllis.gorczany@example.net', '$2y$10$TKh8H1.PfQx37YgCzwiKb.KjNyWgaHb9cbcoQgdIVFlYg7B77UdFm', 'bIDXHVi8FR', '1', NULL, 'false', '2021-06-22 09:57:37', '2021-06-22 09:57:37', NULL),
(993, 'eileen lind', 'rosenbaum.gwen@example.com', '$2y$10$TKh8H1.PfQx37YgCzwiKb.KjNyWgaHb9cbcoQgdIVFlYg7B77UdFm', 'Fe4X3ZgtIX', '1', NULL, 'false', '2021-06-22 09:57:37', '2021-06-22 09:57:37', NULL),
(994, 'dr. jermey torphy', 'igislason@example.net', '$2y$10$TKh8H1.PfQx37YgCzwiKb.KjNyWgaHb9cbcoQgdIVFlYg7B77UdFm', 'bXKMkuH7ei', '1', NULL, 'true', '2021-06-22 09:57:37', '2021-06-22 09:57:37', NULL),
(995, 'prof. marshall jenkins phd', 'marvin.rosenbaum@example.org', '$2y$10$TKh8H1.PfQx37YgCzwiKb.KjNyWgaHb9cbcoQgdIVFlYg7B77UdFm', '05T12SXUYQ', '0', 'TECU34XR0YDVY3cxS9zAhIJn4aYUuOC8SBkUmQHP', 'false', '2021-06-22 09:57:37', '2021-06-22 09:57:37', NULL),
(996, 'viola schulist', 'jhaag@example.net', '$2y$10$TKh8H1.PfQx37YgCzwiKb.KjNyWgaHb9cbcoQgdIVFlYg7B77UdFm', 's26TZPPsgt', '0', 'HPcussRg3qVqYRec1jDGYvgWN3YqPeZooLpiMsvI', 'true', '2021-06-22 09:57:37', '2021-06-22 09:57:37', NULL),
(997, 'mattie grimes', 'boehm.brennon@example.net', '$2y$10$TKh8H1.PfQx37YgCzwiKb.KjNyWgaHb9cbcoQgdIVFlYg7B77UdFm', 'aZHqcU1j3n', '1', NULL, 'false', '2021-06-22 09:57:37', '2021-06-22 09:57:37', NULL),
(998, 'dr. kamille walsh iii', 'rylan18@example.com', '$2y$10$TKh8H1.PfQx37YgCzwiKb.KjNyWgaHb9cbcoQgdIVFlYg7B77UdFm', '8xpacg7s8O', '0', '3papNWlxKFVurBiwqhZo4ZUWjJQ5quoenqmz4oBM', 'true', '2021-06-22 09:57:37', '2021-06-22 09:57:37', NULL),
(999, 'godfrey rau dds', 'adams.kelsi@example.org', '$2y$10$TKh8H1.PfQx37YgCzwiKb.KjNyWgaHb9cbcoQgdIVFlYg7B77UdFm', 'xEdwrQMeWH', '0', 'KX29XlEm5KxH0uQuuUmfGM8Og7MBUwdFzlCGFXBq', 'false', '2021-06-22 09:57:37', '2021-06-22 09:57:37', NULL),
(1000, 'ms. candida auer phd', 'ghamill@example.net', '$2y$10$TKh8H1.PfQx37YgCzwiKb.KjNyWgaHb9cbcoQgdIVFlYg7B77UdFm', 'o8ut4pjvAH', '1', NULL, 'true', '2021-06-22 09:57:37', '2021-06-22 09:57:37', NULL),
(1001, 'test12', 'lekhad199@gmail.com', '$2y$10$/AYCSg8LkUIMmyMOW2UbOe/5pMk.3l2H5nsz3p/J5Ed7gUdme7wDy', NULL, '1', NULL, 'false', '2021-06-22 10:00:08', '2021-06-22 10:00:33', NULL),
(1002, 'adeleke', 'something@test.com', '$2y$10$yWk7bVPt3VQc2Jv9Rd4A2OJrKxtsrewqgAEdGSgg3x3NjnjO0.qI2', NULL, '1', NULL, 'false', '2021-06-22 11:32:53', '2021-06-22 11:33:31', NULL),
(1003, 'adeleke', 'somethings@test.com', '$2y$10$f20a8odAkjAp7zzqMhnQHOIjf2EKFgXPlN7DSyo7PyzV1Gox57v1y', NULL, '0', 'ovvANs8PCCxg7TzCbpnqzFXhw8ojnJxunH9YSgOO', 'false', '2021-06-22 11:44:16', '2021-06-22 11:44:16', NULL),
(1004, 'adeleke', 'somethingss@test.com', '$2y$10$T/KAG046xHCI5E6aBG8.9.DEdFX9gGGyUH1gn4Q4gbYUNUYj5XIUO', NULL, '0', 'M9qaO8c2vHWIyRhtb6bKsZqoOrgHtdkZ6QoaeqmB', 'false', '2021-06-22 11:45:52', '2021-06-22 11:45:52', NULL);

--
-- Indexes for dumped tables
--

--
-- Indexes for table `categories`
--
ALTER TABLE `categories`
  ADD PRIMARY KEY (`id`);

--
-- Indexes for table `category_product`
--
ALTER TABLE `category_product`
  ADD KEY `category_product_category_id_foreign` (`category_id`),
  ADD KEY `category_product_product_id_foreign` (`product_id`);

--
-- Indexes for table `migrations`
--
ALTER TABLE `migrations`
  ADD PRIMARY KEY (`id`);

--
-- Indexes for table `oauth_access_tokens`
--
ALTER TABLE `oauth_access_tokens`
  ADD PRIMARY KEY (`id`),
  ADD KEY `oauth_access_tokens_user_id_index` (`user_id`);

--
-- Indexes for table `oauth_auth_codes`
--
ALTER TABLE `oauth_auth_codes`
  ADD PRIMARY KEY (`id`);

--
-- Indexes for table `oauth_clients`
--
ALTER TABLE `oauth_clients`
  ADD PRIMARY KEY (`id`),
  ADD KEY `oauth_clients_user_id_index` (`user_id`);

--
-- Indexes for table `oauth_personal_access_clients`
--
ALTER TABLE `oauth_personal_access_clients`
  ADD PRIMARY KEY (`id`),
  ADD KEY `oauth_personal_access_clients_client_id_index` (`client_id`);

--
-- Indexes for table `oauth_refresh_tokens`
--
ALTER TABLE `oauth_refresh_tokens`
  ADD PRIMARY KEY (`id`),
  ADD KEY `oauth_refresh_tokens_access_token_id_index` (`access_token_id`);

--
-- Indexes for table `password_resets`
--
ALTER TABLE `password_resets`
  ADD KEY `password_resets_email_index` (`email`);

--
-- Indexes for table `products`
--
ALTER TABLE `products`
  ADD PRIMARY KEY (`id`),
  ADD KEY `products_seller_id_foreign` (`seller_id`);

--
-- Indexes for table `transactions`
--
ALTER TABLE `transactions`
  ADD PRIMARY KEY (`id`),
  ADD KEY `transactions_buyer_id_foreign` (`buyer_id`),
  ADD KEY `transactions_product_id_foreign` (`product_id`);

--
-- Indexes for table `users`
--
ALTER TABLE `users`
  ADD PRIMARY KEY (`id`),
  ADD UNIQUE KEY `users_email_unique` (`email`);

--
-- AUTO_INCREMENT for dumped tables
--

--
-- AUTO_INCREMENT for table `categories`
--
ALTER TABLE `categories`
  MODIFY `id` int(10) UNSIGNED NOT NULL AUTO_INCREMENT, AUTO_INCREMENT=31;

--
-- AUTO_INCREMENT for table `migrations`
--
ALTER TABLE `migrations`
  MODIFY `id` int(10) UNSIGNED NOT NULL AUTO_INCREMENT, AUTO_INCREMENT=99;

--
-- AUTO_INCREMENT for table `oauth_clients`
--
ALTER TABLE `oauth_clients`
  MODIFY `id` int(10) UNSIGNED NOT NULL AUTO_INCREMENT;

--
-- AUTO_INCREMENT for table `oauth_personal_access_clients`
--
ALTER TABLE `oauth_personal_access_clients`
  MODIFY `id` int(10) UNSIGNED NOT NULL AUTO_INCREMENT;

--
-- AUTO_INCREMENT for table `products`
--
ALTER TABLE `products`
  MODIFY `id` int(10) UNSIGNED NOT NULL AUTO_INCREMENT, AUTO_INCREMENT=1001;

--
-- AUTO_INCREMENT for table `transactions`
--
ALTER TABLE `transactions`
  MODIFY `id` int(10) UNSIGNED NOT NULL AUTO_INCREMENT, AUTO_INCREMENT=1001;

--
-- AUTO_INCREMENT for table `users`
--
ALTER TABLE `users`
  MODIFY `id` int(10) UNSIGNED NOT NULL AUTO_INCREMENT, AUTO_INCREMENT=1005;

--
-- Constraints for dumped tables
--

--
-- Constraints for table `category_product`
--
ALTER TABLE `category_product`
  ADD CONSTRAINT `category_product_category_id_foreign` FOREIGN KEY (`category_id`) REFERENCES `categories` (`id`),
  ADD CONSTRAINT `category_product_product_id_foreign` FOREIGN KEY (`product_id`) REFERENCES `products` (`id`);

--
-- Constraints for table `products`
--
ALTER TABLE `products`
  ADD CONSTRAINT `products_seller_id_foreign` FOREIGN KEY (`seller_id`) REFERENCES `users` (`id`);

--
-- Constraints for table `transactions`
--
ALTER TABLE `transactions`
  ADD CONSTRAINT `transactions_buyer_id_foreign` FOREIGN KEY (`buyer_id`) REFERENCES `users` (`id`),
  ADD CONSTRAINT `transactions_product_id_foreign` FOREIGN KEY (`product_id`) REFERENCES `products` (`id`);
COMMIT;

/*!40101 SET CHARACTER_SET_CLIENT=@OLD_CHARACTER_SET_CLIENT */;
/*!40101 SET CHARACTER_SET_RESULTS=@OLD_CHARACTER_SET_RESULTS */;
/*!40101 SET COLLATION_CONNECTION=@OLD_COLLATION_CONNECTION */;
