-- phpMyAdmin SQL Dump
-- version 5.0.3
-- https://www.phpmyadmin.net/
--
-- Host: 127.0.0.1
-- Generation Time: Jun 15, 2021 at 07:12 PM
-- Server version: 10.4.14-MariaDB
-- PHP Version: 7.4.11

SET SQL_MODE = "NO_AUTO_VALUE_ON_ZERO";
START TRANSACTION;
SET time_zone = "+00:00";


/*!40101 SET @OLD_CHARACTER_SET_CLIENT=@@CHARACTER_SET_CLIENT */;
/*!40101 SET @OLD_CHARACTER_SET_RESULTS=@@CHARACTER_SET_RESULTS */;
/*!40101 SET @OLD_COLLATION_CONNECTION=@@COLLATION_CONNECTION */;
/*!40101 SET NAMES utf8mb4 */;

--
-- Database: `erestapi`
--

-- --------------------------------------------------------

--
-- Table structure for table `categories`
--

CREATE TABLE `categories` (
  `id` int(10) UNSIGNED NOT NULL,
  `name` varchar(191) COLLATE utf8mb4_unicode_ci NOT NULL,
  `description` varchar(1000) COLLATE utf8mb4_unicode_ci NOT NULL,
  `created_at` timestamp NULL DEFAULT NULL,
  `updated_at` timestamp NULL DEFAULT NULL,
  `deleted_at` timestamp NULL DEFAULT NULL
) ENGINE=InnoDB DEFAULT CHARSET=utf8mb4 COLLATE=utf8mb4_unicode_ci;

--
-- Dumping data for table `categories`
--

INSERT INTO `categories` (`id`, `name`, `description`, `created_at`, `updated_at`, `deleted_at`) VALUES
(1, 'new name', 'new desc', '2021-06-12 20:34:30', '2021-06-12 21:16:50', '2021-06-12 21:16:50'),
(2, 'new name', 'new desc', '2021-06-12 20:34:30', '2021-06-14 05:20:23', '2021-06-14 05:20:23'),
(3, 'voluptas', 'Odit magni corporis fuga voluptates fugiat omnis. Nam doloremque mollitia similique aut laborum.', '2021-06-12 20:34:30', '2021-06-12 20:34:30', NULL),
(4, 'eum', 'Non aliquid natus eaque optio odit non. In et eos unde earum cum.', '2021-06-12 20:34:30', '2021-06-12 20:34:30', NULL),
(5, 'non', 'Rem sit ad id reprehenderit. Est corporis unde soluta est consectetur.', '2021-06-12 20:34:30', '2021-06-12 20:34:30', NULL),
(6, 'vero', 'Fugiat molestiae iste tempora voluptas perspiciatis. Exercitationem deleniti fugiat ut praesentium eos nam.', '2021-06-12 20:34:30', '2021-06-12 20:34:30', NULL),
(7, 'facilis', 'Sit accusantium est sit quia quaerat ut. Architecto ut amet perspiciatis quis.', '2021-06-12 20:34:30', '2021-06-12 20:34:30', NULL),
(8, 'occaecati', 'Placeat pariatur laudantium maiores sequi laboriosam.', '2021-06-12 20:34:30', '2021-06-12 20:34:30', NULL),
(9, 'magni', 'Quia cum qui dolore harum. Debitis totam voluptatibus et minus.', '2021-06-12 20:34:30', '2021-06-12 20:34:30', NULL),
(10, 'cum', 'Ducimus nisi corporis odio cum. Expedita et voluptatibus vel voluptatem qui quam esse.', '2021-06-12 20:34:30', '2021-06-14 04:50:38', '2021-06-14 04:50:38'),
(11, 'impedit', 'Porro qui quae dolor assumenda ea. Et culpa dolor rerum.', '2021-06-12 20:34:30', '2021-06-12 20:34:30', NULL),
(12, 'eos', 'Et odio omnis repudiandae corporis.', '2021-06-12 20:34:30', '2021-06-12 20:34:30', NULL),
(13, 'vero', 'Maxime nihil beatae quidem beatae quasi.', '2021-06-12 20:34:30', '2021-06-12 20:34:30', NULL),
(14, 'fuga', 'Nobis dolorem voluptatibus cumque.', '2021-06-12 20:34:30', '2021-06-12 20:34:30', NULL),
(15, 'fuga', 'Eveniet sed autem blanditiis voluptas eum sint. Voluptatem ex dolor ratione.', '2021-06-12 20:34:30', '2021-06-12 20:34:30', NULL),
(16, 'veniam', 'Quia quam aut eius soluta ratione. Repellat voluptatum hic earum.', '2021-06-12 20:34:30', '2021-06-12 20:34:30', NULL),
(17, 'fuga', 'Enim nam corrupti facilis ducimus at. Omnis sequi eum laboriosam nobis nemo quam quos.', '2021-06-12 20:34:30', '2021-06-12 20:34:30', NULL),
(18, 'fugiat', 'Cumque totam sit numquam.', '2021-06-12 20:34:30', '2021-06-12 20:34:30', NULL),
(19, 'est', 'Explicabo delectus quis earum vel non qui sunt.', '2021-06-12 20:34:30', '2021-06-12 20:34:30', NULL),
(20, 'autem', 'Aperiam similique omnis earum sapiente. Et est fuga cumque consequatur est autem.', '2021-06-12 20:34:30', '2021-06-12 20:34:30', NULL),
(21, 'facilis', 'Dolore aut iure id et doloremque molestiae.', '2021-06-12 20:34:30', '2021-06-12 20:34:30', NULL),
(22, 'laboriosam', 'Dolor et qui voluptatum non quasi voluptatem nulla hic. Eos blanditiis ut modi praesentium ullam dolor alias voluptate.', '2021-06-12 20:34:30', '2021-06-12 20:34:30', NULL),
(23, 'aut', 'Fugit cumque sed ea expedita rerum.', '2021-06-12 20:34:30', '2021-06-12 20:34:30', NULL),
(24, 'dolores', 'Qui pariatur sit placeat ut qui et. Voluptatem repudiandae quis blanditiis libero illum.', '2021-06-12 20:34:30', '2021-06-12 20:34:30', NULL),
(25, 'et', 'Explicabo illo ad soluta adipisci iure qui praesentium.', '2021-06-12 20:34:30', '2021-06-12 20:34:30', NULL),
(26, 'magnam', 'Corporis et et modi voluptates rerum modi.', '2021-06-12 20:34:30', '2021-06-12 20:34:30', NULL),
(27, 'non', 'Dolorum eaque hic consequatur mollitia sit ut. Hic quis nobis sed consequatur.', '2021-06-12 20:34:30', '2021-06-12 20:34:30', NULL),
(28, 'aliquid', 'Et facilis ex dolorum voluptas cumque laudantium provident.', '2021-06-12 20:34:30', '2021-06-12 20:34:30', NULL),
(29, 'occaecati', 'Dolor nemo voluptatem a id.', '2021-06-12 20:34:30', '2021-06-12 20:34:30', NULL),
(30, 'et', 'Vero repellendus error rerum iusto repellat saepe non et. Explicabo reprehenderit fugiat harum provident.', '2021-06-12 20:34:30', '2021-06-12 20:34:30', NULL),
(31, 'test', 'test', '2021-06-12 21:00:32', '2021-06-12 21:00:32', NULL);

-- --------------------------------------------------------

--
-- Table structure for table `category_product`
--

CREATE TABLE `category_product` (
  `category_id` int(10) UNSIGNED NOT NULL,
  `product_id` int(10) UNSIGNED NOT NULL
) ENGINE=InnoDB DEFAULT CHARSET=utf8mb4 COLLATE=utf8mb4_unicode_ci;

--
-- Dumping data for table `category_product`
--

INSERT INTO `category_product` (`category_id`, `product_id`) VALUES
(18, 1),
(18, 2),
(19, 3),
(30, 3),
(5, 4),
(16, 4),
(24, 5),
(15, 6),
(30, 6),
(6, 7),
(8, 7),
(21, 7),
(27, 7),
(2, 8),
(5, 8),
(9, 8),
(10, 8),
(30, 8),
(16, 9),
(18, 9),
(19, 9),
(23, 9),
(30, 9),
(9, 10),
(12, 10),
(13, 10),
(15, 10),
(26, 11),
(10, 12),
(23, 12),
(25, 12),
(26, 13),
(14, 14),
(20, 14),
(12, 15),
(16, 15),
(1, 16),
(8, 16),
(13, 16),
(18, 16),
(25, 16),
(16, 17),
(10, 18),
(12, 18),
(18, 18),
(19, 18),
(30, 18),
(5, 19),
(10, 19),
(25, 19),
(30, 19),
(1, 20),
(23, 20),
(21, 21),
(2, 22),
(16, 22),
(30, 22),
(5, 23),
(6, 23),
(20, 23),
(2, 24),
(8, 24),
(9, 24),
(15, 24),
(20, 24),
(6, 25),
(9, 25),
(11, 25),
(18, 25),
(3, 26),
(4, 26),
(11, 26),
(1, 27),
(7, 27),
(8, 27),
(29, 27),
(4, 28),
(8, 28),
(11, 28),
(21, 28),
(6, 29),
(12, 29),
(24, 29),
(28, 29),
(24, 30),
(2, 31),
(19, 31),
(8, 32),
(13, 32),
(22, 32),
(27, 32),
(5, 33),
(19, 33),
(2, 34),
(9, 34),
(17, 34),
(3, 35),
(5, 35),
(7, 35),
(19, 35),
(28, 35),
(21, 36),
(29, 36),
(23, 37),
(2, 38),
(27, 38),
(29, 38),
(12, 39),
(25, 39),
(26, 39),
(12, 40),
(13, 40),
(9, 41),
(12, 41),
(18, 41),
(27, 41),
(19, 42),
(20, 43),
(21, 43),
(2, 44),
(6, 44),
(9, 44),
(26, 44),
(27, 44),
(7, 45),
(11, 45),
(25, 45),
(8, 46),
(16, 46),
(28, 46),
(30, 47),
(1, 48),
(13, 48),
(24, 48),
(30, 48),
(1, 49),
(7, 49),
(2, 50),
(20, 50),
(24, 50),
(12, 51),
(13, 51),
(24, 51),
(9, 52),
(24, 52),
(12, 53),
(25, 53),
(2, 54),
(8, 54),
(10, 55),
(15, 55),
(19, 55),
(12, 56),
(16, 56),
(19, 56),
(20, 56),
(25, 56),
(6, 57),
(21, 58),
(9, 59),
(10, 59),
(11, 59),
(19, 59),
(4, 60),
(7, 60),
(16, 60),
(6, 61),
(2, 62),
(20, 62),
(26, 62),
(30, 63),
(6, 64),
(7, 64),
(11, 64),
(18, 64),
(4, 65),
(8, 65),
(12, 65),
(20, 65),
(21, 65),
(18, 66),
(18, 67),
(3, 68),
(9, 68),
(10, 68),
(19, 68),
(27, 68),
(7, 69),
(16, 69),
(22, 69),
(26, 69),
(28, 69),
(2, 70),
(19, 70),
(25, 70),
(29, 70),
(10, 71),
(13, 71),
(20, 71),
(22, 71),
(4, 72),
(12, 72),
(14, 72),
(17, 72),
(25, 72),
(3, 73),
(5, 73),
(17, 73),
(16, 74),
(21, 74),
(23, 74),
(24, 74),
(17, 75),
(21, 76),
(8, 77),
(10, 77),
(12, 77),
(14, 77),
(16, 77),
(11, 78),
(21, 78),
(22, 78),
(27, 78),
(6, 79),
(19, 79),
(27, 80),
(3, 81),
(8, 81),
(5, 82),
(13, 82),
(19, 82),
(17, 83),
(19, 83),
(20, 83),
(21, 83),
(30, 83),
(3, 84),
(12, 85),
(13, 85),
(7, 86),
(24, 86),
(30, 86),
(8, 87),
(11, 87),
(22, 87),
(4, 88),
(5, 88),
(12, 88),
(16, 88),
(25, 88),
(7, 89),
(14, 89),
(18, 89),
(19, 89),
(25, 89),
(8, 90),
(9, 90),
(22, 90),
(5, 91),
(13, 91),
(28, 91),
(10, 92),
(27, 92),
(1, 93),
(30, 93),
(6, 94),
(7, 94),
(10, 95),
(15, 95),
(25, 95),
(17, 96),
(27, 96),
(1, 97),
(21, 97),
(25, 97),
(2, 98),
(9, 98),
(25, 98),
(28, 98),
(11, 99),
(13, 99),
(21, 99),
(22, 99),
(26, 99),
(3, 100),
(23, 100),
(27, 100),
(30, 100),
(25, 101),
(15, 102),
(1, 103),
(19, 103),
(22, 103),
(2, 104),
(4, 104),
(15, 104),
(22, 104),
(26, 104),
(8, 105),
(1, 106),
(3, 106),
(5, 106),
(15, 106),
(1, 107),
(2, 107),
(10, 107),
(12, 107),
(26, 107),
(16, 108),
(13, 109),
(17, 109),
(18, 109),
(22, 109),
(30, 109),
(3, 110),
(14, 110),
(18, 110),
(26, 110),
(2, 111),
(15, 111),
(21, 111),
(25, 111),
(26, 111),
(12, 112),
(3, 113),
(5, 113),
(8, 113),
(25, 113),
(8, 114),
(12, 114),
(15, 114),
(25, 114),
(29, 114),
(12, 115),
(16, 115),
(3, 116),
(12, 116),
(20, 116),
(4, 117),
(19, 117),
(23, 117),
(30, 117),
(5, 118),
(9, 118),
(17, 118),
(23, 118),
(6, 119),
(24, 119),
(5, 120),
(22, 120),
(23, 120),
(25, 120),
(26, 120),
(14, 121),
(2, 122),
(4, 122),
(7, 122),
(18, 122),
(24, 122),
(17, 123),
(18, 123),
(3, 124),
(7, 124),
(10, 124),
(15, 124),
(23, 125),
(1, 126),
(8, 126),
(11, 126),
(14, 126),
(5, 127),
(10, 127),
(11, 127),
(21, 127),
(11, 128),
(15, 128),
(16, 128),
(19, 128),
(22, 128),
(15, 129),
(19, 129),
(23, 129),
(26, 129),
(3, 130),
(23, 130),
(8, 131),
(11, 131),
(27, 131),
(23, 132),
(26, 132),
(27, 132),
(29, 132),
(12, 133),
(17, 133),
(24, 133),
(26, 133),
(7, 134),
(8, 134),
(16, 134),
(19, 134),
(30, 134),
(4, 135),
(17, 135),
(23, 135),
(7, 136),
(13, 136),
(15, 136),
(27, 137),
(30, 138),
(26, 139),
(27, 139),
(29, 139),
(20, 140),
(18, 141),
(2, 142),
(5, 142),
(26, 142),
(28, 142),
(12, 143),
(25, 143),
(30, 143),
(2, 144),
(13, 145),
(23, 145),
(5, 146),
(7, 146),
(23, 146),
(25, 146),
(28, 146),
(1, 147),
(23, 147),
(29, 147),
(30, 147),
(7, 148),
(18, 148),
(19, 148),
(20, 148),
(22, 148),
(4, 149),
(7, 149),
(16, 149),
(6, 150),
(30, 150),
(1, 151),
(8, 151),
(23, 151),
(7, 152),
(9, 152),
(10, 152),
(17, 152),
(24, 152),
(25, 153),
(24, 154),
(26, 154),
(6, 155),
(13, 155),
(17, 155),
(19, 155),
(28, 155),
(7, 156),
(1, 157),
(10, 157),
(5, 158),
(9, 158),
(13, 158),
(21, 158),
(29, 158),
(12, 159),
(17, 159),
(25, 159),
(1, 160),
(5, 160),
(8, 160),
(23, 160),
(30, 160),
(1, 161),
(2, 161),
(13, 161),
(15, 161),
(24, 161),
(20, 162),
(22, 162),
(28, 162),
(24, 163),
(28, 163),
(29, 163),
(10, 164),
(13, 164),
(18, 164),
(19, 164),
(26, 164),
(3, 165),
(13, 165),
(15, 165),
(17, 165),
(4, 166),
(12, 166),
(20, 166),
(25, 166),
(1, 167),
(8, 167),
(12, 167),
(17, 167),
(25, 167),
(14, 168),
(9, 169),
(14, 169),
(24, 170),
(7, 171),
(13, 171),
(14, 171),
(19, 172),
(24, 172),
(12, 173),
(16, 173),
(17, 173),
(9, 174),
(23, 174),
(30, 174),
(4, 175),
(7, 175),
(23, 175),
(30, 175),
(6, 176),
(18, 176),
(20, 176),
(27, 176),
(29, 176),
(5, 177),
(6, 177),
(8, 177),
(20, 178),
(2, 179),
(4, 179),
(14, 179),
(23, 179),
(30, 179),
(9, 180),
(13, 180),
(14, 180),
(23, 180),
(25, 180),
(29, 181),
(13, 182),
(9, 183),
(14, 183),
(17, 183),
(18, 183),
(28, 183),
(20, 184),
(21, 184),
(6, 185),
(9, 185),
(1, 186),
(8, 186),
(20, 186),
(3, 187),
(8, 187),
(16, 187),
(24, 187),
(26, 187),
(4, 188),
(15, 188),
(18, 188),
(23, 188),
(29, 188),
(1, 189),
(13, 189),
(20, 189),
(24, 189),
(28, 189),
(4, 190),
(16, 190),
(9, 191),
(16, 191),
(19, 191),
(21, 191),
(23, 191),
(15, 192),
(17, 192),
(25, 192),
(7, 193),
(11, 193),
(18, 193),
(29, 193),
(9, 194),
(12, 194),
(2, 195),
(13, 195),
(20, 195),
(1, 196),
(1, 197),
(6, 197),
(21, 198),
(8, 199),
(27, 199),
(9, 200),
(10, 200),
(18, 200),
(25, 200),
(8, 201),
(17, 201),
(18, 201),
(26, 201),
(28, 201),
(4, 202),
(28, 202),
(25, 203),
(27, 203),
(28, 203),
(29, 203),
(30, 203),
(7, 204),
(29, 204),
(28, 205),
(15, 206),
(13, 207),
(7, 208),
(10, 209),
(9, 210),
(13, 210),
(29, 210),
(14, 211),
(15, 211),
(19, 211),
(25, 211),
(28, 211),
(6, 212),
(8, 212),
(19, 212),
(22, 212),
(27, 212),
(9, 213),
(17, 213),
(20, 213),
(2, 214),
(5, 214),
(28, 214),
(21, 215),
(2, 216),
(11, 216),
(13, 216),
(24, 216),
(30, 217),
(20, 218),
(26, 218),
(28, 218),
(2, 219),
(23, 219),
(24, 219),
(12, 220),
(18, 220),
(28, 220),
(29, 220),
(30, 220),
(3, 221),
(1, 222),
(18, 222),
(27, 222),
(28, 222),
(20, 223),
(3, 224),
(8, 224),
(23, 224),
(24, 224),
(4, 225),
(6, 225),
(8, 225),
(12, 225),
(27, 225),
(4, 226),
(30, 226),
(10, 227),
(19, 227),
(20, 227),
(16, 228),
(9, 229),
(16, 229),
(20, 229),
(8, 230),
(9, 230),
(29, 230),
(20, 231),
(4, 232),
(12, 232),
(19, 232),
(20, 232),
(1, 233),
(7, 233),
(19, 234),
(19, 235),
(11, 236),
(12, 236),
(18, 236),
(21, 236),
(23, 236),
(2, 237),
(4, 237),
(18, 237),
(30, 237),
(1, 238),
(6, 238),
(10, 238),
(12, 238),
(26, 238),
(6, 239),
(15, 239),
(20, 239),
(26, 239),
(2, 240),
(5, 240),
(20, 240),
(22, 240),
(29, 240),
(25, 241),
(2, 242),
(8, 242),
(20, 242),
(16, 243),
(26, 243),
(5, 244),
(12, 244),
(23, 244),
(13, 245),
(17, 246),
(25, 246),
(27, 246),
(11, 247),
(10, 248),
(13, 248),
(16, 248),
(17, 248),
(18, 248),
(7, 249),
(7, 250),
(12, 250),
(13, 250),
(25, 250),
(28, 250),
(7, 251),
(13, 251),
(19, 251),
(21, 251),
(24, 252),
(29, 252),
(5, 253),
(9, 254),
(13, 254),
(22, 254),
(30, 254),
(3, 255),
(11, 255),
(20, 255),
(24, 255),
(30, 255),
(4, 256),
(19, 256),
(27, 256),
(8, 257),
(9, 257),
(17, 257),
(18, 257),
(20, 257),
(5, 258),
(12, 258),
(18, 259),
(28, 259),
(23, 260),
(27, 260),
(2, 261),
(17, 262),
(23, 262),
(29, 262),
(2, 263),
(5, 263),
(22, 263),
(7, 264),
(8, 264),
(11, 264),
(4, 265),
(8, 265),
(29, 265),
(5, 266),
(8, 266),
(15, 267),
(24, 267),
(3, 268),
(18, 268),
(29, 268),
(1, 269),
(4, 269),
(23, 269),
(25, 269),
(27, 269),
(9, 270),
(17, 270),
(22, 270),
(23, 270),
(29, 270),
(27, 271),
(28, 271),
(4, 272),
(8, 272),
(14, 273),
(23, 273),
(9, 274),
(18, 274),
(19, 274),
(8, 275),
(22, 276),
(17, 277),
(3, 278),
(29, 278),
(20, 279),
(21, 279),
(28, 279),
(21, 280),
(1, 281),
(2, 281),
(7, 281),
(16, 281),
(21, 281),
(9, 282),
(21, 282),
(25, 282),
(3, 283),
(14, 283),
(18, 283),
(20, 283),
(16, 284),
(16, 285),
(9, 286),
(21, 286),
(24, 286),
(24, 287),
(5, 288),
(11, 288),
(14, 288),
(17, 288),
(4, 289),
(7, 290),
(8, 290),
(19, 290),
(26, 290),
(6, 291),
(13, 292),
(15, 292),
(24, 292),
(4, 293),
(10, 293),
(15, 293),
(17, 293),
(20, 293),
(16, 294),
(9, 295),
(16, 295),
(7, 296),
(16, 296),
(23, 296),
(3, 297),
(5, 297),
(1, 298),
(3, 298),
(20, 298),
(7, 299),
(16, 299),
(17, 300),
(22, 300),
(17, 301),
(19, 301),
(21, 301),
(14, 302),
(24, 302),
(28, 302),
(9, 303),
(17, 303),
(24, 303),
(28, 304),
(28, 305),
(5, 306),
(26, 306),
(4, 307),
(5, 307),
(19, 307),
(20, 307),
(21, 307),
(5, 308),
(7, 308),
(18, 308),
(9, 309),
(13, 309),
(14, 309),
(25, 309),
(29, 309),
(2, 310),
(14, 310),
(15, 310),
(16, 310),
(22, 310),
(7, 311),
(15, 311),
(16, 311),
(19, 311),
(30, 311),
(1, 312),
(8, 312),
(20, 312),
(29, 312),
(6, 313),
(8, 313),
(11, 313),
(13, 313),
(30, 313),
(14, 314),
(11, 315),
(25, 315),
(8, 316),
(20, 316),
(26, 316),
(5, 317),
(12, 317),
(16, 317),
(21, 317),
(4, 318),
(8, 318),
(5, 319),
(6, 319),
(9, 319),
(26, 319),
(28, 319),
(5, 320),
(6, 320),
(7, 320),
(29, 320),
(30, 320),
(12, 321),
(15, 321),
(22, 321),
(28, 321),
(15, 322),
(3, 323),
(9, 323),
(13, 323),
(15, 323),
(15, 324),
(18, 324),
(9, 325),
(15, 325),
(20, 325),
(25, 326),
(10, 327),
(12, 327),
(24, 327),
(14, 328),
(16, 328),
(23, 328),
(3, 329),
(25, 329),
(7, 330),
(8, 330),
(14, 330),
(29, 330),
(2, 331),
(10, 331),
(14, 331),
(21, 331),
(29, 331),
(1, 332),
(3, 332),
(27, 333),
(11, 334),
(5, 335),
(10, 335),
(15, 335),
(1, 336),
(3, 336),
(17, 336),
(17, 337),
(27, 337),
(2, 338),
(11, 338),
(18, 338),
(8, 339),
(11, 339),
(22, 339),
(7, 340),
(7, 341),
(9, 341),
(13, 341),
(20, 341),
(6, 342),
(18, 342),
(6, 343),
(11, 343),
(24, 343),
(29, 343),
(16, 344),
(21, 344),
(22, 344),
(23, 344),
(25, 344),
(9, 345),
(17, 345),
(19, 345),
(26, 345),
(27, 345),
(1, 346),
(16, 346),
(22, 346),
(26, 346),
(29, 346),
(22, 347),
(27, 347),
(28, 347),
(8, 348),
(11, 348),
(22, 348),
(11, 349),
(16, 349),
(17, 349),
(11, 350),
(12, 350),
(14, 350),
(17, 350),
(5, 351),
(15, 351),
(28, 351),
(3, 352),
(4, 352),
(16, 352),
(25, 352),
(11, 353),
(16, 353),
(11, 354),
(13, 354),
(30, 354),
(18, 355),
(25, 355),
(27, 355),
(11, 356),
(2, 357),
(7, 357),
(27, 357),
(3, 358),
(6, 358),
(9, 358),
(20, 359),
(12, 360),
(9, 361),
(11, 361),
(17, 361),
(21, 361),
(27, 361),
(5, 362),
(5, 363),
(7, 364),
(9, 364),
(17, 364),
(21, 364),
(30, 364),
(7, 365),
(20, 365),
(9, 366),
(12, 366),
(17, 366),
(25, 366),
(9, 367),
(13, 367),
(19, 367),
(29, 367),
(4, 368),
(18, 368),
(19, 368),
(20, 368),
(13, 369),
(17, 369),
(20, 369),
(29, 369),
(30, 369),
(12, 370),
(21, 370),
(25, 370),
(5, 371),
(24, 371),
(15, 372),
(22, 372),
(30, 372),
(1, 373),
(5, 373),
(10, 374),
(13, 374),
(16, 374),
(26, 374),
(29, 374),
(15, 375),
(18, 375),
(2, 376),
(12, 376),
(17, 376),
(18, 376),
(22, 376),
(4, 377),
(5, 377),
(7, 377),
(12, 377),
(27, 377),
(2, 378),
(4, 378),
(2, 379),
(12, 379),
(24, 379),
(5, 380),
(18, 380),
(12, 381),
(29, 381),
(7, 382),
(19, 382),
(23, 382),
(13, 383),
(17, 383),
(29, 383),
(13, 384),
(17, 384),
(8, 385),
(20, 385),
(30, 385),
(1, 386),
(5, 386),
(9, 386),
(15, 386),
(22, 386),
(2, 387),
(7, 387),
(19, 387),
(24, 387),
(4, 388),
(16, 388),
(26, 388),
(1, 389),
(15, 389),
(18, 389),
(23, 389),
(12, 390),
(1, 391),
(7, 391),
(12, 391),
(15, 391),
(19, 391),
(5, 392),
(20, 392),
(29, 392),
(4, 393),
(9, 394),
(12, 394),
(6, 395),
(14, 395),
(5, 396),
(6, 396),
(25, 396),
(2, 397),
(6, 397),
(12, 397),
(3, 398),
(8, 398),
(15, 399),
(1, 400),
(5, 400),
(23, 400),
(24, 400),
(30, 400),
(9, 401),
(12, 401),
(16, 402),
(29, 402),
(4, 403),
(15, 403),
(27, 403),
(29, 403),
(11, 404),
(19, 404),
(28, 404),
(1, 405),
(2, 405),
(5, 405),
(12, 405),
(28, 405),
(1, 406),
(4, 406),
(13, 406),
(29, 406),
(7, 407),
(12, 407),
(17, 407),
(20, 407),
(12, 408),
(18, 408),
(20, 408),
(21, 408),
(22, 408),
(4, 409),
(6, 409),
(10, 409),
(25, 409),
(11, 410),
(14, 410),
(30, 410),
(1, 411),
(2, 411),
(20, 411),
(21, 411),
(11, 412),
(16, 413),
(20, 413),
(22, 413),
(4, 414),
(13, 414),
(14, 414),
(27, 415),
(9, 416),
(18, 416),
(27, 416),
(18, 417),
(4, 418),
(20, 418),
(16, 419),
(20, 419),
(4, 420),
(14, 420),
(22, 420),
(27, 420),
(20, 421),
(7, 422),
(20, 422),
(26, 422),
(28, 422),
(29, 422),
(6, 423),
(12, 423),
(19, 423),
(25, 423),
(26, 423),
(3, 424),
(4, 424),
(13, 424),
(17, 424),
(7, 425),
(13, 425),
(18, 425),
(29, 425),
(30, 425),
(3, 426),
(15, 426),
(17, 426),
(1, 427),
(4, 427),
(14, 428),
(19, 428),
(4, 429),
(5, 430),
(29, 430),
(7, 431),
(10, 431),
(17, 431),
(27, 431),
(1, 432),
(12, 432),
(23, 432),
(27, 432),
(28, 432),
(3, 433),
(8, 433),
(4, 434),
(12, 434),
(25, 434),
(26, 434),
(29, 434),
(12, 435),
(22, 435),
(4, 436),
(11, 436),
(13, 436),
(14, 436),
(19, 436),
(3, 437),
(5, 437),
(8, 437),
(13, 437),
(21, 437),
(6, 438),
(29, 438),
(10, 439),
(22, 439),
(1, 440),
(10, 440),
(12, 440),
(24, 440),
(15, 441),
(22, 441),
(23, 442),
(6, 443),
(11, 443),
(21, 443),
(27, 443),
(4, 444),
(25, 445),
(18, 446),
(20, 447),
(6, 448),
(10, 448),
(19, 448),
(30, 448),
(5, 449),
(17, 449),
(20, 449),
(23, 449),
(1, 450),
(7, 450),
(8, 450),
(18, 450),
(10, 451),
(20, 451),
(5, 452),
(6, 452),
(21, 452),
(22, 452),
(4, 453),
(17, 453),
(19, 453),
(22, 453),
(26, 453),
(4, 454),
(15, 454),
(23, 454),
(24, 454),
(10, 455),
(17, 455),
(5, 456),
(13, 456),
(15, 456),
(16, 456),
(21, 456),
(5, 457),
(11, 457),
(14, 457),
(28, 457),
(1, 458),
(7, 458),
(13, 458),
(30, 458),
(2, 459),
(3, 459),
(15, 459),
(20, 459),
(30, 459),
(16, 460),
(20, 460),
(23, 460),
(28, 460),
(4, 461),
(16, 461),
(18, 461),
(20, 461),
(6, 462),
(15, 462),
(19, 462),
(15, 463),
(18, 463),
(21, 463),
(5, 464),
(8, 464),
(16, 464),
(22, 464),
(24, 464),
(3, 465),
(4, 465),
(8, 465),
(16, 465),
(25, 465),
(5, 466),
(7, 466),
(12, 466),
(22, 466),
(28, 466),
(12, 467),
(26, 467),
(19, 468),
(20, 468),
(24, 468),
(25, 468),
(21, 469),
(29, 469),
(13, 470),
(18, 470),
(19, 470),
(20, 470),
(21, 470),
(17, 471),
(25, 472),
(29, 472),
(30, 473),
(4, 474),
(11, 474),
(22, 474),
(24, 474),
(27, 474),
(1, 475),
(7, 475),
(8, 475),
(20, 475),
(5, 476),
(12, 477),
(19, 478),
(12, 479),
(21, 479),
(4, 480),
(14, 480),
(4, 481),
(6, 481),
(29, 481),
(4, 482),
(13, 482),
(5, 483),
(9, 484),
(2, 485),
(12, 485),
(19, 485),
(22, 485),
(28, 485),
(13, 486),
(17, 486),
(18, 486),
(24, 486),
(2, 487),
(24, 488),
(3, 489),
(16, 489),
(1, 490),
(10, 491),
(21, 491),
(3, 492),
(5, 492),
(29, 492),
(14, 493),
(4, 494),
(16, 494),
(30, 494),
(3, 495),
(11, 495),
(17, 495),
(2, 496),
(15, 496),
(28, 496),
(30, 497),
(5, 498),
(9, 498),
(11, 498),
(25, 498),
(13, 499),
(18, 499),
(20, 499),
(25, 499),
(28, 499),
(3, 500),
(2, 501),
(4, 501),
(6, 501),
(15, 501),
(27, 501),
(10, 502),
(15, 502),
(3, 503),
(17, 503),
(11, 504),
(12, 504),
(19, 504),
(20, 504),
(7, 505),
(16, 506),
(29, 506),
(12, 507),
(23, 508),
(3, 509),
(9, 509),
(16, 509),
(18, 509),
(30, 509),
(26, 510),
(7, 511),
(8, 511),
(9, 511),
(14, 511),
(5, 512),
(11, 512),
(14, 512),
(26, 512),
(3, 513),
(5, 513),
(8, 513),
(15, 513),
(5, 514),
(12, 514),
(15, 514),
(21, 514),
(22, 514),
(11, 515),
(19, 515),
(8, 516),
(26, 516),
(1, 517),
(7, 517),
(22, 517),
(26, 517),
(12, 518),
(29, 518),
(3, 519),
(1, 520),
(5, 520),
(20, 520),
(9, 521),
(15, 521),
(28, 521),
(18, 522),
(26, 522),
(20, 523),
(10, 524),
(11, 524),
(19, 524),
(26, 524),
(5, 525),
(11, 525),
(13, 525),
(27, 525),
(5, 526),
(10, 526),
(23, 526),
(5, 527),
(8, 527),
(20, 527),
(30, 527),
(2, 528),
(8, 528),
(25, 528),
(30, 528),
(18, 529),
(8, 530),
(12, 530),
(15, 530),
(9, 531),
(26, 531),
(10, 532),
(17, 532),
(21, 532),
(3, 533),
(13, 533),
(24, 533),
(30, 533),
(22, 534),
(25, 534),
(28, 534),
(8, 535),
(9, 535),
(13, 535),
(18, 535),
(20, 536),
(6, 537),
(7, 538),
(12, 538),
(27, 538),
(3, 539),
(7, 539),
(13, 539),
(3, 540),
(14, 540),
(21, 540),
(27, 540),
(4, 541),
(20, 541),
(22, 542),
(7, 543),
(14, 543),
(25, 543),
(6, 544),
(11, 544),
(15, 544),
(23, 544),
(10, 545),
(17, 545),
(27, 545),
(8, 546),
(27, 546),
(10, 547),
(15, 547),
(17, 547),
(20, 547),
(24, 547),
(9, 548),
(11, 548),
(20, 548),
(27, 548),
(30, 548),
(14, 549),
(22, 549),
(5, 550),
(9, 550),
(30, 550),
(3, 551),
(16, 551),
(20, 551),
(27, 551),
(4, 552),
(16, 552),
(25, 553),
(2, 554),
(15, 554),
(28, 554),
(3, 555),
(12, 555),
(16, 555),
(19, 555),
(21, 555),
(10, 556),
(22, 556),
(23, 556),
(27, 556),
(16, 557),
(21, 557),
(23, 557),
(10, 558),
(11, 558),
(13, 558),
(16, 558),
(17, 558),
(2, 559),
(8, 560),
(9, 561),
(24, 561),
(9, 562),
(10, 562),
(19, 562),
(29, 562),
(19, 563),
(23, 563),
(26, 563),
(15, 564),
(16, 564),
(22, 564),
(27, 564),
(28, 565),
(5, 566),
(7, 566),
(14, 566),
(23, 566),
(30, 566),
(9, 567),
(16, 567),
(26, 567),
(29, 567),
(10, 568),
(19, 568),
(2, 569),
(8, 569),
(14, 569),
(26, 569),
(4, 570),
(24, 571),
(27, 571),
(4, 572),
(5, 572),
(18, 572),
(28, 572),
(30, 572),
(18, 573),
(19, 573),
(24, 573),
(11, 574),
(14, 574),
(16, 574),
(17, 574),
(26, 574),
(5, 575),
(21, 575),
(24, 575),
(28, 575),
(3, 576),
(4, 576),
(10, 576),
(12, 576),
(25, 576),
(19, 577),
(21, 577),
(8, 578),
(21, 578),
(7, 579),
(8, 579),
(22, 579),
(25, 579),
(13, 580),
(14, 580),
(22, 580),
(22, 581),
(29, 581),
(10, 582),
(1, 583),
(11, 583),
(16, 583),
(23, 583),
(21, 584),
(22, 584),
(7, 585),
(10, 585),
(12, 585),
(13, 585),
(30, 585),
(13, 586),
(14, 586),
(4, 587),
(19, 587),
(28, 588),
(6, 589),
(19, 589),
(7, 590),
(4, 591),
(16, 591),
(24, 591),
(27, 591),
(27, 592),
(4, 593),
(18, 593),
(22, 593),
(27, 593),
(1, 594),
(4, 594),
(9, 594),
(10, 594),
(22, 594),
(19, 595),
(1, 596),
(2, 596),
(15, 596),
(21, 596),
(6, 597),
(9, 597),
(10, 597),
(14, 597),
(18, 597),
(13, 598),
(21, 598),
(25, 598),
(26, 598),
(7, 599),
(28, 599),
(1, 600),
(4, 600),
(1, 601),
(9, 601),
(21, 601),
(27, 601),
(30, 601),
(10, 602),
(11, 602),
(17, 603),
(18, 603),
(2, 604),
(8, 604),
(14, 604),
(1, 605),
(2, 605),
(4, 605),
(16, 605),
(24, 605),
(2, 606),
(12, 606),
(1, 607),
(21, 607),
(23, 607),
(7, 608),
(13, 608),
(27, 608),
(1, 609),
(2, 609),
(8, 609),
(13, 609),
(24, 609),
(9, 610),
(8, 611),
(16, 611),
(23, 611),
(27, 611),
(5, 612),
(11, 612),
(13, 612),
(16, 612),
(22, 612),
(2, 613),
(2, 614),
(17, 614),
(20, 614),
(23, 614),
(3, 615),
(8, 615),
(14, 615),
(15, 615),
(21, 615),
(2, 616),
(8, 617),
(7, 618),
(10, 618),
(8, 619),
(8, 620),
(9, 620),
(15, 620),
(26, 620),
(3, 621),
(4, 621),
(5, 621),
(7, 621),
(20, 621),
(6, 622),
(14, 622),
(28, 622),
(12, 623),
(3, 624),
(6, 624),
(13, 624),
(24, 624),
(23, 625),
(3, 626),
(12, 626),
(19, 626),
(26, 626),
(7, 627),
(10, 627),
(15, 627),
(28, 627),
(11, 628),
(15, 628),
(24, 628),
(30, 628),
(16, 629),
(18, 629),
(20, 629),
(25, 629),
(30, 629),
(26, 630),
(27, 630),
(19, 631),
(15, 632),
(24, 632),
(9, 633),
(17, 633),
(2, 634),
(2, 635),
(11, 635),
(14, 635),
(20, 635),
(26, 635),
(13, 636),
(22, 636),
(29, 636),
(3, 637),
(6, 637),
(18, 637),
(25, 637),
(26, 637),
(6, 638),
(11, 638),
(27, 639),
(29, 640),
(11, 641),
(12, 641),
(16, 641),
(5, 642),
(15, 642),
(16, 642),
(25, 642),
(14, 643),
(20, 643),
(23, 643),
(29, 643),
(19, 644),
(7, 645),
(27, 646),
(1, 647),
(9, 647),
(20, 647),
(23, 647),
(3, 648),
(28, 648),
(12, 649),
(17, 649),
(19, 649),
(30, 649),
(24, 650),
(29, 650),
(10, 651),
(3, 652),
(9, 653),
(20, 653),
(22, 653),
(26, 653),
(30, 653),
(11, 654),
(28, 654),
(2, 655),
(9, 655),
(2, 656),
(4, 656),
(21, 656),
(27, 656),
(7, 657),
(13, 657),
(25, 657),
(11, 658),
(24, 658),
(20, 659),
(22, 659),
(26, 659),
(27, 659),
(4, 660),
(10, 660),
(28, 660),
(1, 661),
(15, 661),
(10, 662),
(16, 662),
(20, 662),
(28, 662),
(1, 663),
(3, 664),
(10, 664),
(25, 664),
(13, 665),
(12, 666),
(16, 666),
(24, 666),
(5, 667),
(15, 667),
(5, 668),
(13, 668),
(19, 668),
(25, 668),
(9, 669),
(22, 669),
(28, 669),
(5, 670),
(7, 670),
(8, 671),
(28, 671),
(5, 672),
(22, 672),
(6, 673),
(9, 673),
(24, 673),
(30, 673),
(1, 674),
(7, 674),
(13, 674),
(17, 674),
(5, 675),
(4, 676),
(12, 676),
(19, 676),
(26, 676),
(29, 676),
(5, 677),
(18, 677),
(28, 677),
(5, 678),
(13, 678),
(19, 678),
(22, 678),
(27, 678),
(17, 679),
(2, 680),
(8, 680),
(12, 680),
(16, 680),
(23, 680),
(5, 681),
(23, 681),
(7, 682),
(18, 682),
(19, 682),
(22, 682),
(1, 683),
(13, 684),
(2, 685),
(23, 685),
(2, 686),
(12, 686),
(13, 686),
(1, 687),
(4, 687),
(6, 687),
(9, 687),
(25, 687),
(4, 688),
(1, 689),
(2, 689),
(5, 689),
(12, 689),
(27, 689),
(14, 690),
(16, 690),
(24, 690),
(28, 690),
(29, 690),
(18, 691),
(19, 691),
(23, 691),
(16, 692),
(17, 692),
(18, 692),
(23, 692),
(29, 692),
(3, 693),
(4, 693),
(2, 694),
(15, 694),
(5, 695),
(14, 695),
(15, 695),
(24, 695),
(2, 696),
(20, 696),
(23, 696),
(27, 696),
(17, 697),
(10, 698),
(15, 698),
(24, 698),
(29, 698),
(21, 699),
(7, 700),
(8, 700),
(10, 701),
(17, 701),
(16, 702),
(22, 702),
(15, 703),
(13, 704),
(23, 704),
(29, 704),
(5, 705),
(10, 705),
(19, 705),
(28, 705),
(13, 706),
(16, 707),
(21, 707),
(8, 708),
(6, 709),
(17, 709),
(5, 710),
(9, 710),
(11, 711),
(26, 711),
(3, 712),
(10, 712),
(11, 712),
(22, 712),
(27, 712),
(4, 713),
(7, 713),
(11, 713),
(17, 713),
(16, 714),
(13, 715),
(19, 715),
(25, 715),
(5, 716),
(10, 716),
(16, 716),
(19, 716),
(26, 716),
(8, 717),
(13, 717),
(14, 717),
(15, 717),
(7, 718),
(14, 718),
(15, 718),
(22, 718),
(24, 718),
(1, 719),
(14, 719),
(22, 719),
(3, 720),
(9, 720),
(16, 720),
(22, 720),
(11, 721),
(29, 721),
(2, 722),
(15, 722),
(21, 722),
(29, 722),
(1, 723),
(3, 723),
(12, 723),
(29, 723),
(1, 724),
(12, 724),
(22, 724),
(4, 725),
(9, 725),
(14, 725),
(29, 725),
(2, 726),
(3, 726),
(9, 727),
(20, 727),
(4, 728),
(17, 728),
(25, 728),
(28, 728),
(12, 729),
(1, 730),
(9, 730),
(1, 731),
(7, 731),
(20, 731),
(25, 731),
(3, 732),
(14, 732),
(21, 732),
(25, 732),
(4, 733),
(8, 733),
(13, 734),
(22, 734),
(28, 734),
(29, 734),
(26, 735),
(15, 736),
(26, 736),
(16, 737),
(5, 738),
(21, 738),
(26, 738),
(20, 739),
(5, 740),
(24, 741),
(28, 741),
(5, 742),
(20, 742),
(27, 742),
(30, 742),
(28, 743),
(3, 744),
(8, 744),
(14, 744),
(26, 744),
(30, 744),
(11, 745),
(1, 746),
(18, 746),
(22, 746),
(10, 747),
(17, 747),
(18, 747),
(30, 747),
(2, 748),
(20, 748),
(19, 749),
(22, 749),
(18, 750),
(29, 750),
(10, 751),
(17, 751),
(18, 751),
(22, 751),
(11, 752),
(6, 753),
(12, 753),
(24, 753),
(26, 753),
(1, 754),
(4, 754),
(7, 754),
(9, 754),
(14, 754),
(5, 755),
(6, 755),
(11, 755),
(18, 755),
(18, 756),
(4, 757),
(24, 758),
(13, 759),
(26, 759),
(4, 760),
(22, 760),
(28, 760),
(29, 760),
(1, 761),
(6, 761),
(8, 761),
(13, 761),
(21, 761),
(5, 762),
(9, 762),
(10, 762),
(20, 762),
(2, 763),
(8, 763),
(17, 763),
(5, 764),
(6, 764),
(18, 764),
(24, 764),
(30, 764),
(2, 765),
(9, 765),
(18, 765),
(19, 765),
(22, 765),
(5, 766),
(17, 766),
(19, 766),
(22, 766),
(29, 766),
(1, 767),
(22, 767),
(26, 767),
(30, 767),
(9, 768),
(14, 768),
(20, 768),
(29, 768),
(2, 769),
(8, 769),
(12, 769),
(14, 769),
(23, 769),
(1, 770),
(5, 770),
(6, 770),
(21, 770),
(22, 770),
(19, 771),
(5, 772),
(18, 772),
(20, 772),
(22, 772),
(7, 773),
(8, 773),
(16, 773),
(24, 773),
(3, 774),
(9, 774),
(21, 774),
(23, 774),
(28, 774),
(6, 775),
(20, 775),
(22, 775),
(28, 775),
(20, 776),
(5, 777),
(24, 777),
(4, 778),
(9, 778),
(19, 778),
(28, 778),
(9, 779),
(21, 779),
(28, 779),
(11, 780),
(22, 780),
(27, 780),
(30, 780),
(20, 781),
(1, 782),
(11, 782),
(20, 782),
(21, 782),
(6, 783),
(20, 783),
(18, 784),
(30, 784),
(17, 785),
(20, 785),
(27, 785),
(28, 785),
(30, 785),
(8, 786),
(2, 787),
(12, 787),
(23, 787),
(5, 788),
(6, 788),
(20, 788),
(3, 789),
(6, 789),
(15, 789),
(29, 789),
(11, 790),
(20, 790),
(24, 790),
(25, 790),
(4, 791),
(8, 791),
(12, 791),
(13, 791),
(22, 791),
(9, 792),
(16, 792),
(22, 792),
(2, 793),
(12, 793),
(11, 794),
(29, 794),
(7, 795),
(16, 795),
(19, 795),
(20, 795),
(21, 795),
(1, 796),
(10, 796),
(30, 796),
(11, 797),
(17, 797),
(23, 797),
(24, 797),
(14, 798),
(1, 799),
(7, 799),
(15, 799),
(2, 800),
(4, 800),
(14, 800),
(20, 800),
(24, 800),
(2, 801),
(4, 801),
(9, 801),
(10, 801),
(25, 801),
(2, 802),
(11, 802),
(20, 802),
(11, 803),
(12, 803),
(17, 803),
(16, 804),
(22, 804),
(24, 804),
(11, 805),
(28, 805),
(2, 806),
(15, 806),
(22, 806),
(21, 807),
(28, 807),
(29, 807),
(6, 808),
(11, 808),
(15, 808),
(16, 808),
(3, 809),
(6, 809),
(16, 809),
(26, 809),
(30, 809),
(4, 810),
(7, 810),
(18, 810),
(22, 811),
(1, 812),
(11, 812),
(17, 812),
(23, 812),
(29, 812),
(4, 813),
(10, 813),
(14, 813),
(22, 813),
(30, 813),
(22, 814),
(8, 815),
(4, 816),
(18, 816),
(20, 816),
(28, 816),
(30, 816),
(1, 817),
(10, 817),
(24, 817),
(10, 818),
(3, 819),
(6, 819),
(14, 819),
(15, 819),
(5, 820),
(8, 820),
(28, 820),
(30, 820),
(6, 821),
(8, 821),
(28, 821),
(5, 822),
(19, 822),
(26, 822),
(28, 822),
(1, 823),
(8, 823),
(17, 823),
(25, 823),
(1, 824),
(17, 824),
(27, 824),
(12, 825),
(15, 825),
(17, 825),
(19, 825),
(29, 825),
(1, 826),
(18, 826),
(3, 827),
(16, 827),
(30, 827),
(1, 828),
(2, 828),
(11, 828),
(16, 828),
(20, 828),
(25, 829),
(7, 830),
(28, 830),
(10, 831),
(16, 831),
(17, 831),
(22, 831),
(24, 831),
(13, 832),
(17, 832),
(30, 832),
(5, 833),
(14, 833),
(20, 833),
(22, 833),
(27, 834),
(18, 835),
(27, 835),
(22, 836),
(23, 836),
(24, 836),
(30, 836),
(14, 837),
(19, 837),
(27, 837),
(30, 838),
(4, 839),
(9, 839),
(16, 839),
(17, 839),
(28, 839),
(11, 840),
(30, 840),
(2, 841),
(6, 841),
(17, 841),
(21, 841),
(26, 841),
(2, 842),
(8, 843),
(18, 843),
(26, 843),
(6, 844),
(10, 844),
(28, 844),
(20, 845),
(1, 846),
(9, 846),
(13, 846),
(26, 846),
(29, 846),
(8, 847),
(13, 847),
(20, 847),
(23, 847),
(7, 848),
(8, 848),
(19, 848),
(22, 848),
(23, 848),
(10, 849),
(10, 850),
(14, 850),
(5, 851),
(16, 851),
(23, 851),
(3, 852),
(10, 852),
(14, 852),
(3, 853),
(11, 853),
(22, 853),
(26, 853),
(6, 854),
(28, 854),
(2, 855),
(7, 856),
(23, 856),
(27, 857),
(29, 857),
(30, 857),
(23, 858),
(8, 859),
(10, 859),
(14, 859),
(30, 859),
(5, 860),
(22, 860),
(26, 860),
(27, 861),
(26, 862),
(22, 863),
(12, 864),
(22, 864),
(27, 864),
(28, 864),
(4, 865),
(22, 865),
(26, 865),
(9, 866),
(21, 866),
(22, 866),
(1, 867),
(3, 867),
(6, 867),
(13, 867),
(24, 867),
(8, 868),
(12, 868),
(20, 868),
(12, 869),
(22, 869),
(25, 869),
(23, 870),
(17, 871),
(3, 872),
(5, 872),
(9, 872),
(1, 873),
(2, 873),
(5, 873),
(21, 873),
(6, 874),
(9, 874),
(13, 874),
(17, 874),
(18, 875),
(30, 875),
(7, 876),
(14, 876),
(20, 876),
(25, 877),
(3, 878),
(18, 878),
(1, 879),
(8, 879),
(13, 879),
(14, 879),
(6, 880),
(10, 880),
(18, 880),
(22, 880),
(29, 880),
(8, 881),
(3, 882),
(13, 882),
(25, 882),
(30, 882),
(7, 883),
(2, 884),
(15, 884),
(17, 884),
(30, 884),
(17, 885),
(22, 885),
(27, 885),
(29, 885),
(30, 885),
(26, 886),
(22, 887),
(29, 887),
(14, 888),
(28, 888),
(10, 889),
(13, 889),
(16, 889),
(19, 889),
(23, 889),
(19, 890),
(21, 890),
(15, 891),
(17, 891),
(23, 891),
(8, 892),
(23, 892),
(30, 892),
(3, 893),
(7, 893),
(15, 893),
(10, 894),
(19, 894),
(21, 894),
(22, 894),
(23, 894),
(17, 895),
(10, 896),
(12, 896),
(24, 896),
(9, 897),
(15, 897),
(18, 897),
(18, 898),
(29, 898),
(1, 899),
(10, 899),
(26, 899),
(22, 900),
(9, 901),
(16, 901),
(19, 901),
(25, 901),
(13, 902),
(24, 903),
(30, 903),
(10, 904),
(14, 904),
(18, 904),
(24, 904),
(5, 905),
(18, 906),
(22, 906),
(24, 906),
(14, 907),
(23, 907),
(24, 907),
(27, 907),
(19, 908),
(21, 908),
(24, 908),
(25, 908),
(10, 909),
(18, 910),
(27, 910),
(19, 911),
(3, 912),
(25, 912),
(28, 912),
(9, 913),
(14, 913),
(30, 913),
(6, 914),
(13, 914),
(17, 914),
(19, 914),
(30, 914),
(18, 915),
(22, 915),
(24, 915),
(27, 915),
(28, 915),
(8, 916),
(10, 916),
(16, 916),
(6, 917),
(10, 917),
(9, 918),
(10, 918),
(22, 918),
(28, 918),
(30, 918),
(8, 919),
(18, 920),
(12, 921),
(7, 922),
(19, 922),
(4, 923),
(8, 923),
(12, 923),
(29, 923),
(3, 924),
(17, 924),
(20, 924),
(22, 924),
(6, 925),
(9, 925),
(3, 926),
(26, 926),
(30, 926),
(1, 927),
(14, 927),
(21, 927),
(1, 928),
(15, 928),
(18, 928),
(21, 928),
(26, 928),
(19, 929),
(2, 930),
(13, 930),
(14, 930),
(23, 930),
(9, 931),
(13, 931),
(17, 931),
(24, 931),
(3, 932),
(4, 932),
(18, 932),
(23, 932),
(30, 932),
(18, 933),
(30, 933),
(17, 934),
(6, 935),
(9, 935),
(14, 935),
(22, 935),
(11, 936),
(25, 936),
(28, 936),
(29, 936),
(8, 937),
(15, 937),
(18, 937),
(19, 937),
(6, 938),
(9, 938),
(22, 938),
(23, 938),
(30, 938),
(5, 939),
(9, 939),
(11, 939),
(22, 939),
(25, 939),
(1, 940),
(2, 940),
(18, 940),
(12, 941),
(16, 941),
(19, 941),
(14, 942),
(18, 942),
(22, 942),
(14, 943),
(26, 944),
(28, 944),
(12, 945),
(14, 945),
(17, 945),
(28, 945),
(2, 946),
(21, 946),
(6, 947),
(11, 947),
(19, 947),
(30, 947),
(20, 948),
(30, 948),
(7, 949),
(14, 949),
(24, 949),
(28, 949),
(30, 949),
(19, 950),
(26, 950),
(10, 951),
(16, 951),
(20, 951),
(6, 952),
(13, 952),
(23, 952),
(1, 953),
(5, 953),
(18, 953),
(23, 953),
(10, 954),
(11, 954),
(29, 954),
(1, 955),
(10, 955),
(19, 955),
(11, 956),
(15, 956),
(4, 957),
(11, 957),
(13, 957),
(29, 957),
(30, 957),
(21, 958),
(26, 958),
(4, 959),
(5, 959),
(8, 959),
(30, 959),
(4, 960),
(6, 960),
(7, 960),
(8, 960),
(18, 960),
(1, 961),
(12, 961),
(19, 961),
(26, 961),
(3, 962),
(16, 962),
(29, 962),
(15, 963),
(17, 963),
(19, 963),
(1, 964),
(13, 964),
(29, 965),
(11, 966),
(8, 967),
(14, 967),
(15, 967),
(18, 967),
(21, 967),
(13, 968),
(28, 968),
(29, 968),
(6, 969),
(17, 969),
(22, 969),
(23, 969),
(8, 970),
(30, 970),
(11, 971),
(21, 971),
(28, 971),
(12, 972),
(4, 973),
(16, 973),
(26, 973),
(4, 974),
(13, 974),
(25, 974),
(1, 975),
(4, 975),
(10, 975),
(28, 975),
(29, 975),
(20, 976),
(21, 976),
(4, 977),
(11, 977),
(14, 977),
(20, 977),
(1, 978),
(11, 978),
(12, 978),
(25, 978),
(28, 978),
(2, 979),
(24, 979),
(4, 980),
(13, 980),
(16, 980),
(20, 980),
(22, 981),
(28, 981),
(23, 982),
(11, 983),
(22, 983),
(25, 983),
(29, 983),
(3, 984),
(16, 984),
(21, 984),
(23, 984),
(30, 984),
(3, 985),
(9, 985),
(6, 986),
(29, 987),
(8, 988),
(14, 988),
(28, 989),
(30, 989),
(24, 990),
(4, 991),
(14, 991),
(20, 991),
(21, 991),
(25, 991),
(1, 992),
(12, 992),
(19, 992),
(5, 993),
(9, 993),
(30, 993),
(29, 994),
(10, 995),
(13, 995),
(21, 995),
(24, 995),
(26, 995),
(1, 996),
(5, 997),
(13, 997),
(14, 997),
(17, 997),
(30, 997),
(21, 998),
(12, 999),
(20, 1000),
(30, 1000);

-- --------------------------------------------------------

--
-- Table structure for table `migrations`
--

CREATE TABLE `migrations` (
  `id` int(10) UNSIGNED NOT NULL,
  `migration` varchar(191) COLLATE utf8mb4_unicode_ci NOT NULL,
  `batch` int(11) NOT NULL
) ENGINE=InnoDB DEFAULT CHARSET=utf8mb4 COLLATE=utf8mb4_unicode_ci;

--
-- Dumping data for table `migrations`
--

INSERT INTO `migrations` (`id`, `migration`, `batch`) VALUES
(36, '2016_06_01_000001_create_oauth_auth_codes_table', 1),
(37, '2016_06_01_000002_create_oauth_access_tokens_table', 1),
(38, '2016_06_01_000003_create_oauth_refresh_tokens_table', 1),
(39, '2016_06_01_000004_create_oauth_clients_table', 1),
(40, '2016_06_01_000005_create_oauth_personal_access_clients_table', 1),
(81, '2014_10_12_000000_create_users_table', 2),
(82, '2014_10_12_100000_create_password_resets_table', 2),
(83, '2021_06_07_123131_create_categories_table', 2),
(84, '2021_06_07_123216_create_products_table', 2),
(85, '2021_06_07_123234_create_transactions_table', 2),
(86, '2021_06_07_210422_category_product_table', 2);

-- --------------------------------------------------------

--
-- Table structure for table `oauth_access_tokens`
--

CREATE TABLE `oauth_access_tokens` (
  `id` varchar(100) COLLATE utf8mb4_unicode_ci NOT NULL,
  `user_id` int(11) DEFAULT NULL,
  `client_id` int(11) NOT NULL,
  `name` varchar(191) COLLATE utf8mb4_unicode_ci DEFAULT NULL,
  `scopes` text COLLATE utf8mb4_unicode_ci DEFAULT NULL,
  `revoked` tinyint(1) NOT NULL,
  `created_at` timestamp NULL DEFAULT NULL,
  `updated_at` timestamp NULL DEFAULT NULL,
  `expires_at` datetime DEFAULT NULL
) ENGINE=InnoDB DEFAULT CHARSET=utf8mb4 COLLATE=utf8mb4_unicode_ci;

-- --------------------------------------------------------

--
-- Table structure for table `oauth_auth_codes`
--

CREATE TABLE `oauth_auth_codes` (
  `id` varchar(100) COLLATE utf8mb4_unicode_ci NOT NULL,
  `user_id` int(11) NOT NULL,
  `client_id` int(11) NOT NULL,
  `scopes` text COLLATE utf8mb4_unicode_ci DEFAULT NULL,
  `revoked` tinyint(1) NOT NULL,
  `expires_at` datetime DEFAULT NULL
) ENGINE=InnoDB DEFAULT CHARSET=utf8mb4 COLLATE=utf8mb4_unicode_ci;

-- --------------------------------------------------------

--
-- Table structure for table `oauth_clients`
--

CREATE TABLE `oauth_clients` (
  `id` int(10) UNSIGNED NOT NULL,
  `user_id` int(11) DEFAULT NULL,
  `name` varchar(191) COLLATE utf8mb4_unicode_ci NOT NULL,
  `secret` varchar(100) COLLATE utf8mb4_unicode_ci NOT NULL,
  `redirect` text COLLATE utf8mb4_unicode_ci NOT NULL,
  `personal_access_client` tinyint(1) NOT NULL,
  `password_client` tinyint(1) NOT NULL,
  `revoked` tinyint(1) NOT NULL,
  `created_at` timestamp NULL DEFAULT NULL,
  `updated_at` timestamp NULL DEFAULT NULL
) ENGINE=InnoDB DEFAULT CHARSET=utf8mb4 COLLATE=utf8mb4_unicode_ci;

-- --------------------------------------------------------

--
-- Table structure for table `oauth_personal_access_clients`
--

CREATE TABLE `oauth_personal_access_clients` (
  `id` int(10) UNSIGNED NOT NULL,
  `client_id` int(11) NOT NULL,
  `created_at` timestamp NULL DEFAULT NULL,
  `updated_at` timestamp NULL DEFAULT NULL
) ENGINE=InnoDB DEFAULT CHARSET=utf8mb4 COLLATE=utf8mb4_unicode_ci;

-- --------------------------------------------------------

--
-- Table structure for table `oauth_refresh_tokens`
--

CREATE TABLE `oauth_refresh_tokens` (
  `id` varchar(100) COLLATE utf8mb4_unicode_ci NOT NULL,
  `access_token_id` varchar(100) COLLATE utf8mb4_unicode_ci NOT NULL,
  `revoked` tinyint(1) NOT NULL,
  `expires_at` datetime DEFAULT NULL
) ENGINE=InnoDB DEFAULT CHARSET=utf8mb4 COLLATE=utf8mb4_unicode_ci;

-- --------------------------------------------------------

--
-- Table structure for table `password_resets`
--

CREATE TABLE `password_resets` (
  `email` varchar(191) COLLATE utf8mb4_unicode_ci NOT NULL,
  `token` varchar(191) COLLATE utf8mb4_unicode_ci NOT NULL,
  `created_at` timestamp NULL DEFAULT NULL
) ENGINE=InnoDB DEFAULT CHARSET=utf8mb4 COLLATE=utf8mb4_unicode_ci;

-- --------------------------------------------------------

--
-- Table structure for table `products`
--

CREATE TABLE `products` (
  `id` int(10) UNSIGNED NOT NULL,
  `name` varchar(191) COLLATE utf8mb4_unicode_ci NOT NULL,
  `description` varchar(1000) COLLATE utf8mb4_unicode_ci NOT NULL,
  `quantity` int(10) UNSIGNED NOT NULL,
  `status` varchar(191) COLLATE utf8mb4_unicode_ci NOT NULL DEFAULT 'unavailable',
  `image` varchar(191) COLLATE utf8mb4_unicode_ci NOT NULL,
  `seller_id` int(10) UNSIGNED NOT NULL,
  `created_at` timestamp NULL DEFAULT NULL,
  `updated_at` timestamp NULL DEFAULT NULL,
  `deleted_at` timestamp NULL DEFAULT NULL
) ENGINE=InnoDB DEFAULT CHARSET=utf8mb4 COLLATE=utf8mb4_unicode_ci;

--
-- Dumping data for table `products`
--

INSERT INTO `products` (`id`, `name`, `description`, `quantity`, `status`, `image`, `seller_id`, `created_at`, `updated_at`, `deleted_at`) VALUES
(1, 'porro', 'Id itaque debitis ut enim ratione.', 10, 'unavailable', 'image1.jpg', 628, '2021-06-12 20:34:43', '2021-06-12 20:34:43', NULL),
(2, 'ipsum', 'Hic sed dolorem aperiam non cupiditate. Facere omnis aut consequuntur neque quisquam deleniti alias.', 8, 'unavailable', 'image1.jpg', 871, '2021-06-12 20:34:43', '2021-06-12 20:34:43', NULL),
(3, 'et', 'Consequatur sint est quis autem. Consequatur quae nam repellendus rerum molestias ea.', 7, 'unavailable', 'image3.jpg', 878, '2021-06-12 20:34:43', '2021-06-12 20:34:43', NULL),
(4, 'error', 'Incidunt vel doloremque consequatur. Et porro qui aperiam sit tenetur.', 3, 'unavailable', 'image3.jpg', 150, '2021-06-12 20:34:43', '2021-06-12 20:34:43', NULL),
(5, 'inventore', 'Est quia natus porro aut velit mollitia. Velit quaerat quia harum maxime fugit dolorem.', 9, 'available', 'image1.jpg', 240, '2021-06-12 20:34:43', '2021-06-12 20:34:43', NULL),
(6, 'ut', 'Aut reprehenderit et quaerat quis molestias.', 7, 'unavailable', 'image1.jpg', 421, '2021-06-12 20:34:43', '2021-06-12 20:34:43', NULL),
(7, 'iure', 'Facilis consequatur distinctio reprehenderit corporis porro. Facilis nisi eius tenetur reiciendis omnis officiis quisquam.', 10, 'unavailable', 'image2.jpeg', 879, '2021-06-12 20:34:43', '2021-06-12 20:34:43', NULL),
(8, 'rerum', 'Optio odit aut exercitationem consectetur molestiae corporis aut quos.', 5, 'unavailable', 'image2.jpeg', 630, '2021-06-12 20:34:43', '2021-06-12 20:34:43', NULL),
(9, 'quis', 'Reiciendis voluptates non odit laboriosam animi perferendis maxime.', 2, 'available', 'image2.jpeg', 888, '2021-06-12 20:34:43', '2021-06-12 20:34:43', NULL),
(10, 'ab', 'Quaerat molestiae asperiores praesentium alias qui qui eveniet corporis.', 7, 'unavailable', 'image2.jpeg', 718, '2021-06-12 20:34:43', '2021-06-12 20:34:43', NULL),
(11, 'quibusdam', 'Doloribus minus dolore qui quo dolorum quae.', 8, 'available', 'image2.jpeg', 764, '2021-06-12 20:34:43', '2021-06-12 20:34:43', NULL),
(12, 'perspiciatis', 'Labore vel excepturi et explicabo tenetur in sint.', 8, 'unavailable', 'image3.jpg', 598, '2021-06-12 20:34:43', '2021-06-12 20:34:43', NULL),
(13, 'ad', 'Corrupti voluptates voluptas quasi quis libero. Molestiae natus rem modi magnam.', 5, 'available', 'image3.jpg', 772, '2021-06-12 20:34:43', '2021-06-12 20:34:43', NULL),
(14, 'quisquam', 'Quis eum omnis optio facilis earum provident asperiores. Possimus molestias non vel ut culpa blanditiis corporis numquam.', 10, 'available', 'image1.jpg', 175, '2021-06-12 20:34:43', '2021-06-12 20:34:43', NULL),
(15, 'voluptatem', 'Tenetur qui praesentium consequuntur neque eius qui. Aut non impedit dolor nobis laudantium in libero.', 9, 'unavailable', 'image1.jpg', 98, '2021-06-12 20:34:43', '2021-06-12 20:34:43', NULL),
(16, 'sed', 'Quia odit deleniti quibusdam sint itaque quia aperiam.', 10, 'unavailable', 'image1.jpg', 520, '2021-06-12 20:34:43', '2021-06-12 20:34:43', NULL),
(17, 'iste', 'Quaerat qui atque enim illum maxime commodi molestiae.', 1, 'unavailable', 'image1.jpg', 246, '2021-06-12 20:34:43', '2021-06-12 20:34:43', NULL),
(18, 'incidunt', 'Reprehenderit voluptatem est modi rerum id. Sit sapiente iure non dolorum.', 6, 'available', 'image3.jpg', 859, '2021-06-12 20:34:43', '2021-06-12 20:34:43', NULL),
(19, 'placeat', 'Maiores natus autem animi magnam in nemo. Voluptates illum maiores iure consequatur vero eos.', 1, 'unavailable', 'image3.jpg', 298, '2021-06-12 20:34:43', '2021-06-12 20:34:43', NULL),
(20, 'laudantium', 'Fugit beatae magni earum consequatur.', 10, 'unavailable', 'image2.jpeg', 254, '2021-06-12 20:34:43', '2021-06-12 20:34:43', NULL),
(21, 'ratione', 'Quibusdam modi qui quod architecto sed quo.', 2, 'available', 'image3.jpg', 63, '2021-06-12 20:34:43', '2021-06-12 20:34:43', NULL),
(22, 'aspernatur', 'Eum atque culpa non vero excepturi autem. Ut rerum et esse.', 4, 'unavailable', 'image1.jpg', 734, '2021-06-12 20:34:43', '2021-06-12 20:34:43', NULL),
(23, 'qui', 'Quo necessitatibus recusandae vel ipsa ut veritatis explicabo. Harum ut qui autem asperiores nesciunt eius.', 8, 'available', 'image1.jpg', 64, '2021-06-12 20:34:43', '2021-06-12 20:34:43', NULL),
(24, 'enim', 'Quo et alias nihil sapiente.', 2, 'available', 'image3.jpg', 2, '2021-06-12 20:34:43', '2021-06-12 20:34:43', NULL),
(25, 'nihil', 'Autem ad quisquam eos blanditiis consequuntur consequatur inventore non. Maxime ea quod nemo vel excepturi.', 5, 'available', 'image3.jpg', 524, '2021-06-12 20:34:43', '2021-06-12 20:34:43', NULL),
(26, 'quidem', 'Ad aliquid placeat numquam ratione. Qui ab voluptas quaerat voluptatum voluptatem.', 9, 'available', 'image3.jpg', 420, '2021-06-12 20:34:43', '2021-06-12 20:34:43', NULL),
(27, 'repellat', 'Vero officia porro nulla repudiandae voluptate ad dolorum. Voluptas quasi ut voluptatem itaque.', 9, 'available', 'image3.jpg', 835, '2021-06-12 20:34:43', '2021-06-12 20:34:43', NULL),
(28, 'perspiciatis', 'Eveniet vel autem delectus perspiciatis et cumque dolores. Ut iusto excepturi eaque molestiae.', 7, 'available', 'image3.jpg', 281, '2021-06-12 20:34:43', '2021-06-12 20:34:43', NULL),
(29, 'veritatis', 'Repudiandae repellendus pariatur a eligendi aliquid nulla est.', 8, 'unavailable', 'image3.jpg', 589, '2021-06-12 20:34:43', '2021-06-12 20:34:43', NULL),
(30, 'error', 'Debitis veniam omnis sunt eligendi aliquid nostrum architecto et. Debitis voluptates qui et blanditiis explicabo accusantium necessitatibus.', 4, 'unavailable', 'image3.jpg', 211, '2021-06-12 20:34:43', '2021-06-12 20:34:43', NULL),
(31, 'et', 'Ullam quia consequatur hic voluptate incidunt sit ut est.', 8, 'unavailable', 'image3.jpg', 787, '2021-06-12 20:34:43', '2021-06-12 20:34:43', NULL),
(32, 'rerum', 'Est provident dolorem delectus. Quia vitae debitis est beatae ea.', 8, 'unavailable', 'image2.jpeg', 210, '2021-06-12 20:34:43', '2021-06-12 20:34:43', NULL),
(33, 'et', 'Non et eos magnam deserunt neque impedit quas. Harum vel officiis consequuntur tempore quibusdam corporis magni.', 8, 'available', 'image1.jpg', 228, '2021-06-12 20:34:43', '2021-06-12 20:34:43', NULL),
(34, 'enim', 'Quod est sit in et.', 4, 'unavailable', 'image1.jpg', 514, '2021-06-12 20:34:43', '2021-06-12 20:34:43', NULL),
(35, 'et', 'Et libero et et sint est.', 10, 'unavailable', 'image2.jpeg', 686, '2021-06-12 20:34:43', '2021-06-12 20:34:43', NULL),
(36, 'velit', 'Laudantium quos esse dolores quam velit ipsa. Asperiores maxime repellendus eaque deleniti ducimus ut.', 3, 'unavailable', 'image2.jpeg', 831, '2021-06-12 20:34:43', '2021-06-12 20:34:43', NULL),
(37, 'magnam', 'Quae aut adipisci vel ducimus. Optio ullam eos quos doloremque id eius aliquam.', 7, 'unavailable', 'image3.jpg', 470, '2021-06-12 20:34:43', '2021-06-12 20:34:43', NULL),
(38, 'dolore', 'Dolor aliquid eos dolorum aut asperiores deleniti.', 1, 'available', 'image3.jpg', 32, '2021-06-12 20:34:43', '2021-06-12 20:34:43', NULL),
(39, 'aliquam', 'Qui consectetur dicta qui dolor magni qui odit nam. Eveniet vel veniam eius assumenda.', 5, 'available', 'image3.jpg', 549, '2021-06-12 20:34:43', '2021-06-12 20:34:43', NULL),
(40, 'necessitatibus', 'Porro omnis est ut officia laudantium iste. Et eos consequatur totam soluta eos iste nostrum.', 9, 'available', 'image2.jpeg', 180, '2021-06-12 20:34:43', '2021-06-12 20:34:43', NULL),
(41, 'quo', 'Iure non et rem sunt.', 7, 'available', 'image3.jpg', 535, '2021-06-12 20:34:43', '2021-06-12 20:34:43', NULL),
(42, 'autem', 'Sed quia quis sed similique consequatur et laudantium. Inventore eius ea aliquam qui.', 7, 'unavailable', 'image1.jpg', 465, '2021-06-12 20:34:43', '2021-06-12 20:34:43', NULL),
(43, 'itaque', 'Quia dignissimos iste dolore veniam sunt expedita autem. Dicta id autem dicta debitis asperiores tenetur.', 7, 'available', 'image2.jpeg', 387, '2021-06-12 20:34:43', '2021-06-12 20:34:43', NULL),
(44, 'recusandae', 'Laudantium porro nemo autem velit quam.', 2, 'available', 'image3.jpg', 409, '2021-06-12 20:34:43', '2021-06-12 20:34:43', NULL),
(45, 'excepturi', 'Rerum fugiat dolorem libero neque ipsum saepe.', 10, 'available', 'image1.jpg', 846, '2021-06-12 20:34:43', '2021-06-12 20:34:43', NULL),
(46, 'nisi', 'Voluptas distinctio exercitationem nulla qui quaerat ut. Qui fugit ut occaecati deleniti.', 8, 'available', 'image3.jpg', 864, '2021-06-12 20:34:43', '2021-06-12 20:34:43', NULL),
(47, 'quia', 'Dicta optio quos facere quisquam quisquam delectus temporibus. Autem molestiae doloremque laboriosam aspernatur.', 6, 'unavailable', 'image3.jpg', 862, '2021-06-12 20:34:43', '2021-06-12 20:34:43', NULL),
(48, 'molestiae', 'Placeat est voluptate aspernatur ullam porro aut expedita. Iure quia aut iure ut maxime.', 2, 'unavailable', 'image1.jpg', 587, '2021-06-12 20:34:43', '2021-06-12 20:34:43', NULL),
(49, 'est', 'Culpa eos recusandae similique. Illum ad at a.', 8, 'unavailable', 'image1.jpg', 659, '2021-06-12 20:34:43', '2021-06-12 20:34:43', NULL),
(50, 'error', 'Laudantium quod libero non enim ad. Eaque fugit itaque optio porro qui repellat aut.', 6, 'unavailable', 'image3.jpg', 865, '2021-06-12 20:34:43', '2021-06-12 20:34:43', NULL),
(51, 'id', 'Expedita necessitatibus asperiores asperiores laborum tenetur. Facilis excepturi molestiae tempora maxime quas.', 7, 'unavailable', 'image2.jpeg', 851, '2021-06-12 20:34:43', '2021-06-12 20:34:43', NULL),
(52, 'debitis', 'Quasi error molestias quis ut ipsum harum ad dolorem. Sint dolor placeat aliquid quasi.', 10, 'available', 'image3.jpg', 758, '2021-06-12 20:34:43', '2021-06-12 20:34:43', NULL),
(53, 'officia', 'Voluptatem facere omnis odit temporibus qui quibusdam.', 1, 'available', 'image1.jpg', 495, '2021-06-12 20:34:43', '2021-06-12 20:34:43', NULL),
(54, 'maxime', 'Est omnis vero dolorum consequatur. Quia veniam et nam.', 9, 'unavailable', 'image1.jpg', 369, '2021-06-12 20:34:43', '2021-06-12 20:34:43', NULL),
(55, 'et', 'Ut autem accusamus voluptatem molestias. Dolores blanditiis officia sit quas suscipit natus.', 10, 'unavailable', 'image1.jpg', 792, '2021-06-12 20:34:43', '2021-06-12 20:34:43', NULL),
(56, 'animi', 'Hic dolorum ea assumenda minus accusamus. Et neque non vel occaecati eum minima.', 2, 'unavailable', 'image1.jpg', 198, '2021-06-12 20:34:43', '2021-06-12 20:34:43', NULL),
(57, 'consequatur', 'Amet est odit numquam ducimus voluptates.', 1, 'unavailable', 'image2.jpeg', 751, '2021-06-12 20:34:43', '2021-06-12 20:34:43', NULL),
(58, 'corrupti', 'Possimus harum rerum vel autem.', 8, 'available', 'image1.jpg', 642, '2021-06-12 20:34:43', '2021-06-12 20:34:43', NULL),
(59, 'maiores', 'Libero deserunt commodi dolorum accusantium cupiditate aut. Molestiae consectetur et accusantium ut voluptatem iure temporibus asperiores.', 2, 'available', 'image1.jpg', 479, '2021-06-12 20:34:43', '2021-06-12 20:34:43', NULL),
(60, 'dolor', 'Sit sapiente et similique sequi. Explicabo dolorem iste ut deserunt debitis doloribus accusamus.', 2, 'available', 'image1.jpg', 936, '2021-06-12 20:34:43', '2021-06-12 20:34:43', NULL),
(61, 'et', 'Necessitatibus eos molestiae sunt in dolor. Ea exercitationem quia maiores ut.', 9, 'unavailable', 'image1.jpg', 88, '2021-06-12 20:34:43', '2021-06-12 20:34:43', NULL),
(62, 'aperiam', 'Reiciendis ullam et voluptate ex necessitatibus quibusdam reprehenderit. Quae delectus totam nulla.', 7, 'available', 'image1.jpg', 473, '2021-06-12 20:34:43', '2021-06-12 20:34:43', NULL),
(63, 'et', 'Asperiores quia eius explicabo quo nihil.', 1, 'unavailable', 'image1.jpg', 161, '2021-06-12 20:34:43', '2021-06-12 20:34:43', NULL),
(64, 'fuga', 'Suscipit aliquid et fuga. Magnam sequi id nihil ullam velit et eos est.', 5, 'available', 'image1.jpg', 746, '2021-06-12 20:34:43', '2021-06-12 20:34:43', NULL),
(65, 'qui', 'Voluptate officia eligendi est doloribus ut sit aut.', 6, 'available', 'image2.jpeg', 632, '2021-06-12 20:34:43', '2021-06-12 20:34:43', NULL),
(66, 'quia', 'Est iure et ipsum.', 9, 'available', 'image2.jpeg', 586, '2021-06-12 20:34:43', '2021-06-12 20:34:43', NULL),
(67, 'non', 'Reprehenderit quas delectus labore ipsa.', 9, 'unavailable', 'image3.jpg', 260, '2021-06-12 20:34:43', '2021-06-12 20:34:43', NULL),
(68, 'recusandae', 'Voluptas voluptatum sed sit et recusandae at quia similique.', 3, 'available', 'image3.jpg', 758, '2021-06-12 20:34:43', '2021-06-12 20:34:43', NULL),
(69, 'qui', 'Aut aut voluptatem qui debitis ut quae.', 9, 'available', 'image3.jpg', 731, '2021-06-12 20:34:43', '2021-06-12 20:34:43', NULL),
(70, 'consequuntur', 'Consequatur fuga et cum quo perferendis. Doloremque qui et laboriosam explicabo pariatur est.', 6, 'available', 'image3.jpg', 185, '2021-06-12 20:34:43', '2021-06-12 20:34:43', NULL),
(71, 'soluta', 'In sit mollitia eos in velit quas. Id ipsum ullam eligendi nulla.', 5, 'unavailable', 'image3.jpg', 726, '2021-06-12 20:34:43', '2021-06-12 20:34:43', NULL),
(72, 'quos', 'Officiis cum accusamus non et.', 2, 'unavailable', 'image3.jpg', 269, '2021-06-12 20:34:43', '2021-06-12 20:34:43', NULL),
(73, 'tempora', 'Iusto tempora architecto accusantium aliquam voluptas qui.', 1, 'unavailable', 'image1.jpg', 142, '2021-06-12 20:34:43', '2021-06-12 20:34:43', NULL),
(74, 'error', 'Nulla eius voluptatem delectus nesciunt quis fugiat fugit.', 7, 'unavailable', 'image1.jpg', 165, '2021-06-12 20:34:43', '2021-06-12 20:34:43', NULL),
(75, 'voluptatem', 'Nobis rem eum dignissimos beatae unde assumenda quis.', 10, 'available', 'image3.jpg', 898, '2021-06-12 20:34:43', '2021-06-12 20:34:43', NULL),
(76, 'sapiente', 'Provident minus nam reiciendis molestias laudantium.', 9, 'available', 'image3.jpg', 542, '2021-06-12 20:34:43', '2021-06-12 20:34:43', NULL),
(77, 'est', 'Harum repellat sed cumque aliquid culpa. Vel eum temporibus sed dolor.', 4, 'available', 'image2.jpeg', 869, '2021-06-12 20:34:43', '2021-06-12 20:34:43', NULL),
(78, 'et', 'Optio soluta impedit eum vero corporis. Recusandae et eum dolorum omnis aperiam eligendi rem beatae.', 8, 'available', 'image1.jpg', 880, '2021-06-12 20:34:43', '2021-06-12 20:34:43', NULL),
(79, 'adipisci', 'Ullam sint quae dolor occaecati. Ut aut quis assumenda ipsa ut est veritatis.', 9, 'unavailable', 'image2.jpeg', 937, '2021-06-12 20:34:43', '2021-06-12 20:34:43', NULL),
(80, 'accusantium', 'Quis qui impedit provident corrupti sequi temporibus rerum.', 2, 'available', 'image2.jpeg', 295, '2021-06-12 20:34:43', '2021-06-12 20:34:43', NULL),
(81, 'et', 'Iure sint rerum libero suscipit sequi voluptate vel corrupti. Cum vitae labore est provident vitae ipsa natus.', 4, 'available', 'image2.jpeg', 303, '2021-06-12 20:34:43', '2021-06-12 20:34:43', NULL),
(82, 'quo', 'Consequatur ut quia aut qui voluptatum reprehenderit.', 7, 'available', 'image2.jpeg', 333, '2021-06-12 20:34:43', '2021-06-12 20:34:43', NULL),
(83, 'voluptates', 'Consequatur vitae pariatur ad id provident doloribus.', 9, 'unavailable', 'image1.jpg', 411, '2021-06-12 20:34:43', '2021-06-12 20:34:43', NULL),
(84, 'inventore', 'Quisquam quo voluptatibus voluptatem voluptas dicta.', 7, 'unavailable', 'image3.jpg', 399, '2021-06-12 20:34:43', '2021-06-12 20:34:43', NULL),
(85, 'sunt', 'Placeat et fugit error nam eveniet facere architecto. Qui est dicta tenetur qui dolorum labore voluptas vero.', 7, 'available', 'image2.jpeg', 541, '2021-06-12 20:34:43', '2021-06-12 20:34:43', NULL),
(86, 'soluta', 'Aut odit modi saepe ipsam aperiam soluta rem. Non expedita sint enim eos libero impedit quisquam.', 5, 'available', 'image1.jpg', 745, '2021-06-12 20:34:43', '2021-06-12 20:34:43', NULL),
(87, 'nemo', 'Dicta fuga enim commodi atque maxime doloribus qui.', 10, 'unavailable', 'image3.jpg', 723, '2021-06-12 20:34:43', '2021-06-12 20:34:43', NULL),
(88, 'hic', 'Reiciendis sunt adipisci cum dolores est eius odio. Quas voluptatem earum voluptas ut non aspernatur.', 6, 'available', 'image2.jpeg', 273, '2021-06-12 20:34:43', '2021-06-12 20:34:43', NULL),
(89, 'quia', 'Id id nam repellat et. Minus quos provident alias in.', 10, 'available', 'image2.jpeg', 186, '2021-06-12 20:34:43', '2021-06-12 20:34:43', NULL),
(90, 'nam', 'Aliquam qui debitis numquam est hic harum. Quo ullam eligendi in et sunt molestiae et.', 1, 'unavailable', 'image1.jpg', 931, '2021-06-12 20:34:43', '2021-06-12 20:34:43', NULL),
(91, 'excepturi', 'Consectetur vitae consequuntur consequatur consectetur temporibus. Voluptatem dolores unde facilis accusantium assumenda rerum.', 8, 'available', 'image2.jpeg', 221, '2021-06-12 20:34:43', '2021-06-12 20:34:43', NULL),
(92, 'in', 'Ea architecto sequi molestiae quo est.', 4, 'available', 'image2.jpeg', 820, '2021-06-12 20:34:43', '2021-06-12 20:34:43', NULL),
(93, 'dignissimos', 'Totam voluptatem in quasi ullam nihil expedita beatae.', 8, 'unavailable', 'image3.jpg', 888, '2021-06-12 20:34:43', '2021-06-12 20:34:43', NULL),
(94, 'est', 'Omnis sint nesciunt ad et. Architecto voluptatem illum et dolores.', 8, 'available', 'image2.jpeg', 338, '2021-06-12 20:34:43', '2021-06-12 20:34:43', NULL),
(95, 'rerum', 'Ut dolorum fugit non omnis delectus maiores. Qui qui et consequatur sit.', 1, 'unavailable', 'image1.jpg', 11, '2021-06-12 20:34:43', '2021-06-12 20:34:43', NULL),
(96, 'non', 'Distinctio ab aut id.', 9, 'unavailable', 'image2.jpeg', 546, '2021-06-12 20:34:43', '2021-06-12 20:34:43', NULL),
(97, 'qui', 'Ipsum repudiandae ipsa numquam. Sunt numquam omnis adipisci itaque enim eum.', 10, 'available', 'image3.jpg', 656, '2021-06-12 20:34:43', '2021-06-12 20:34:43', NULL),
(98, 'non', 'Nostrum et rerum odio repellendus nihil sit similique. Cum et eum expedita ut voluptas.', 9, 'unavailable', 'image1.jpg', 705, '2021-06-12 20:34:43', '2021-06-12 20:34:43', NULL),
(99, 'quia', 'Qui itaque dolor mollitia doloremque totam libero.', 9, 'unavailable', 'image1.jpg', 982, '2021-06-12 20:34:43', '2021-06-12 20:34:43', NULL),
(100, 'fuga', 'Illum saepe libero distinctio ea tempora maxime ut. Distinctio quia fugit quae nesciunt eius quibusdam.', 1, 'unavailable', 'image3.jpg', 637, '2021-06-12 20:34:43', '2021-06-12 20:34:43', NULL),
(101, 'rerum', 'A blanditiis amet sunt id. Necessitatibus ullam consequatur consequuntur voluptas explicabo accusamus.', 6, 'unavailable', 'image1.jpg', 614, '2021-06-12 20:34:43', '2021-06-12 20:34:43', NULL),
(102, 'placeat', 'Sit quas tenetur autem consequuntur. Et nobis voluptas suscipit recusandae.', 2, 'available', 'image3.jpg', 984, '2021-06-12 20:34:43', '2021-06-12 20:34:43', NULL),
(103, 'exercitationem', 'Officia ea qui voluptatem et aut perspiciatis. Eaque et necessitatibus et sit et quia voluptatem.', 3, 'unavailable', 'image3.jpg', 936, '2021-06-12 20:34:43', '2021-06-12 20:34:43', NULL),
(104, 'cupiditate', 'Aut recusandae ea praesentium vel laboriosam.', 7, 'unavailable', 'image1.jpg', 562, '2021-06-12 20:34:43', '2021-06-12 20:34:43', NULL),
(105, 'debitis', 'Illum expedita rerum qui eaque quia. Molestias molestiae totam dolore quam nemo provident.', 5, 'unavailable', 'image1.jpg', 306, '2021-06-12 20:34:43', '2021-06-12 20:34:43', NULL),
(106, 'voluptatem', 'Aspernatur ipsam vel soluta minus quia. Tempora corporis sequi eaque totam magnam repellat.', 7, 'available', 'image1.jpg', 469, '2021-06-12 20:34:43', '2021-06-12 20:34:43', NULL),
(107, 'similique', 'Laborum aut iusto et quas a. Repellendus architecto quo et iure.', 9, 'unavailable', 'image3.jpg', 16, '2021-06-12 20:34:43', '2021-06-12 20:34:43', NULL),
(108, 'quis', 'Magni consequatur totam excepturi incidunt.', 3, 'unavailable', 'image3.jpg', 90, '2021-06-12 20:34:43', '2021-06-12 20:34:43', NULL),
(109, 'dolores', 'Animi qui fugiat doloribus porro omnis.', 8, 'unavailable', 'image2.jpeg', 494, '2021-06-12 20:34:43', '2021-06-12 20:34:43', NULL),
(110, 'ratione', 'Quod eos et voluptas sunt ducimus qui.', 6, 'available', 'image1.jpg', 291, '2021-06-12 20:34:43', '2021-06-12 20:34:43', NULL),
(111, 'ipsa', 'Aperiam accusantium error enim quia. Quis repellendus vero non cum molestiae.', 1, 'available', 'image3.jpg', 846, '2021-06-12 20:34:43', '2021-06-12 20:34:43', NULL),
(112, 'dolores', 'Dolorum laborum aut vel quidem.', 4, 'available', 'image2.jpeg', 176, '2021-06-12 20:34:43', '2021-06-12 20:34:43', NULL),
(113, 'eum', 'Ut sit asperiores voluptatem. Neque eveniet a eos unde sit enim.', 10, 'available', 'image1.jpg', 561, '2021-06-12 20:34:44', '2021-06-12 20:34:44', NULL),
(114, 'qui', 'Nisi commodi laudantium maxime sit assumenda quia illo voluptatibus.', 8, 'unavailable', 'image1.jpg', 81, '2021-06-12 20:34:44', '2021-06-12 20:34:44', NULL),
(115, 'eos', 'Porro ab quae officia eaque distinctio illo dolore consequatur.', 2, 'unavailable', 'image2.jpeg', 334, '2021-06-12 20:34:44', '2021-06-12 20:34:44', NULL),
(116, 'ullam', 'Repellat ea sit in occaecati qui. Eligendi mollitia est quibusdam nisi pariatur totam blanditiis.', 1, 'available', 'image2.jpeg', 503, '2021-06-12 20:34:44', '2021-06-12 20:34:44', NULL),
(117, 'fugiat', 'Dolor nisi in pariatur ut voluptas. At consectetur cum explicabo officia sint eaque.', 3, 'available', 'image3.jpg', 231, '2021-06-12 20:34:44', '2021-06-12 20:34:44', NULL),
(118, 'necessitatibus', 'Sit aliquam odio cumque et iure. Sed repellat cum nihil magni et quis autem omnis.', 3, 'available', 'image1.jpg', 149, '2021-06-12 20:34:44', '2021-06-12 20:34:44', NULL),
(119, 'nesciunt', 'Ab id provident iste nostrum.', 3, 'unavailable', 'image3.jpg', 633, '2021-06-12 20:34:44', '2021-06-12 20:34:44', NULL),
(120, 'at', 'Ipsum at at consequatur dolores. Est minima rerum accusantium qui omnis et ipsa.', 8, 'unavailable', 'image1.jpg', 410, '2021-06-12 20:34:44', '2021-06-12 20:34:44', NULL),
(121, 'doloribus', 'Recusandae molestiae impedit quidem soluta sit facilis. Excepturi doloremque alias eum nihil voluptas non atque.', 4, 'unavailable', 'image2.jpeg', 505, '2021-06-12 20:34:44', '2021-06-12 20:34:44', NULL),
(122, 'sed', 'Fugit voluptas tenetur minima molestiae reiciendis. Quisquam consequuntur tenetur quibusdam et tempore placeat.', 4, 'available', 'image2.jpeg', 627, '2021-06-12 20:34:44', '2021-06-12 20:34:44', NULL),
(123, 'voluptas', 'Molestias ratione non eius.', 10, 'available', 'image3.jpg', 600, '2021-06-12 20:34:44', '2021-06-12 20:34:44', NULL),
(124, 'et', 'Eos placeat vitae repellat.', 9, 'unavailable', 'image2.jpeg', 952, '2021-06-12 20:34:44', '2021-06-12 20:34:44', NULL),
(125, 'atque', 'Deleniti qui aut error quas.', 8, 'unavailable', 'image3.jpg', 701, '2021-06-12 20:34:44', '2021-06-12 20:34:44', NULL),
(126, 'minima', 'Alias sed incidunt autem aliquam vel ducimus.', 5, 'available', 'image1.jpg', 502, '2021-06-12 20:34:44', '2021-06-12 20:34:44', NULL),
(127, 'adipisci', 'Dolore ut quae pariatur maxime est. Corrupti et nihil nobis ut velit.', 5, 'available', 'image3.jpg', 824, '2021-06-12 20:34:44', '2021-06-12 20:34:44', NULL),
(128, 'quis', 'Eius ea aliquid quae. Eum ex ex sit quis fugit nisi laudantium qui.', 2, 'unavailable', 'image3.jpg', 552, '2021-06-12 20:34:44', '2021-06-12 20:34:44', NULL),
(129, 'odit', 'Perspiciatis enim dolores delectus fugiat sed voluptas praesentium.', 1, 'unavailable', 'image1.jpg', 990, '2021-06-12 20:34:44', '2021-06-12 20:34:44', NULL),
(130, 'suscipit', 'Vitae qui dolore et praesentium. Consectetur nisi qui aut est voluptatum et.', 9, 'unavailable', 'image2.jpeg', 655, '2021-06-12 20:34:44', '2021-06-12 20:34:44', NULL),
(131, 'rerum', 'Enim aliquam et autem tempore ut asperiores eveniet. Architecto enim non corporis sed itaque labore a.', 6, 'available', 'image1.jpg', 121, '2021-06-12 20:34:44', '2021-06-12 20:34:44', NULL),
(132, 'nisi', 'Sapiente sed vel est. Quo aut optio dolores.', 6, 'unavailable', 'image2.jpeg', 553, '2021-06-12 20:34:44', '2021-06-12 20:34:44', NULL),
(133, 'quae', 'Nulla dicta error facilis numquam debitis similique optio. Porro autem itaque autem qui perspiciatis impedit.', 5, 'available', 'image1.jpg', 231, '2021-06-12 20:34:44', '2021-06-12 20:34:44', NULL),
(134, 'voluptas', 'Qui occaecati fugit aut ullam similique.', 3, 'available', 'image1.jpg', 644, '2021-06-12 20:34:44', '2021-06-12 20:34:44', NULL),
(135, 'deleniti', 'Illum perferendis possimus repudiandae perspiciatis natus itaque.', 9, 'unavailable', 'image1.jpg', 934, '2021-06-12 20:34:44', '2021-06-12 20:34:44', NULL),
(136, 'voluptatibus', 'Eum possimus incidunt dolores ab est quod. Quisquam modi sit quam dolor eaque.', 3, 'unavailable', 'image3.jpg', 977, '2021-06-12 20:34:44', '2021-06-12 20:34:44', NULL),
(137, 'neque', 'Sit veritatis quia ut illo ut laboriosam eum. Consectetur repellat cumque sunt cum laboriosam expedita.', 7, 'available', 'image2.jpeg', 403, '2021-06-12 20:34:44', '2021-06-12 20:34:44', NULL),
(138, 'eum', 'Dolor cupiditate et delectus atque exercitationem.', 9, 'available', 'image3.jpg', 298, '2021-06-12 20:34:44', '2021-06-12 20:34:44', NULL),
(139, 'qui', 'Assumenda architecto nulla quo rem quasi fugiat.', 8, 'unavailable', 'image3.jpg', 548, '2021-06-12 20:34:44', '2021-06-12 20:34:44', NULL),
(140, 'nihil', 'Aut temporibus rem velit nam est.', 3, 'available', 'image3.jpg', 84, '2021-06-12 20:34:44', '2021-06-12 20:34:44', NULL),
(141, 'qui', 'Eos voluptatem esse et quia sit est.', 7, 'available', 'image3.jpg', 3, '2021-06-12 20:34:44', '2021-06-12 20:34:44', NULL),
(142, 'saepe', 'Labore est accusamus non aut illum sit voluptatem. Laboriosam cum quasi autem commodi vero.', 7, 'unavailable', 'image1.jpg', 775, '2021-06-12 20:34:44', '2021-06-12 20:34:44', NULL),
(143, 'quis', 'Eveniet natus ratione sint molestias.', 7, 'unavailable', 'image1.jpg', 105, '2021-06-12 20:34:44', '2021-06-12 20:34:44', NULL),
(144, 'est', 'Reiciendis aut autem nobis aspernatur explicabo saepe. Dolores voluptatem asperiores eum.', 8, 'unavailable', 'image2.jpeg', 724, '2021-06-12 20:34:44', '2021-06-12 20:34:44', NULL),
(145, 'quasi', 'Facilis ad cumque sunt corrupti qui minima. Eius perspiciatis id eveniet ea omnis facilis.', 2, 'available', 'image3.jpg', 82, '2021-06-12 20:34:44', '2021-06-12 20:34:44', NULL),
(146, 'aut', 'Vero cum eligendi ut et explicabo.', 5, 'available', 'image1.jpg', 705, '2021-06-12 20:34:44', '2021-06-12 20:34:44', NULL),
(147, 'facere', 'Voluptate provident alias quaerat sit quasi consequatur.', 6, 'unavailable', 'image3.jpg', 413, '2021-06-12 20:34:44', '2021-06-12 20:34:44', NULL),
(148, 'nesciunt', 'Autem exercitationem voluptate voluptatum pariatur eos vitae.', 8, 'available', 'image1.jpg', 108, '2021-06-12 20:34:44', '2021-06-12 20:34:44', NULL),
(149, 'sed', 'Est voluptas explicabo et et tenetur perspiciatis ut.', 8, 'unavailable', 'image3.jpg', 952, '2021-06-12 20:34:44', '2021-06-12 20:34:44', NULL),
(150, 'qui', 'Sint dolorem optio consequatur minus id est numquam. Quis sunt repellat voluptatem aut beatae.', 6, 'available', 'image1.jpg', 535, '2021-06-12 20:34:44', '2021-06-12 20:34:44', NULL),
(151, 'asperiores', 'Sint est suscipit pariatur sapiente.', 6, 'available', 'image1.jpg', 975, '2021-06-12 20:34:44', '2021-06-12 20:34:44', NULL),
(152, 'quis', 'Quia id quia ut sunt eveniet voluptate inventore molestiae.', 1, 'unavailable', 'image1.jpg', 103, '2021-06-12 20:34:44', '2021-06-12 20:34:44', NULL),
(153, 'voluptatem', 'Qui quia minus architecto quidem. Dolorum nisi illo perspiciatis expedita aperiam rerum rem blanditiis.', 3, 'unavailable', 'image2.jpeg', 45, '2021-06-12 20:34:44', '2021-06-12 20:34:44', NULL),
(154, 'voluptas', 'Ut ea a sequi autem placeat ullam porro. Velit quasi accusamus nemo est.', 2, 'available', 'image1.jpg', 145, '2021-06-12 20:34:44', '2021-06-12 20:34:44', NULL),
(155, 'aperiam', 'Ex at qui repudiandae odit cum dolorum. Quidem ab ab repellat alias placeat aut consequatur.', 6, 'unavailable', 'image1.jpg', 627, '2021-06-12 20:34:44', '2021-06-12 20:34:44', NULL),
(156, 'quae', 'Voluptatem qui vitae aliquam ab dolore. Corporis velit rem provident quo.', 4, 'unavailable', 'image2.jpeg', 553, '2021-06-12 20:34:44', '2021-06-12 20:34:44', NULL),
(157, 'ea', 'Ratione laudantium quam non consequatur.', 3, 'unavailable', 'image2.jpeg', 520, '2021-06-12 20:34:44', '2021-06-12 20:34:44', NULL),
(158, 'aliquid', 'Eum delectus magni sint id corrupti. Omnis labore labore velit sequi sit cupiditate.', 7, 'unavailable', 'image1.jpg', 831, '2021-06-12 20:34:44', '2021-06-12 20:34:44', NULL),
(159, 'sed', 'Saepe possimus rerum minus est fugit ut aut. Aut a dignissimos ducimus dolor ullam.', 8, 'available', 'image3.jpg', 863, '2021-06-12 20:34:44', '2021-06-12 20:34:44', NULL),
(160, 'sit', 'Facere iusto aut ex nulla.', 7, 'unavailable', 'image2.jpeg', 767, '2021-06-12 20:34:44', '2021-06-12 20:34:44', NULL),
(161, 'dignissimos', 'Quaerat culpa architecto voluptates accusamus. Quae totam ullam ullam quis cupiditate harum.', 8, 'available', 'image3.jpg', 980, '2021-06-12 20:34:44', '2021-06-12 20:34:44', NULL),
(162, 'debitis', 'Atque sunt ea sed maiores.', 7, 'available', 'image2.jpeg', 667, '2021-06-12 20:34:44', '2021-06-12 20:34:44', NULL),
(163, 'atque', 'Reprehenderit dicta voluptas totam.', 10, 'available', 'image2.jpeg', 277, '2021-06-12 20:34:44', '2021-06-12 20:34:44', NULL),
(164, 'vitae', 'Nobis ipsa adipisci possimus nisi. Nam illum quibusdam sequi hic unde et amet.', 9, 'unavailable', 'image3.jpg', 596, '2021-06-12 20:34:44', '2021-06-12 20:34:44', NULL),
(165, 'est', 'Impedit molestiae at ea ab est ad ut.', 7, 'available', 'image3.jpg', 973, '2021-06-12 20:34:44', '2021-06-12 20:34:44', NULL),
(166, 'tempora', 'Fugit ratione omnis exercitationem ipsum eveniet autem. Labore officia officiis maiores.', 2, 'available', 'image1.jpg', 328, '2021-06-12 20:34:44', '2021-06-12 20:34:44', NULL),
(167, 'error', 'Veniam corporis perferendis nostrum dolores quam. Autem facilis non omnis voluptatem est saepe pariatur.', 6, 'available', 'image2.jpeg', 57, '2021-06-12 20:34:44', '2021-06-12 20:34:44', NULL),
(168, 'earum', 'Sit doloribus voluptates ut nam dolores. Qui molestiae occaecati non placeat.', 3, 'unavailable', 'image3.jpg', 749, '2021-06-12 20:34:44', '2021-06-12 20:34:44', NULL),
(169, 'omnis', 'Quia non consequatur omnis quas et. Nulla occaecati iure voluptatem hic ut facere consectetur.', 10, 'available', 'image2.jpeg', 522, '2021-06-12 20:34:44', '2021-06-12 20:34:44', NULL),
(170, 'maxime', 'Quia ab sed earum magni inventore quidem placeat.', 10, 'unavailable', 'image1.jpg', 145, '2021-06-12 20:34:44', '2021-06-12 20:34:44', NULL),
(171, 'dicta', 'Aspernatur voluptates aliquid aperiam debitis sint.', 4, 'unavailable', 'image1.jpg', 844, '2021-06-12 20:34:44', '2021-06-12 20:34:44', NULL),
(172, 'sed', 'Voluptatem at saepe ut sed officiis.', 6, 'available', 'image3.jpg', 507, '2021-06-12 20:34:44', '2021-06-12 20:34:44', NULL),
(173, 'maiores', 'Laborum repellat odio consequatur exercitationem.', 9, 'available', 'image3.jpg', 77, '2021-06-12 20:34:44', '2021-06-12 20:34:44', NULL),
(174, 'blanditiis', 'Deserunt rerum tempora odio dicta voluptates libero dolores suscipit.', 3, 'available', 'image3.jpg', 439, '2021-06-12 20:34:44', '2021-06-12 20:34:44', NULL),
(175, 'quae', 'Et amet praesentium nemo in eos cum facilis. Nobis adipisci voluptas accusantium omnis sint quibusdam.', 6, 'available', 'image3.jpg', 187, '2021-06-12 20:34:44', '2021-06-12 20:34:44', NULL),
(176, 'dolor', 'Tempore illum asperiores recusandae praesentium voluptate. Ex esse autem aut aspernatur eum voluptatem nemo.', 5, 'available', 'image3.jpg', 476, '2021-06-12 20:34:44', '2021-06-12 20:34:44', NULL),
(177, 'veniam', 'Debitis voluptatibus eum eos minima. Minus aut praesentium quis.', 7, 'available', 'image2.jpeg', 191, '2021-06-12 20:34:44', '2021-06-12 20:34:44', NULL),
(178, 'voluptatem', 'Repudiandae rerum ut sequi enim. Cupiditate rerum aut impedit laudantium.', 3, 'available', 'image2.jpeg', 43, '2021-06-12 20:34:44', '2021-06-12 20:34:44', NULL),
(179, 'quae', 'Architecto voluptatem sit sed ut nostrum amet. Architecto porro dolorem sit ab exercitationem natus facere minima.', 5, 'unavailable', 'image1.jpg', 105, '2021-06-12 20:34:44', '2021-06-12 20:34:44', NULL),
(180, 'sunt', 'Omnis et explicabo est qui eos aperiam recusandae. Alias voluptas eaque omnis omnis molestiae eum.', 4, 'available', 'image2.jpeg', 877, '2021-06-12 20:34:44', '2021-06-12 20:34:44', NULL),
(181, 'explicabo', 'Blanditiis veniam veritatis quo provident omnis veritatis esse. Explicabo nostrum quisquam distinctio ut illum ut placeat.', 10, 'available', 'image2.jpeg', 433, '2021-06-12 20:34:44', '2021-06-12 20:34:44', NULL),
(182, 'sint', 'Illum totam hic minima illum in. Architecto voluptatem atque nihil et vel.', 5, 'available', 'image1.jpg', 599, '2021-06-12 20:34:44', '2021-06-12 20:34:44', NULL),
(183, 'ratione', 'Et officiis doloremque alias ipsam dolorem explicabo minima. Autem sequi ducimus unde.', 10, 'available', 'image3.jpg', 777, '2021-06-12 20:34:44', '2021-06-12 20:34:44', NULL),
(184, 'dolor', 'Necessitatibus sed voluptas dolores nam.', 8, 'unavailable', 'image1.jpg', 122, '2021-06-12 20:34:44', '2021-06-12 20:34:44', NULL),
(185, 'quidem', 'Veniam quibusdam temporibus quisquam vero.', 3, 'unavailable', 'image3.jpg', 166, '2021-06-12 20:34:44', '2021-06-12 20:34:44', NULL),
(186, 'possimus', 'Dolorem minima sapiente nulla facilis. Ea quasi iste aut accusantium ratione.', 10, 'available', 'image3.jpg', 852, '2021-06-12 20:34:44', '2021-06-12 20:34:44', NULL),
(187, 'et', 'Minus quis ex quisquam itaque vitae labore perspiciatis. Et sit ullam facilis odit saepe doloremque tempore.', 7, 'available', 'image3.jpg', 105, '2021-06-12 20:34:44', '2021-06-12 20:34:44', NULL),
(188, 'facere', 'Ad nesciunt quia delectus unde tempora.', 8, 'unavailable', 'image2.jpeg', 471, '2021-06-12 20:34:44', '2021-06-12 20:34:44', NULL),
(189, 'sed', 'Eos dolores deserunt ipsam dolores sequi exercitationem repellendus.', 6, 'unavailable', 'image2.jpeg', 764, '2021-06-12 20:34:44', '2021-06-12 20:34:44', NULL),
(190, 'facere', 'Minima laborum ad fugiat quos recusandae. Delectus maxime et magni soluta ea.', 2, 'available', 'image2.jpeg', 332, '2021-06-12 20:34:44', '2021-06-12 20:34:44', NULL),
(191, 'ut', 'Et nisi rem aliquam.', 6, 'unavailable', 'image2.jpeg', 613, '2021-06-12 20:34:44', '2021-06-12 20:34:44', NULL),
(192, 'molestias', 'Quas non sapiente est quaerat velit. Omnis aut placeat optio inventore id quisquam.', 7, 'available', 'image3.jpg', 281, '2021-06-12 20:34:44', '2021-06-12 20:34:44', NULL),
(193, 'qui', 'Magnam consectetur doloremque cum esse. Rem nisi ut illo id ipsam perferendis voluptas.', 5, 'unavailable', 'image2.jpeg', 729, '2021-06-12 20:34:44', '2021-06-12 20:34:44', NULL),
(194, 'fugit', 'Vero veritatis possimus qui nihil.', 6, 'unavailable', 'image2.jpeg', 943, '2021-06-12 20:34:44', '2021-06-12 20:34:44', NULL),
(195, 'voluptatem', 'Molestias ea ut et vero.', 8, 'available', 'image3.jpg', 553, '2021-06-12 20:34:44', '2021-06-12 20:34:44', NULL),
(196, 'error', 'Magni laboriosam libero consequatur tempora blanditiis aperiam asperiores praesentium.', 2, 'available', 'image1.jpg', 526, '2021-06-12 20:34:44', '2021-06-12 20:34:44', NULL),
(197, 'explicabo', 'Autem nulla cumque aut porro recusandae. Aspernatur aut quam sed corrupti perspiciatis voluptatem.', 4, 'available', 'image3.jpg', 744, '2021-06-12 20:34:44', '2021-06-12 20:34:44', NULL),
(198, 'vel', 'Voluptatem amet qui et deleniti reiciendis dolore. A et nulla dolore et ad cumque.', 6, 'unavailable', 'image1.jpg', 535, '2021-06-12 20:34:44', '2021-06-12 20:34:44', NULL),
(199, 'dignissimos', 'Eius unde repellendus incidunt et dolor expedita. Ipsam quam reiciendis et ipsa illo eaque et.', 10, 'unavailable', 'image2.jpeg', 804, '2021-06-12 20:34:44', '2021-06-12 20:34:44', NULL),
(200, 'voluptas', 'Qui blanditiis debitis et pariatur enim dolor aut.', 1, 'available', 'image3.jpg', 800, '2021-06-12 20:34:44', '2021-06-12 20:34:44', NULL),
(201, 'unde', 'Dignissimos repellat pariatur non ab et ut.', 3, 'unavailable', 'image2.jpeg', 235, '2021-06-12 20:34:44', '2021-06-12 20:34:44', NULL),
(202, 'hic', 'Non quis distinctio quisquam.', 3, 'available', 'image2.jpeg', 846, '2021-06-12 20:34:44', '2021-06-12 20:34:44', NULL),
(203, 'pariatur', 'Pariatur ad veritatis placeat vel ut molestiae praesentium. Eaque nisi porro libero eveniet excepturi sunt ut.', 5, 'unavailable', 'image2.jpeg', 787, '2021-06-12 20:34:44', '2021-06-12 20:34:44', NULL),
(204, 'quas', 'Veniam tempore laudantium magni harum.', 6, 'available', 'image2.jpeg', 196, '2021-06-12 20:34:44', '2021-06-12 20:34:44', NULL),
(205, 'sint', 'Velit non et exercitationem nesciunt. Reiciendis atque ipsum sit.', 8, 'unavailable', 'image2.jpeg', 749, '2021-06-12 20:34:44', '2021-06-12 20:34:44', NULL),
(206, 'placeat', 'Vel enim non qui velit perspiciatis.', 5, 'available', 'image2.jpeg', 963, '2021-06-12 20:34:44', '2021-06-12 20:34:44', NULL),
(207, 'eum', 'Omnis ea accusamus eum asperiores ipsam. Quidem est deleniti consectetur repellendus ipsa.', 1, 'available', 'image3.jpg', 119, '2021-06-12 20:34:44', '2021-06-12 20:34:44', NULL),
(208, 'nesciunt', 'Iusto doloribus et quibusdam magni. Vel nam ea dolor harum aperiam.', 4, 'unavailable', 'image2.jpeg', 664, '2021-06-12 20:34:44', '2021-06-12 20:34:44', NULL),
(209, 'fugiat', 'Consequatur accusamus officiis aut facere. Quis sed consequuntur sed ut.', 2, 'available', 'image3.jpg', 481, '2021-06-12 20:34:44', '2021-06-12 20:34:44', NULL),
(210, 'molestias', 'Modi pariatur dolorem harum reiciendis perspiciatis expedita temporibus.', 10, 'unavailable', 'image1.jpg', 310, '2021-06-12 20:34:44', '2021-06-12 20:34:44', NULL),
(211, 'fugit', 'Sed nam voluptatem vero quos. Autem dolorum occaecati voluptate.', 1, 'available', 'image1.jpg', 531, '2021-06-12 20:34:44', '2021-06-12 20:34:44', NULL),
(212, 'animi', 'Libero magni atque eos autem. Esse fuga eum sit soluta.', 2, 'available', 'image3.jpg', 318, '2021-06-12 20:34:44', '2021-06-12 20:34:44', NULL),
(213, 'ut', 'Quod commodi ut qui aperiam. Voluptatum odit officiis in omnis ut laboriosam quia molestiae.', 5, 'unavailable', 'image1.jpg', 70, '2021-06-12 20:34:44', '2021-06-12 20:34:44', NULL),
(214, 'iusto', 'Eos modi nostrum culpa quas. Dolor voluptas quisquam totam neque laudantium.', 8, 'unavailable', 'image3.jpg', 568, '2021-06-12 20:34:44', '2021-06-12 20:34:44', NULL),
(215, 'magnam', 'Sapiente iure a dignissimos et eveniet blanditiis possimus.', 10, 'unavailable', 'image1.jpg', 59, '2021-06-12 20:34:44', '2021-06-12 20:34:44', NULL),
(216, 'rerum', 'Repudiandae voluptate perferendis consequatur nesciunt. Perferendis aut provident dignissimos nulla incidunt et est.', 8, 'unavailable', 'image1.jpg', 206, '2021-06-12 20:34:44', '2021-06-12 20:34:44', NULL),
(217, 'illo', 'Voluptate inventore animi soluta libero exercitationem odio odio provident. Autem illum consequatur quis non corporis quia.', 7, 'available', 'image3.jpg', 23, '2021-06-12 20:34:44', '2021-06-12 20:34:44', NULL),
(218, 'numquam', 'Quo repellat molestias quae non.', 8, 'unavailable', 'image2.jpeg', 561, '2021-06-12 20:34:44', '2021-06-12 20:34:44', NULL),
(219, 'perspiciatis', 'Et inventore fuga vel quia.', 2, 'available', 'image2.jpeg', 660, '2021-06-12 20:34:44', '2021-06-12 20:34:44', NULL),
(220, 'voluptatem', 'Dignissimos ducimus minima vel. Ad accusamus sed adipisci voluptas dolores.', 5, 'unavailable', 'image3.jpg', 208, '2021-06-12 20:34:44', '2021-06-12 20:34:44', NULL),
(221, 'optio', 'Natus ea voluptatum aut esse similique odio nesciunt. Qui nihil est deserunt provident.', 1, 'unavailable', 'image2.jpeg', 874, '2021-06-12 20:34:44', '2021-06-12 20:34:44', NULL),
(222, 'placeat', 'Voluptas eaque et natus reiciendis.', 2, 'available', 'image1.jpg', 377, '2021-06-12 20:34:44', '2021-06-12 20:34:44', NULL),
(223, 'illo', 'Aut est commodi in et repellat. Maxime ut necessitatibus minus et eaque odio ad necessitatibus.', 2, 'available', 'image1.jpg', 4, '2021-06-12 20:34:44', '2021-06-12 20:34:44', NULL),
(224, 'aut', 'At numquam reprehenderit magnam. Aut sit et assumenda aut nihil molestiae.', 9, 'unavailable', 'image3.jpg', 991, '2021-06-12 20:34:44', '2021-06-12 20:34:44', NULL),
(225, 'debitis', 'Fugit sit quod itaque molestiae tempora eius.', 7, 'unavailable', 'image3.jpg', 433, '2021-06-12 20:34:44', '2021-06-12 20:34:44', NULL),
(226, 'nam', 'Aspernatur nostrum et et in et et quasi. Accusantium repellendus in perspiciatis voluptas alias quisquam animi.', 8, 'available', 'image2.jpeg', 454, '2021-06-12 20:34:44', '2021-06-12 20:34:44', NULL),
(227, 'deleniti', 'Dicta assumenda ex sunt libero sed. Voluptas cupiditate sint vero blanditiis magni.', 3, 'unavailable', 'image2.jpeg', 749, '2021-06-12 20:34:44', '2021-06-12 20:34:44', NULL),
(228, 'aut', 'Fugiat rem omnis repudiandae optio. Ut vitae culpa et aliquid.', 7, 'unavailable', 'image3.jpg', 158, '2021-06-12 20:34:44', '2021-06-12 20:34:44', NULL),
(229, 'velit', 'Aut ea dolorem recusandae quia amet et dolorem. Aut cum vero aspernatur tenetur officia.', 10, 'unavailable', 'image1.jpg', 701, '2021-06-12 20:34:44', '2021-06-12 20:34:44', NULL),
(230, 'fuga', 'Soluta reiciendis eligendi quae nostrum et quis cupiditate aut. Assumenda cupiditate placeat ut dolor dignissimos sequi enim beatae.', 6, 'available', 'image2.jpeg', 940, '2021-06-12 20:34:44', '2021-06-12 20:34:44', NULL),
(231, 'tempora', 'Velit pariatur aut molestiae sunt.', 9, 'available', 'image3.jpg', 977, '2021-06-12 20:34:44', '2021-06-12 20:34:44', NULL),
(232, 'ut', 'Ratione iusto officia expedita non sit quis dolor aperiam. Tempora doloremque libero sint in perspiciatis recusandae.', 9, 'available', 'image2.jpeg', 365, '2021-06-12 20:34:44', '2021-06-12 20:34:44', NULL),
(233, 'dicta', 'Quia natus adipisci culpa iste nulla id. Nostrum quasi adipisci mollitia iusto omnis aut recusandae consequatur.', 4, 'available', 'image1.jpg', 891, '2021-06-12 20:34:44', '2021-06-12 20:34:44', NULL),
(234, 'qui', 'Nostrum repellat placeat facere.', 2, 'available', 'image1.jpg', 516, '2021-06-12 20:34:44', '2021-06-12 20:34:44', NULL),
(235, 'repellendus', 'Et consequuntur voluptates deserunt velit maiores.', 5, 'available', 'image1.jpg', 375, '2021-06-12 20:34:44', '2021-06-12 20:34:44', NULL),
(236, 'impedit', 'Vitae ratione alias et rem accusantium enim deserunt. Perspiciatis nesciunt a non consectetur et.', 2, 'available', 'image2.jpeg', 880, '2021-06-12 20:34:44', '2021-06-12 20:34:44', NULL),
(237, 'ipsum', 'Possimus maiores debitis deserunt explicabo. Sit quia itaque consectetur minima.', 2, 'available', 'image1.jpg', 482, '2021-06-12 20:34:44', '2021-06-12 20:34:44', NULL),
(238, 'ratione', 'Reprehenderit et aut ut similique et. Aut est pariatur in voluptatibus.', 10, 'unavailable', 'image2.jpeg', 138, '2021-06-12 20:34:44', '2021-06-12 20:34:44', NULL),
(239, 'nihil', 'Et esse ea velit et. Qui porro ipsam dicta harum mollitia neque.', 7, 'available', 'image3.jpg', 966, '2021-06-12 20:34:44', '2021-06-12 20:34:44', NULL),
(240, 'fuga', 'Et aliquam totam eos ipsum. Voluptatem sapiente aperiam quia sint dolor.', 2, 'unavailable', 'image1.jpg', 963, '2021-06-12 20:34:44', '2021-06-12 20:34:44', NULL),
(241, 'odit', 'Aut ad vel consequuntur quis sequi aperiam. Autem beatae dolor modi molestiae voluptatem omnis quia.', 8, 'unavailable', 'image1.jpg', 783, '2021-06-12 20:34:44', '2021-06-12 20:34:44', NULL),
(242, 'inventore', 'Qui est qui possimus repudiandae qui voluptas eos.', 7, 'available', 'image2.jpeg', 582, '2021-06-12 20:34:44', '2021-06-12 20:34:44', NULL),
(243, 'unde', 'Quia non ducimus odio sit eaque. Ducimus voluptas porro perspiciatis reprehenderit fugiat unde.', 8, 'unavailable', 'image3.jpg', 955, '2021-06-12 20:34:44', '2021-06-12 20:34:44', NULL),
(244, 'libero', 'Similique officiis velit vel dolorem dicta voluptatem.', 2, 'unavailable', 'image1.jpg', 124, '2021-06-12 20:34:44', '2021-06-12 20:34:44', NULL),
(245, 'sequi', 'Voluptatum dicta quibusdam eveniet quisquam minus itaque qui. Molestias est accusamus dolorum sint.', 4, 'available', 'image2.jpeg', 723, '2021-06-12 20:34:44', '2021-06-12 20:34:44', NULL),
(246, 'perferendis', 'Et illum non est et et consequatur odio vel.', 5, 'unavailable', 'image1.jpg', 547, '2021-06-12 20:34:44', '2021-06-12 20:34:44', NULL),
(247, 'quibusdam', 'Nemo aut corrupti velit nemo est similique. Aut dolorem quasi sunt quas ipsam aut.', 5, 'unavailable', 'image3.jpg', 228, '2021-06-12 20:34:44', '2021-06-12 20:34:44', NULL),
(248, 'maxime', 'Corrupti harum minus eum natus rerum commodi.', 2, 'unavailable', 'image1.jpg', 862, '2021-06-12 20:34:44', '2021-06-12 20:34:44', NULL),
(249, 'nam', 'Magnam consequuntur voluptatibus dignissimos saepe.', 3, 'available', 'image1.jpg', 377, '2021-06-12 20:34:44', '2021-06-12 20:34:44', NULL),
(250, 'repellendus', 'Sed corrupti sint saepe quo aut.', 5, 'unavailable', 'image2.jpeg', 670, '2021-06-12 20:34:44', '2021-06-12 20:34:44', NULL),
(251, 'eum', 'Delectus unde ut quia eum eveniet et.', 4, 'available', 'image3.jpg', 354, '2021-06-12 20:34:44', '2021-06-12 20:34:44', NULL),
(252, 'cupiditate', 'Fugiat est mollitia expedita neque sint delectus.', 8, 'unavailable', 'image3.jpg', 316, '2021-06-12 20:34:44', '2021-06-12 20:34:44', NULL),
(253, 'earum', 'Necessitatibus commodi molestiae atque.', 8, 'unavailable', 'image1.jpg', 661, '2021-06-12 20:34:44', '2021-06-12 20:34:44', NULL),
(254, 'ipsum', 'Ea enim nesciunt recusandae quis quam quis ex. Ab sit est sint ex natus.', 10, 'available', 'image1.jpg', 265, '2021-06-12 20:34:44', '2021-06-12 20:34:44', NULL),
(255, 'voluptatem', 'Qui voluptatem deserunt rerum rerum numquam facere omnis.', 9, 'available', 'image1.jpg', 17, '2021-06-12 20:34:44', '2021-06-12 20:34:44', NULL),
(256, 'quia', 'Inventore nesciunt quod ratione saepe.', 8, 'unavailable', 'image3.jpg', 580, '2021-06-12 20:34:44', '2021-06-12 20:34:44', NULL),
(257, 'totam', 'Atque laudantium non omnis alias doloremque quo. Delectus dicta rerum dolores incidunt ea iusto veritatis.', 2, 'unavailable', 'image2.jpeg', 31, '2021-06-12 20:34:44', '2021-06-12 20:34:44', NULL),
(258, 'sint', 'Quia provident voluptatibus qui quia ullam autem et consequatur.', 3, 'unavailable', 'image2.jpeg', 903, '2021-06-12 20:34:44', '2021-06-12 20:34:44', NULL),
(259, 'aut', 'Nesciunt consectetur occaecati consectetur officiis quisquam ullam placeat. Laboriosam sunt quidem ut.', 5, 'available', 'image1.jpg', 198, '2021-06-12 20:34:44', '2021-06-12 20:34:44', NULL),
(260, 'omnis', 'Placeat quas vero qui sed necessitatibus blanditiis repellendus.', 6, 'available', 'image3.jpg', 940, '2021-06-12 20:34:44', '2021-06-12 20:34:44', NULL),
(261, 'nulla', 'Itaque doloribus consequatur error sed est fugit.', 4, 'available', 'image3.jpg', 491, '2021-06-12 20:34:44', '2021-06-12 20:34:44', NULL),
(262, 'non', 'Enim voluptate vel molestiae accusamus vero earum. Voluptate quo eum officiis.', 7, 'available', 'image3.jpg', 438, '2021-06-12 20:34:44', '2021-06-12 20:34:44', NULL),
(263, 'commodi', 'Sint qui porro debitis quae earum dolor.', 9, 'unavailable', 'image3.jpg', 636, '2021-06-12 20:34:44', '2021-06-12 20:34:44', NULL),
(264, 'minus', 'Rem vel dolorum officiis fugit doloribus dolores dolorem corporis.', 6, 'available', 'image3.jpg', 284, '2021-06-12 20:34:44', '2021-06-12 20:34:44', NULL),
(265, 'quia', 'Accusamus earum vitae et ad itaque magnam atque.', 8, 'unavailable', 'image2.jpeg', 902, '2021-06-12 20:34:44', '2021-06-12 20:34:44', NULL),
(266, 'totam', 'Dignissimos velit excepturi deserunt est nisi sit.', 6, 'available', 'image3.jpg', 922, '2021-06-12 20:34:44', '2021-06-12 20:34:44', NULL),
(267, 'repellat', 'Eveniet qui error veritatis. Ea non eos eos voluptas ea.', 2, 'unavailable', 'image3.jpg', 839, '2021-06-12 20:34:44', '2021-06-12 20:34:44', NULL),
(268, 'deserunt', 'Saepe quaerat sequi possimus aliquid. Hic aut quisquam eveniet in unde unde.', 5, 'unavailable', 'image1.jpg', 45, '2021-06-12 20:34:44', '2021-06-12 20:34:44', NULL),
(269, 'rem', 'Distinctio rerum laudantium dolorum quaerat. Ex necessitatibus vero est.', 8, 'available', 'image3.jpg', 105, '2021-06-12 20:34:44', '2021-06-12 20:34:44', NULL),
(270, 'aspernatur', 'Tenetur non est est soluta magni.', 6, 'available', 'image2.jpeg', 924, '2021-06-12 20:34:44', '2021-06-12 20:34:44', NULL),
(271, 'repudiandae', 'Ab laudantium qui quo officiis et.', 4, 'available', 'image2.jpeg', 998, '2021-06-12 20:34:44', '2021-06-12 20:34:44', NULL),
(272, 'et', 'Eius ab repellat accusamus temporibus sunt suscipit.', 9, 'unavailable', 'image3.jpg', 914, '2021-06-12 20:34:44', '2021-06-12 20:34:44', NULL),
(273, 'omnis', 'Fuga fugiat nemo voluptatum non consequatur aut maiores.', 2, 'available', 'image3.jpg', 553, '2021-06-12 20:34:44', '2021-06-12 20:34:44', NULL),
(274, 'in', 'Ullam aperiam est accusantium exercitationem rerum a.', 1, 'available', 'image2.jpeg', 828, '2021-06-12 20:34:44', '2021-06-12 20:34:44', NULL),
(275, 'ex', 'Nulla ducimus soluta officia modi consequatur dolores unde. Mollitia sit recusandae enim ea architecto.', 10, 'unavailable', 'image1.jpg', 214, '2021-06-12 20:34:44', '2021-06-12 20:34:44', NULL),
(276, 'quis', 'Ab quis quia quo corporis sit qui est.', 2, 'unavailable', 'image2.jpeg', 288, '2021-06-12 20:34:44', '2021-06-12 20:34:44', NULL),
(277, 'in', 'Voluptas harum est at debitis accusamus maxime. Et aut accusamus eveniet harum temporibus non quam.', 8, 'unavailable', 'image2.jpeg', 89, '2021-06-12 20:34:44', '2021-06-12 20:34:44', NULL),
(278, 'hic', 'Beatae amet doloribus amet sint et. Sed consequatur deserunt voluptatem nisi fugit architecto repellendus.', 1, 'unavailable', 'image2.jpeg', 775, '2021-06-12 20:34:44', '2021-06-12 20:34:44', NULL),
(279, 'est', 'Quam consequuntur laboriosam assumenda qui repellendus qui. Nulla iste qui est explicabo.', 8, 'available', 'image3.jpg', 339, '2021-06-12 20:34:44', '2021-06-12 20:34:44', NULL),
(280, 'ex', 'Et maiores repellat aut pariatur explicabo adipisci. Similique aliquid consequatur ipsum est laudantium debitis non placeat.', 7, 'unavailable', 'image3.jpg', 189, '2021-06-12 20:34:44', '2021-06-12 20:34:44', NULL),
(281, 'temporibus', 'Repellat itaque id culpa reiciendis exercitationem et cumque eaque.', 8, 'unavailable', 'image2.jpeg', 804, '2021-06-12 20:34:44', '2021-06-12 20:34:44', NULL),
(282, 'laudantium', 'Sint libero iusto eius eum sed. Voluptatem sit et dicta esse distinctio aspernatur atque sunt.', 2, 'unavailable', 'image3.jpg', 122, '2021-06-12 20:34:44', '2021-06-12 20:34:44', NULL),
(283, 'eos', 'Illum qui at porro qui in totam suscipit.', 5, 'available', 'image2.jpeg', 34, '2021-06-12 20:34:44', '2021-06-12 20:34:44', NULL);
INSERT INTO `products` (`id`, `name`, `description`, `quantity`, `status`, `image`, `seller_id`, `created_at`, `updated_at`, `deleted_at`) VALUES
(284, 'ab', 'Et architecto saepe optio ea quis natus et qui.', 1, 'available', 'image1.jpg', 702, '2021-06-12 20:34:44', '2021-06-12 20:34:44', NULL),
(285, 'maxime', 'Beatae aut ea eaque nam sed tenetur culpa. Quos dolores quia laudantium aut illo dignissimos.', 10, 'unavailable', 'image2.jpeg', 439, '2021-06-12 20:34:44', '2021-06-12 20:34:44', NULL),
(286, 'dolor', 'Aut dolor velit facilis sit. Porro velit qui totam commodi ullam.', 2, 'available', 'image1.jpg', 485, '2021-06-12 20:34:44', '2021-06-12 20:34:44', NULL),
(287, 'consequatur', 'Sed asperiores id optio ex aut.', 5, 'unavailable', 'image1.jpg', 238, '2021-06-12 20:34:44', '2021-06-12 20:34:44', NULL),
(288, 'ipsa', 'Nulla sed ex laboriosam veritatis minus soluta earum.', 6, 'available', 'image1.jpg', 379, '2021-06-12 20:34:44', '2021-06-12 20:34:44', NULL),
(289, 'libero', 'Sed sed beatae suscipit culpa illo tempore.', 5, 'available', 'image2.jpeg', 683, '2021-06-12 20:34:44', '2021-06-12 20:34:44', NULL),
(290, 'enim', 'Dolor voluptates tenetur recusandae qui tempore rerum. Adipisci qui repudiandae quo in.', 9, 'available', 'image3.jpg', 836, '2021-06-12 20:34:44', '2021-06-12 20:34:44', NULL),
(291, 'et', 'Est quia praesentium quos aliquid molestias consequuntur. Distinctio quasi minima laudantium expedita hic.', 10, 'available', 'image1.jpg', 752, '2021-06-12 20:34:44', '2021-06-12 20:34:44', NULL),
(292, 'dicta', 'Eum rerum culpa voluptas ut ut.', 10, 'available', 'image2.jpeg', 694, '2021-06-12 20:34:44', '2021-06-12 20:34:44', NULL),
(293, 'ut', 'Ratione repellendus facere aut eveniet velit vitae.', 6, 'unavailable', 'image3.jpg', 874, '2021-06-12 20:34:44', '2021-06-12 20:34:44', NULL),
(294, 'nulla', 'Autem beatae et molestias. Delectus laudantium et nobis consectetur illo ipsum.', 8, 'unavailable', 'image1.jpg', 564, '2021-06-12 20:34:44', '2021-06-12 20:34:44', NULL),
(295, 'minima', 'Unde ducimus rem mollitia et sapiente sint. Reiciendis et totam earum quia dicta enim aut.', 4, 'unavailable', 'image1.jpg', 587, '2021-06-12 20:34:44', '2021-06-12 20:34:44', NULL),
(296, 'officia', 'Officiis quaerat tempora fugiat harum quibusdam nam et explicabo.', 8, 'available', 'image1.jpg', 988, '2021-06-12 20:34:44', '2021-06-12 20:34:44', NULL),
(297, 'non', 'Sint similique facere nemo dolores ipsum veniam in. Et amet autem odio aliquam id.', 1, 'available', 'image3.jpg', 195, '2021-06-12 20:34:44', '2021-06-12 20:34:44', NULL),
(298, 'numquam', 'Sit qui ab voluptatum sed autem fuga sequi officiis. Rerum aperiam aut itaque magnam.', 2, 'available', 'image2.jpeg', 281, '2021-06-12 20:34:44', '2021-06-12 20:34:44', NULL),
(299, 'eaque', 'Quod enim autem eaque explicabo. Ipsam blanditiis quia quia esse iste totam.', 4, 'unavailable', 'image1.jpg', 10, '2021-06-12 20:34:44', '2021-06-12 20:34:44', NULL),
(300, 'officiis', 'Dolorem inventore quibusdam nihil unde. Eos illo atque eos rerum nihil quo.', 8, 'unavailable', 'image1.jpg', 205, '2021-06-12 20:34:44', '2021-06-12 20:34:44', NULL),
(301, 'eos', 'Libero placeat architecto nisi sunt iure at neque.', 1, 'unavailable', 'image1.jpg', 956, '2021-06-12 20:34:44', '2021-06-12 20:34:44', NULL),
(302, 'laboriosam', 'Nemo a sit eligendi laboriosam nihil vitae.', 1, 'available', 'image1.jpg', 436, '2021-06-12 20:34:44', '2021-06-12 20:34:44', NULL),
(303, 'fugit', 'Quisquam quam reiciendis doloremque.', 1, 'unavailable', 'image2.jpeg', 320, '2021-06-12 20:34:45', '2021-06-12 20:34:45', NULL),
(304, 'omnis', 'Incidunt ipsa nobis magnam facere eius expedita.', 7, 'available', 'image1.jpg', 235, '2021-06-12 20:34:45', '2021-06-12 20:34:45', NULL),
(305, 'id', 'Dolorem vel magnam corporis aliquid aut sunt.', 10, 'available', 'image2.jpeg', 131, '2021-06-12 20:34:45', '2021-06-12 20:34:45', NULL),
(306, 'maxime', 'Autem laborum eaque cum voluptas aspernatur qui in. Nisi occaecati qui aut accusamus aut suscipit sint.', 6, 'available', 'image3.jpg', 530, '2021-06-12 20:34:45', '2021-06-12 20:34:45', NULL),
(307, 'aspernatur', 'Neque voluptas numquam velit at.', 4, 'available', 'image2.jpeg', 86, '2021-06-12 20:34:45', '2021-06-12 20:34:45', NULL),
(308, 'quis', 'Dolorum veritatis soluta quas vitae excepturi sit perspiciatis eaque.', 8, 'available', 'image3.jpg', 422, '2021-06-12 20:34:45', '2021-06-12 20:34:45', NULL),
(309, 'facere', 'Saepe eius adipisci perferendis non adipisci minus. Qui ratione quaerat est iusto eveniet odit debitis.', 10, 'unavailable', 'image1.jpg', 750, '2021-06-12 20:34:45', '2021-06-12 20:34:45', NULL),
(310, 'aut', 'Ex itaque blanditiis est neque. Rerum aperiam sed enim nulla voluptatem.', 1, 'available', 'image2.jpeg', 353, '2021-06-12 20:34:45', '2021-06-12 20:34:45', NULL),
(311, 'distinctio', 'Eos nemo repellendus eum aut aperiam.', 10, 'unavailable', 'image2.jpeg', 839, '2021-06-12 20:34:45', '2021-06-12 20:34:45', NULL),
(312, 'aliquid', 'Eaque aspernatur est nostrum suscipit quaerat rerum. A officia voluptates voluptate quidem dolorem ad assumenda.', 10, 'unavailable', 'image2.jpeg', 268, '2021-06-12 20:34:45', '2021-06-12 20:34:45', NULL),
(313, 'voluptate', 'Illum eligendi velit voluptate quaerat fuga quia voluptates. Nisi adipisci architecto perspiciatis omnis culpa voluptatem.', 8, 'available', 'image3.jpg', 634, '2021-06-12 20:34:45', '2021-06-12 20:34:45', NULL),
(314, 'exercitationem', 'Incidunt non soluta consequatur. Et aliquam qui deserunt omnis veritatis sit dolor at.', 10, 'unavailable', 'image2.jpeg', 949, '2021-06-12 20:34:45', '2021-06-12 20:34:45', NULL),
(315, 'id', 'Sit non ut ex reprehenderit a eveniet nam repellendus.', 6, 'unavailable', 'image1.jpg', 948, '2021-06-12 20:34:45', '2021-06-12 20:34:45', NULL),
(316, 'corrupti', 'Labore consequuntur est possimus. Optio vel aut tempora eius assumenda consectetur.', 8, 'unavailable', 'image1.jpg', 284, '2021-06-12 20:34:45', '2021-06-12 20:34:45', NULL),
(317, 'quia', 'Nostrum ipsum a iure maiores et dolore.', 9, 'available', 'image3.jpg', 266, '2021-06-12 20:34:45', '2021-06-12 20:34:45', NULL),
(318, 'ullam', 'Eveniet consequatur enim occaecati non. Unde vel qui a officia minima quasi numquam veritatis.', 1, 'unavailable', 'image1.jpg', 945, '2021-06-12 20:34:45', '2021-06-12 20:34:45', NULL),
(319, 'autem', 'Culpa aut aut cum laboriosam. Consequatur autem iusto accusamus temporibus amet est occaecati.', 8, 'unavailable', 'image3.jpg', 202, '2021-06-12 20:34:45', '2021-06-12 20:34:45', NULL),
(320, 'aut', 'Enim in labore cupiditate qui. Praesentium molestiae et libero natus sit est maxime.', 7, 'available', 'image3.jpg', 729, '2021-06-12 20:34:45', '2021-06-12 20:34:45', NULL),
(321, 'asperiores', 'Debitis et aperiam voluptate et.', 9, 'unavailable', 'image1.jpg', 932, '2021-06-12 20:34:45', '2021-06-12 20:34:45', NULL),
(322, 'eos', 'Fugiat repellat dignissimos facere consectetur.', 3, 'unavailable', 'image2.jpeg', 341, '2021-06-12 20:34:45', '2021-06-12 20:34:45', NULL),
(323, 'dolores', 'Fuga quia est et voluptatem recusandae consequatur mollitia enim. Sint non veniam et similique.', 3, 'available', 'image1.jpg', 714, '2021-06-12 20:34:45', '2021-06-12 20:34:45', NULL),
(324, 'animi', 'Veniam quod aut consectetur est accusantium. Beatae animi in dolorem temporibus aliquam necessitatibus.', 6, 'unavailable', 'image1.jpg', 304, '2021-06-12 20:34:45', '2021-06-12 20:34:45', NULL),
(325, 'consectetur', 'Enim iure qui rem perferendis expedita animi.', 7, 'unavailable', 'image1.jpg', 403, '2021-06-12 20:34:45', '2021-06-12 20:34:45', NULL),
(326, 'eaque', 'Asperiores aut ipsam minus dolorum perspiciatis quam.', 1, 'unavailable', 'image3.jpg', 460, '2021-06-12 20:34:45', '2021-06-12 20:34:45', NULL),
(327, 'ut', 'Eum quam voluptates nostrum atque. Vel velit est quisquam.', 4, 'unavailable', 'image2.jpeg', 475, '2021-06-12 20:34:45', '2021-06-12 20:34:45', NULL),
(328, 'autem', 'Quos deleniti asperiores vel corporis. Eius molestiae assumenda iusto fugiat debitis enim et labore.', 8, 'unavailable', 'image1.jpg', 180, '2021-06-12 20:34:45', '2021-06-12 20:34:45', NULL),
(329, 'nesciunt', 'Earum id non expedita impedit maiores.', 5, 'available', 'image2.jpeg', 103, '2021-06-12 20:34:45', '2021-06-12 20:34:45', NULL),
(330, 'blanditiis', 'Distinctio aut officia molestiae ipsa.', 10, 'unavailable', 'image3.jpg', 777, '2021-06-12 20:34:45', '2021-06-12 20:34:45', NULL),
(331, 'perferendis', 'Et ut autem voluptatum est adipisci nihil culpa. Non et quos ut illo id.', 4, 'available', 'image3.jpg', 874, '2021-06-12 20:34:45', '2021-06-12 20:34:45', NULL),
(332, 'sunt', 'Architecto quia quisquam veritatis blanditiis quidem similique laudantium. Error alias sunt cum facilis molestiae.', 2, 'available', 'image3.jpg', 85, '2021-06-12 20:34:45', '2021-06-12 20:34:45', NULL),
(333, 'omnis', 'Eos commodi quia excepturi dolorem reprehenderit.', 7, 'available', 'image1.jpg', 343, '2021-06-12 20:34:45', '2021-06-12 20:34:45', NULL),
(334, 'voluptas', 'Alias hic dignissimos consequatur ipsum et temporibus amet. Necessitatibus aspernatur animi cum quaerat quidem.', 7, 'available', 'image3.jpg', 477, '2021-06-12 20:34:45', '2021-06-12 20:34:45', NULL),
(335, 'fugit', 'Beatae molestiae eligendi distinctio consequatur error. Mollitia maxime assumenda hic est repellat.', 3, 'available', 'image2.jpeg', 153, '2021-06-12 20:34:45', '2021-06-12 20:34:45', NULL),
(336, 'consequatur', 'Et quae repellendus cum. Dolorem quae odit recusandae est.', 1, 'available', 'image2.jpeg', 823, '2021-06-12 20:34:45', '2021-06-12 20:34:45', NULL),
(337, 'ut', 'Itaque quidem officia qui cum fuga est.', 10, 'unavailable', 'image2.jpeg', 456, '2021-06-12 20:34:45', '2021-06-12 20:34:45', NULL),
(338, 'nihil', 'Possimus ut ex recusandae error. Est voluptatem qui est vero possimus.', 7, 'unavailable', 'image1.jpg', 402, '2021-06-12 20:34:45', '2021-06-12 20:34:45', NULL),
(339, 'laboriosam', 'Qui cupiditate delectus dolorum qui expedita. Non voluptas numquam fugiat et.', 9, 'unavailable', 'image1.jpg', 867, '2021-06-12 20:34:45', '2021-06-12 20:34:45', NULL),
(340, 'qui', 'Ipsam labore commodi quasi consequatur voluptatem illo et eos.', 9, 'unavailable', 'image2.jpeg', 179, '2021-06-12 20:34:45', '2021-06-12 20:34:45', NULL),
(341, 'est', 'Eos et repudiandae laborum dolorum totam est. Quisquam qui doloribus temporibus quia eum esse amet deserunt.', 1, 'available', 'image2.jpeg', 874, '2021-06-12 20:34:45', '2021-06-12 20:34:45', NULL),
(342, 'aut', 'Libero deserunt quia et corporis numquam et. Voluptas illum autem ut.', 5, 'available', 'image1.jpg', 536, '2021-06-12 20:34:45', '2021-06-12 20:34:45', NULL),
(343, 'est', 'Consequatur modi nemo atque at voluptatem. Dolore corrupti voluptatum quo ipsum nesciunt sint et harum.', 1, 'available', 'image3.jpg', 739, '2021-06-12 20:34:45', '2021-06-12 20:34:45', NULL),
(344, 'ut', 'Sed reiciendis qui veniam non dolor dolor. Dignissimos animi officiis delectus.', 10, 'available', 'image1.jpg', 557, '2021-06-12 20:34:45', '2021-06-12 20:34:45', NULL),
(345, 'quo', 'Nostrum laboriosam nulla et eveniet eius pariatur cum. Quod laborum harum dolorem non voluptatem aut saepe.', 7, 'available', 'image2.jpeg', 415, '2021-06-12 20:34:45', '2021-06-12 20:34:45', NULL),
(346, 'suscipit', 'Itaque eum quia voluptate qui dolore assumenda ut.', 10, 'unavailable', 'image1.jpg', 786, '2021-06-12 20:34:45', '2021-06-12 20:34:45', NULL),
(347, 'est', 'Sit ut distinctio aut sunt. Harum velit fugiat magni quibusdam.', 6, 'unavailable', 'image1.jpg', 682, '2021-06-12 20:34:45', '2021-06-12 20:34:45', NULL),
(348, 'magnam', 'Sed distinctio ipsum optio cum sapiente distinctio. Animi optio aspernatur quasi dignissimos hic.', 6, 'available', 'image1.jpg', 134, '2021-06-12 20:34:45', '2021-06-12 20:34:45', NULL),
(349, 'tempora', 'Voluptate vitae enim in impedit.', 7, 'available', 'image1.jpg', 323, '2021-06-12 20:34:45', '2021-06-12 20:34:45', NULL),
(350, 'magnam', 'Deleniti enim dolor aut in amet dignissimos. Temporibus in autem illo non et assumenda sed nobis.', 6, 'unavailable', 'image1.jpg', 939, '2021-06-12 20:34:45', '2021-06-12 20:34:45', NULL),
(351, 'corrupti', 'Sapiente id veniam voluptatibus ut rerum. Temporibus numquam tenetur cumque officiis.', 2, 'available', 'image1.jpg', 246, '2021-06-12 20:34:45', '2021-06-12 20:34:45', NULL),
(352, 'id', 'Nisi possimus quia qui qui debitis sed. Recusandae cupiditate harum blanditiis ut itaque facere et.', 5, 'available', 'image1.jpg', 611, '2021-06-12 20:34:45', '2021-06-12 20:34:45', NULL),
(353, 'magni', 'Magnam cumque recusandae voluptatibus neque qui quia est reiciendis.', 6, 'unavailable', 'image3.jpg', 249, '2021-06-12 20:34:45', '2021-06-12 20:34:45', NULL),
(354, 'veniam', 'Error quas sunt veritatis eos accusamus sunt aut. Quod recusandae qui laboriosam rerum.', 3, 'available', 'image3.jpg', 130, '2021-06-12 20:34:45', '2021-06-12 20:34:45', NULL),
(355, 'quod', 'Non tenetur odit quam fugiat placeat quis nihil.', 5, 'available', 'image3.jpg', 883, '2021-06-12 20:34:45', '2021-06-12 20:34:45', NULL),
(356, 'ut', 'Minima recusandae autem cupiditate corrupti. Aut porro et qui nulla.', 8, 'unavailable', 'image3.jpg', 246, '2021-06-12 20:34:45', '2021-06-12 20:34:45', NULL),
(357, 'ut', 'Quia sequi ea et culpa.', 2, 'available', 'image3.jpg', 187, '2021-06-12 20:34:45', '2021-06-12 20:34:45', NULL),
(358, 'est', 'Omnis est nesciunt placeat quam accusamus odio aspernatur. Et eligendi ut distinctio sit molestiae voluptas.', 4, 'available', 'image2.jpeg', 929, '2021-06-12 20:34:45', '2021-06-12 20:34:45', NULL),
(359, 'ut', 'Commodi hic et velit odit ut quia. Id nihil delectus eius minus hic aliquid quam.', 10, 'available', 'image3.jpg', 94, '2021-06-12 20:34:45', '2021-06-12 20:34:45', NULL),
(360, 'molestias', 'Hic quaerat ullam ducimus omnis aliquid.', 2, 'available', 'image1.jpg', 465, '2021-06-12 20:34:45', '2021-06-12 20:34:45', NULL),
(361, 'quae', 'Voluptas perspiciatis distinctio quo beatae quam. Quam maiores voluptas sed voluptatum ex et ipsum.', 2, 'available', 'image1.jpg', 626, '2021-06-12 20:34:45', '2021-06-12 20:34:45', NULL),
(362, 'consequatur', 'Beatae amet accusantium exercitationem dolorem sed fugiat et.', 6, 'available', 'image3.jpg', 631, '2021-06-12 20:34:45', '2021-06-12 20:34:45', NULL),
(363, 'a', 'Facere fugit non ut quisquam quia doloremque. Nam iure eos minus est voluptatum ipsam.', 4, 'available', 'image1.jpg', 555, '2021-06-12 20:34:45', '2021-06-12 20:34:45', NULL),
(364, 'eius', 'Praesentium et quam aperiam quia porro.', 6, 'unavailable', 'image1.jpg', 691, '2021-06-12 20:34:45', '2021-06-12 20:34:45', NULL),
(365, 'aut', 'Qui consequatur qui et libero iste recusandae mollitia. Velit ut voluptas qui aut.', 6, 'unavailable', 'image3.jpg', 423, '2021-06-12 20:34:45', '2021-06-12 20:34:45', NULL),
(366, 'unde', 'Ea aliquam inventore tenetur eum. Enim ipsa consequuntur atque ea.', 8, 'available', 'image2.jpeg', 39, '2021-06-12 20:34:45', '2021-06-12 20:34:45', NULL),
(367, 'consequatur', 'Quia quae molestias accusantium similique nobis praesentium.', 2, 'available', 'image3.jpg', 840, '2021-06-12 20:34:45', '2021-06-12 20:34:45', NULL),
(368, 'quis', 'Quo suscipit sapiente et quia eveniet error adipisci consequatur. Officiis laborum sed aut est distinctio cum hic.', 4, 'unavailable', 'image3.jpg', 569, '2021-06-12 20:34:45', '2021-06-12 20:34:45', NULL),
(369, 'tempora', 'Eum eius consequatur officia velit. Sit harum nisi ut facere neque fugiat veniam.', 4, 'unavailable', 'image2.jpeg', 187, '2021-06-12 20:34:45', '2021-06-12 20:34:45', NULL),
(370, 'magnam', 'Amet eum et ipsam in.', 3, 'unavailable', 'image2.jpeg', 193, '2021-06-12 20:34:45', '2021-06-12 20:34:45', NULL),
(371, 'aliquid', 'Incidunt ex laboriosam eum voluptas quis aspernatur.', 2, 'unavailable', 'image2.jpeg', 298, '2021-06-12 20:34:45', '2021-06-12 20:34:45', NULL),
(372, 'nulla', 'Dolore quisquam culpa doloremque deserunt.', 5, 'unavailable', 'image1.jpg', 748, '2021-06-12 20:34:45', '2021-06-12 20:34:45', NULL),
(373, 'reprehenderit', 'Ab illo doloremque et odio natus.', 5, 'unavailable', 'image2.jpeg', 902, '2021-06-12 20:34:45', '2021-06-12 20:34:45', NULL),
(374, 'natus', 'Reprehenderit magni corrupti hic nam rerum. Repudiandae impedit et sequi.', 6, 'available', 'image2.jpeg', 124, '2021-06-12 20:34:45', '2021-06-12 20:34:45', NULL),
(375, 'mollitia', 'Error impedit vero ipsam repellat.', 3, 'available', 'image3.jpg', 11, '2021-06-12 20:34:45', '2021-06-12 20:34:45', NULL),
(376, 'voluptatem', 'Nostrum quia est itaque iure reiciendis modi.', 9, 'available', 'image2.jpeg', 407, '2021-06-12 20:34:45', '2021-06-12 20:34:45', NULL),
(377, 'placeat', 'Incidunt culpa et est non repudiandae nam.', 7, 'unavailable', 'image2.jpeg', 793, '2021-06-12 20:34:45', '2021-06-12 20:34:45', NULL),
(378, 'qui', 'Ea dicta qui eligendi doloribus doloremque molestiae temporibus.', 10, 'available', 'image2.jpeg', 569, '2021-06-12 20:34:45', '2021-06-12 20:34:45', NULL),
(379, 'omnis', 'Saepe aut optio tempora.', 1, 'available', 'image2.jpeg', 596, '2021-06-12 20:34:45', '2021-06-12 20:34:45', NULL),
(380, 'aut', 'Esse pariatur ratione omnis est. Cum dolores numquam natus ipsa et amet.', 5, 'available', 'image3.jpg', 817, '2021-06-12 20:34:45', '2021-06-12 20:34:45', NULL),
(381, 'voluptatem', 'Fugit omnis sit occaecati laboriosam.', 4, 'unavailable', 'image3.jpg', 448, '2021-06-12 20:34:45', '2021-06-12 20:34:45', NULL),
(382, 'aut', 'Eum doloremque ipsum sit. Aut quas pariatur sunt et corrupti ut est.', 2, 'available', 'image3.jpg', 177, '2021-06-12 20:34:45', '2021-06-12 20:34:45', NULL),
(383, 'dolorem', 'Accusantium sit et ut error aut quia neque. Atque magnam accusamus corrupti et molestias.', 1, 'available', 'image2.jpeg', 311, '2021-06-12 20:34:45', '2021-06-12 20:34:45', NULL),
(384, 'aspernatur', 'Aut nisi error aliquam illum incidunt et. Sequi rerum aliquid animi eveniet fuga consequuntur ut.', 2, 'available', 'image1.jpg', 537, '2021-06-12 20:34:45', '2021-06-12 20:34:45', NULL),
(385, 'sed', 'Ratione nobis incidunt dignissimos sequi cumque et.', 2, 'available', 'image1.jpg', 25, '2021-06-12 20:34:45', '2021-06-12 20:34:45', NULL),
(386, 'est', 'Non eligendi et quidem sint consequatur. Corrupti sint dolorem perspiciatis doloribus ipsam accusantium asperiores.', 9, 'unavailable', 'image1.jpg', 900, '2021-06-12 20:34:45', '2021-06-12 20:34:45', NULL),
(387, 'aut', 'Numquam impedit quae maxime voluptatibus soluta.', 4, 'available', 'image2.jpeg', 978, '2021-06-12 20:34:45', '2021-06-12 20:34:45', NULL),
(388, 'accusantium', 'Nemo minus nostrum ratione et aut perferendis.', 2, 'available', 'image3.jpg', 469, '2021-06-12 20:34:45', '2021-06-12 20:34:45', NULL),
(389, 'itaque', 'Sunt tenetur accusantium blanditiis quae earum.', 6, 'available', 'image1.jpg', 952, '2021-06-12 20:34:45', '2021-06-12 20:34:45', NULL),
(390, 'nemo', 'Quis reprehenderit veritatis aut esse dicta. Ipsam voluptatibus quia eligendi quia.', 4, 'available', 'image3.jpg', 961, '2021-06-12 20:34:45', '2021-06-12 20:34:45', NULL),
(391, 'ducimus', 'Est repudiandae eum porro et. Nisi qui totam quod numquam est sit voluptates illo.', 4, 'unavailable', 'image3.jpg', 534, '2021-06-12 20:34:45', '2021-06-12 20:34:45', NULL),
(392, 'accusamus', 'Vitae rerum molestiae aliquid error fugit. Rem reiciendis accusamus quis.', 8, 'available', 'image1.jpg', 981, '2021-06-12 20:34:45', '2021-06-12 20:34:45', NULL),
(393, 'veniam', 'Cum quae voluptatum perferendis est autem.', 8, 'available', 'image2.jpeg', 977, '2021-06-12 20:34:45', '2021-06-12 20:34:45', NULL),
(394, 'eos', 'Nostrum autem nisi aut dolor saepe quidem eos.', 4, 'unavailable', 'image2.jpeg', 337, '2021-06-12 20:34:45', '2021-06-12 20:34:45', NULL),
(395, 'incidunt', 'Quo ipsum autem enim necessitatibus.', 4, 'unavailable', 'image3.jpg', 377, '2021-06-12 20:34:45', '2021-06-12 20:34:45', NULL),
(396, 'et', 'Sed sunt sed eius non non dolores repellat dolores.', 8, 'available', 'image2.jpeg', 694, '2021-06-12 20:34:45', '2021-06-12 20:34:45', NULL),
(397, 'molestiae', 'Sapiente ea nulla ut vero sed ut.', 6, 'unavailable', 'image1.jpg', 852, '2021-06-12 20:34:45', '2021-06-12 20:34:45', NULL),
(398, 'earum', 'Molestias non veritatis nam tenetur atque. Minima omnis officia aut natus quas harum vel.', 6, 'unavailable', 'image3.jpg', 332, '2021-06-12 20:34:45', '2021-06-12 20:34:45', NULL),
(399, 'iure', 'Est porro itaque eveniet consequuntur dolorum voluptatem quis.', 5, 'available', 'image1.jpg', 626, '2021-06-12 20:34:45', '2021-06-12 20:34:45', NULL),
(400, 'eligendi', 'Aut ducimus in dignissimos ea eligendi.', 3, 'available', 'image3.jpg', 847, '2021-06-12 20:34:45', '2021-06-12 20:34:45', NULL),
(401, 'ut', 'Sapiente consequatur suscipit quia nihil accusamus mollitia.', 10, 'available', 'image3.jpg', 527, '2021-06-12 20:34:45', '2021-06-12 20:34:45', NULL),
(402, 'quam', 'Vitae aspernatur minus error incidunt fugit est cupiditate. Voluptas veniam dolores est molestiae.', 6, 'available', 'image1.jpg', 766, '2021-06-12 20:34:45', '2021-06-12 20:34:45', NULL),
(403, 'sit', 'Debitis perferendis rerum quo expedita sit. Consequuntur omnis laborum nulla non.', 7, 'available', 'image2.jpeg', 376, '2021-06-12 20:34:45', '2021-06-12 20:34:45', NULL),
(404, 'ducimus', 'Laudantium et non quibusdam qui qui doloremque. Qui praesentium natus nihil similique eveniet iure totam.', 4, 'available', 'image1.jpg', 685, '2021-06-12 20:34:45', '2021-06-12 20:34:45', NULL),
(405, 'reiciendis', 'Nostrum nihil eum quia totam quia. Eum officiis in molestias dolores maxime voluptates quasi.', 6, 'available', 'image1.jpg', 844, '2021-06-12 20:34:45', '2021-06-12 20:34:45', NULL),
(406, 'cupiditate', 'Sed ea molestiae et natus labore delectus doloribus. Debitis eum possimus veritatis dolorem.', 7, 'unavailable', 'image1.jpg', 636, '2021-06-12 20:34:45', '2021-06-12 20:34:45', NULL),
(407, 'voluptatem', 'Omnis voluptas expedita incidunt porro sed iste.', 4, 'available', 'image1.jpg', 629, '2021-06-12 20:34:45', '2021-06-12 20:34:45', NULL),
(408, 'voluptatibus', 'Aperiam recusandae culpa tempora omnis occaecati. Distinctio vel praesentium pariatur ut.', 9, 'available', 'image3.jpg', 583, '2021-06-12 20:34:45', '2021-06-12 20:34:45', NULL),
(409, 'omnis', 'Recusandae non velit eligendi corrupti. Sapiente quibusdam et ipsam sed doloribus unde dolor.', 6, 'unavailable', 'image3.jpg', 281, '2021-06-12 20:34:45', '2021-06-12 20:34:45', NULL),
(410, 'incidunt', 'Impedit labore eligendi velit sint blanditiis perferendis fuga maxime.', 6, 'unavailable', 'image2.jpeg', 421, '2021-06-12 20:34:45', '2021-06-12 20:34:45', NULL),
(411, 'quas', 'Ab libero perspiciatis nihil dolores.', 8, 'available', 'image1.jpg', 864, '2021-06-12 20:34:45', '2021-06-12 20:34:45', NULL),
(412, 'enim', 'Et in ut et sint eos dignissimos. Dolor modi vel ad esse quia perferendis.', 2, 'available', 'image1.jpg', 36, '2021-06-12 20:34:45', '2021-06-12 20:34:45', NULL),
(413, 'consequuntur', 'Voluptatum facere accusamus quia corrupti aperiam.', 4, 'available', 'image2.jpeg', 12, '2021-06-12 20:34:45', '2021-06-12 20:34:45', NULL),
(414, 'ut', 'Consequatur quaerat et reiciendis ipsa. Commodi eaque accusantium iste magnam amet.', 3, 'available', 'image3.jpg', 71, '2021-06-12 20:34:45', '2021-06-12 20:34:45', NULL),
(415, 'praesentium', 'Aliquid ut nostrum dolores iusto atque fugit et. Est aut excepturi vel et.', 5, 'available', 'image3.jpg', 773, '2021-06-12 20:34:45', '2021-06-12 20:34:45', NULL),
(416, 'odit', 'Cum reprehenderit ea magni animi. Qui eveniet ea autem quis quia veniam suscipit at.', 3, 'unavailable', 'image1.jpg', 164, '2021-06-12 20:34:45', '2021-06-12 20:34:45', NULL),
(417, 'unde', 'Sint ea ut impedit nesciunt consectetur. Minus ipsam aut cupiditate.', 6, 'unavailable', 'image2.jpeg', 918, '2021-06-12 20:34:45', '2021-06-12 20:34:45', NULL),
(418, 'consequatur', 'Molestiae rerum ut eius consequatur.', 3, 'available', 'image1.jpg', 31, '2021-06-12 20:34:45', '2021-06-12 20:34:45', NULL),
(419, 'sit', 'Aut quisquam aperiam veniam ratione dolorem impedit.', 5, 'unavailable', 'image1.jpg', 912, '2021-06-12 20:34:45', '2021-06-12 20:34:45', NULL),
(420, 'sint', 'Fugiat nisi sint nihil eveniet harum qui. Est et commodi rerum quibusdam omnis harum dolores.', 7, 'available', 'image3.jpg', 724, '2021-06-12 20:34:45', '2021-06-12 20:34:45', NULL),
(421, 'necessitatibus', 'Dolores expedita officiis quae doloremque laborum eos. Est aut reiciendis nihil atque ut quos.', 8, 'unavailable', 'image3.jpg', 82, '2021-06-12 20:34:45', '2021-06-12 20:34:45', NULL),
(422, 'numquam', 'Cumque et mollitia eos. Excepturi voluptatem repudiandae quidem sed commodi.', 9, 'available', 'image1.jpg', 308, '2021-06-12 20:34:45', '2021-06-12 20:34:45', NULL),
(423, 'voluptas', 'Deserunt voluptatem ut qui at nulla voluptas.', 5, 'unavailable', 'image1.jpg', 664, '2021-06-12 20:34:45', '2021-06-12 20:34:45', NULL),
(424, 'dolorem', 'Sequi sit aut voluptatem occaecati quam explicabo explicabo. Soluta libero libero asperiores id placeat.', 2, 'unavailable', 'image2.jpeg', 947, '2021-06-12 20:34:45', '2021-06-12 20:34:45', NULL),
(425, 'nihil', 'Beatae culpa veritatis molestias ut nemo. Cumque est error ab delectus ducimus rem ea accusantium.', 10, 'available', 'image1.jpg', 589, '2021-06-12 20:34:45', '2021-06-12 20:34:45', NULL),
(426, 'reiciendis', 'Sed nihil quia occaecati tempora ad a suscipit.', 1, 'unavailable', 'image2.jpeg', 131, '2021-06-12 20:34:45', '2021-06-12 20:34:45', NULL),
(427, 'eum', 'Non ut similique quo velit sapiente. Molestiae nulla error facere.', 4, 'unavailable', 'image3.jpg', 151, '2021-06-12 20:34:45', '2021-06-12 20:34:45', NULL),
(428, 'qui', 'Rem voluptatum magnam atque vero.', 6, 'unavailable', 'image3.jpg', 121, '2021-06-12 20:34:45', '2021-06-12 20:34:45', NULL),
(429, 'quos', 'Cumque dolores at et dolor. Velit adipisci inventore harum et earum optio architecto.', 4, 'available', 'image2.jpeg', 737, '2021-06-12 20:34:45', '2021-06-12 20:34:45', NULL),
(430, 'ab', 'Non at esse voluptatibus. Et ea quae et et facilis impedit non.', 9, 'available', 'image1.jpg', 940, '2021-06-12 20:34:45', '2021-06-12 20:34:45', NULL),
(431, 'dolor', 'Omnis distinctio et amet necessitatibus occaecati aut et.', 9, 'available', 'image3.jpg', 152, '2021-06-12 20:34:45', '2021-06-12 20:34:45', NULL),
(432, 'quos', 'Molestias doloremque assumenda in. Placeat nihil quas minus ut ut exercitationem.', 8, 'available', 'image2.jpeg', 440, '2021-06-12 20:34:45', '2021-06-12 20:34:45', NULL),
(433, 'quia', 'Omnis sed sapiente perferendis fuga sit cumque ut. Expedita consequatur iure odio.', 5, 'unavailable', 'image1.jpg', 76, '2021-06-12 20:34:45', '2021-06-12 20:34:45', NULL),
(434, 'sed', 'Consequatur adipisci velit suscipit et.', 3, 'unavailable', 'image2.jpeg', 379, '2021-06-12 20:34:45', '2021-06-12 20:34:45', NULL),
(435, 'mollitia', 'Totam ad rem natus qui. Quo eius velit et porro voluptatem ipsum dolorum corporis.', 6, 'available', 'image2.jpeg', 926, '2021-06-12 20:34:45', '2021-06-12 20:34:45', NULL),
(436, 'est', 'Facere quam rem similique non.', 7, 'available', 'image3.jpg', 803, '2021-06-12 20:34:45', '2021-06-12 20:34:45', NULL),
(437, 'aut', 'Aut quia in et est error quibusdam. Sit id quasi et nisi amet sed sed.', 3, 'available', 'image3.jpg', 679, '2021-06-12 20:34:45', '2021-06-12 20:34:45', NULL),
(438, 'vel', 'Expedita atque qui commodi optio.', 2, 'available', 'image1.jpg', 885, '2021-06-12 20:34:45', '2021-06-12 20:34:45', NULL),
(439, 'numquam', 'Maiores animi dolores blanditiis necessitatibus doloremque ducimus.', 9, 'available', 'image3.jpg', 215, '2021-06-12 20:34:45', '2021-06-12 20:34:45', NULL),
(440, 'dicta', 'Et quasi similique voluptas optio natus. Velit optio aliquam reprehenderit neque autem repellat.', 10, 'available', 'image3.jpg', 542, '2021-06-12 20:34:45', '2021-06-12 20:34:45', NULL),
(441, 'dolores', 'Quis neque et vitae facere. Vel vel facere est blanditiis et.', 2, 'available', 'image1.jpg', 983, '2021-06-12 20:34:45', '2021-06-12 20:34:45', NULL),
(442, 'sed', 'Fuga dolorem temporibus tempora minus aut. Et sed aut sit earum quisquam rerum.', 3, 'available', 'image1.jpg', 935, '2021-06-12 20:34:45', '2021-06-12 20:34:45', NULL),
(443, 'blanditiis', 'Rerum quasi laudantium ut sequi omnis quia incidunt. Est odio nostrum quam vitae tenetur voluptas reprehenderit.', 8, 'unavailable', 'image1.jpg', 198, '2021-06-12 20:34:45', '2021-06-12 20:34:45', NULL),
(444, 'assumenda', 'Molestiae dolores vel et ut necessitatibus numquam sint. Omnis recusandae voluptatum quia odio ipsa.', 3, 'unavailable', 'image2.jpeg', 706, '2021-06-12 20:34:45', '2021-06-12 20:34:45', NULL),
(445, 'quo', 'Atque blanditiis ut corporis rerum rerum. Libero vel tenetur eos maiores.', 9, 'available', 'image2.jpeg', 295, '2021-06-12 20:34:45', '2021-06-12 20:34:45', NULL),
(446, 'est', 'Et hic consequatur ab adipisci blanditiis tenetur sint aperiam. Maxime ut nobis commodi dicta sit tenetur quod.', 9, 'unavailable', 'image3.jpg', 939, '2021-06-12 20:34:45', '2021-06-12 20:34:45', NULL),
(447, 'sunt', 'Voluptates officiis iste soluta et corrupti.', 2, 'available', 'image3.jpg', 12, '2021-06-12 20:34:45', '2021-06-12 20:34:45', NULL),
(448, 'id', 'Nulla sunt provident quam enim ab. Itaque et enim dolorem.', 9, 'unavailable', 'image3.jpg', 716, '2021-06-12 20:34:45', '2021-06-12 20:34:45', NULL),
(449, 'aliquam', 'Repudiandae laudantium id eum dolorum necessitatibus tenetur magni.', 10, 'available', 'image2.jpeg', 736, '2021-06-12 20:34:45', '2021-06-12 20:34:45', NULL),
(450, 'ducimus', 'Pariatur aut quas nostrum qui aut. Corrupti exercitationem qui repellat dolore cum voluptatem.', 5, 'available', 'image2.jpeg', 410, '2021-06-12 20:34:45', '2021-06-12 20:34:45', NULL),
(451, 'sunt', 'Aliquid omnis tempore repellat voluptate architecto ex corrupti. Animi eligendi commodi et.', 8, 'unavailable', 'image2.jpeg', 264, '2021-06-12 20:34:45', '2021-06-12 20:34:45', NULL),
(452, 'dignissimos', 'Ut tenetur optio soluta hic voluptatum nemo.', 7, 'available', 'image2.jpeg', 894, '2021-06-12 20:34:45', '2021-06-12 20:34:45', NULL),
(453, 'odit', 'Debitis natus officia nihil mollitia. Magni accusantium consequatur vel dicta sint omnis omnis.', 6, 'unavailable', 'image3.jpg', 796, '2021-06-12 20:34:45', '2021-06-12 20:34:45', NULL),
(454, 'reprehenderit', 'Architecto et eius vel qui. Quo ratione ut quos doloremque assumenda libero laborum.', 10, 'unavailable', 'image3.jpg', 815, '2021-06-12 20:34:45', '2021-06-12 20:34:45', NULL),
(455, 'nihil', 'Voluptas repellendus incidunt doloribus ab adipisci earum nostrum cupiditate. Magni ullam aut aut laborum dolore non laborum.', 7, 'available', 'image2.jpeg', 964, '2021-06-12 20:34:45', '2021-06-12 20:34:45', NULL),
(456, 'nam', 'Asperiores omnis voluptatem deleniti consequuntur beatae in. Ratione minima at sed aperiam tempore eaque distinctio sint.', 8, 'available', 'image1.jpg', 609, '2021-06-12 20:34:45', '2021-06-12 20:34:45', NULL),
(457, 'ut', 'Et molestiae porro rerum qui blanditiis provident consequatur. Qui voluptatibus placeat incidunt voluptas quos enim tempora quia.', 1, 'unavailable', 'image1.jpg', 258, '2021-06-12 20:34:45', '2021-06-12 20:34:45', NULL),
(458, 'ut', 'Excepturi est rerum enim voluptas quas. Aut fugiat quibusdam atque perspiciatis.', 5, 'available', 'image3.jpg', 627, '2021-06-12 20:34:45', '2021-06-12 20:34:45', NULL),
(459, 'et', 'Recusandae similique atque itaque eos et et.', 1, 'unavailable', 'image3.jpg', 761, '2021-06-12 20:34:45', '2021-06-12 20:34:45', NULL),
(460, 'praesentium', 'Sapiente aliquam qui pariatur fugiat.', 1, 'unavailable', 'image1.jpg', 660, '2021-06-12 20:34:45', '2021-06-12 20:34:45', NULL),
(461, 'quas', 'Occaecati debitis unde iure assumenda quo et id. At quasi qui est ipsum quidem.', 7, 'unavailable', 'image1.jpg', 298, '2021-06-12 20:34:45', '2021-06-12 20:34:45', NULL),
(462, 'autem', 'Occaecati sit mollitia quia quam sapiente architecto quo. Cupiditate veniam quas laudantium non ipsum.', 6, 'available', 'image3.jpg', 843, '2021-06-12 20:34:45', '2021-06-12 20:34:45', NULL),
(463, 'deleniti', 'Aut soluta officia labore officiis sed aut earum.', 8, 'unavailable', 'image2.jpeg', 817, '2021-06-12 20:34:45', '2021-06-12 20:34:45', NULL),
(464, 'a', 'Eos eaque praesentium eius occaecati ut et. Et sequi numquam voluptatem exercitationem aperiam eius.', 3, 'unavailable', 'image3.jpg', 818, '2021-06-12 20:34:45', '2021-06-12 20:34:45', NULL),
(465, 'quia', 'Dolor sunt dolores accusamus qui aliquam dolor. Facilis enim aut recusandae et in.', 3, 'unavailable', 'image1.jpg', 911, '2021-06-12 20:34:45', '2021-06-12 20:34:45', NULL),
(466, 'voluptatibus', 'Praesentium animi perferendis sed magni qui.', 7, 'unavailable', 'image1.jpg', 207, '2021-06-12 20:34:45', '2021-06-12 20:34:45', NULL),
(467, 'quia', 'Recusandae optio natus vitae consequatur dolor nihil inventore ad. Illo architecto voluptas voluptate et officia ut aut doloremque.', 7, 'available', 'image2.jpeg', 60, '2021-06-12 20:34:45', '2021-06-12 20:34:45', NULL),
(468, 'iure', 'Et cum vel repellendus dolorem et ipsa. Impedit omnis consequuntur molestiae officia aliquid sequi.', 4, 'unavailable', 'image2.jpeg', 883, '2021-06-12 20:34:45', '2021-06-12 20:34:45', NULL),
(469, 'occaecati', 'Exercitationem unde debitis incidunt praesentium consequatur ut beatae.', 5, 'unavailable', 'image1.jpg', 556, '2021-06-12 20:34:45', '2021-06-12 20:34:45', NULL),
(470, 'ut', 'Accusantium amet dolores quo ullam vero non.', 7, 'unavailable', 'image3.jpg', 302, '2021-06-12 20:34:45', '2021-06-12 20:34:45', NULL),
(471, 'qui', 'Sed commodi qui quis nihil. Quae voluptas vel porro repudiandae dolores dolorem sunt sit.', 6, 'available', 'image1.jpg', 389, '2021-06-12 20:34:45', '2021-06-12 20:34:45', NULL),
(472, 'pariatur', 'Maxime necessitatibus voluptatem impedit exercitationem accusamus perferendis voluptatem.', 7, 'unavailable', 'image2.jpeg', 553, '2021-06-12 20:34:45', '2021-06-12 20:34:45', NULL),
(473, 'nobis', 'Eos dolor adipisci voluptates quo ullam ut.', 2, 'unavailable', 'image1.jpg', 114, '2021-06-12 20:34:45', '2021-06-12 20:34:45', NULL),
(474, 'blanditiis', 'Illo aut minima esse rerum sint sunt ut. Necessitatibus alias fugiat est.', 10, 'available', 'image3.jpg', 938, '2021-06-12 20:34:45', '2021-06-12 20:34:45', NULL),
(475, 'illo', 'Aut necessitatibus repellendus in et dolores totam sit. Incidunt est qui nam doloremque animi nemo.', 7, 'available', 'image1.jpg', 292, '2021-06-12 20:34:45', '2021-06-12 20:34:45', NULL),
(476, 'iste', 'Beatae labore adipisci quam quasi recusandae ab. Tempora repellat perspiciatis harum recusandae fugit.', 8, 'unavailable', 'image3.jpg', 224, '2021-06-12 20:34:45', '2021-06-12 20:34:45', NULL),
(477, 'dolores', 'Reiciendis eum nostrum sint voluptatibus incidunt doloribus quidem itaque.', 9, 'unavailable', 'image3.jpg', 975, '2021-06-12 20:34:45', '2021-06-12 20:34:45', NULL),
(478, 'nam', 'Vitae recusandae id assumenda velit voluptate cupiditate.', 6, 'available', 'image2.jpeg', 641, '2021-06-12 20:34:45', '2021-06-12 20:34:45', NULL),
(479, 'dolor', 'Alias aut explicabo qui et aut aut. Recusandae corporis pariatur maiores rerum sunt.', 1, 'unavailable', 'image1.jpg', 529, '2021-06-12 20:34:45', '2021-06-12 20:34:45', NULL),
(480, 'vel', 'Asperiores voluptas fugiat fugiat. Ex repellendus ea aut placeat nihil earum sunt.', 2, 'available', 'image2.jpeg', 704, '2021-06-12 20:34:45', '2021-06-12 20:34:45', NULL),
(481, 'explicabo', 'Eaque pariatur rem laboriosam hic hic magni culpa doloremque.', 10, 'available', 'image1.jpg', 806, '2021-06-12 20:34:45', '2021-06-12 20:34:45', NULL),
(482, 'at', 'Rerum tempore perferendis minus repellendus molestiae. Quam inventore et aut rerum magnam qui.', 8, 'unavailable', 'image1.jpg', 914, '2021-06-12 20:34:45', '2021-06-12 20:34:45', NULL),
(483, 'omnis', 'Earum deserunt odio nihil distinctio cupiditate vitae. Quasi veritatis qui eos hic earum a eaque.', 10, 'available', 'image2.jpeg', 400, '2021-06-12 20:34:45', '2021-06-12 20:34:45', NULL),
(484, 'laudantium', 'Minima magnam sed aut nihil.', 8, 'available', 'image1.jpg', 132, '2021-06-12 20:34:45', '2021-06-12 20:34:45', NULL),
(485, 'suscipit', 'Similique iste corporis natus et.', 10, 'unavailable', 'image2.jpeg', 322, '2021-06-12 20:34:45', '2021-06-12 20:34:45', NULL),
(486, 'dolor', 'Occaecati aut aut sit voluptates. Esse nesciunt quae optio et non.', 8, 'unavailable', 'image2.jpeg', 68, '2021-06-12 20:34:45', '2021-06-12 20:34:45', NULL),
(487, 'voluptatem', 'Nobis ducimus porro rerum in ea debitis.', 9, 'unavailable', 'image3.jpg', 664, '2021-06-12 20:34:45', '2021-06-12 20:34:45', NULL),
(488, 'quis', 'Et et eum deserunt omnis. Est voluptate beatae unde eos eaque.', 3, 'available', 'image2.jpeg', 189, '2021-06-12 20:34:45', '2021-06-12 20:34:45', NULL),
(489, 'ut', 'Laborum similique aspernatur vitae recusandae et quod aspernatur.', 7, 'unavailable', 'image3.jpg', 198, '2021-06-12 20:34:45', '2021-06-12 20:34:45', NULL),
(490, 'at', 'Earum optio praesentium aliquam recusandae est. Iure dolores quisquam labore vel ducimus temporibus.', 8, 'available', 'image2.jpeg', 410, '2021-06-12 20:34:45', '2021-06-12 20:34:45', NULL),
(491, 'voluptate', 'Sunt officia commodi harum id minima.', 6, 'unavailable', 'image2.jpeg', 995, '2021-06-12 20:34:46', '2021-06-12 20:34:46', NULL),
(492, 'tempore', 'Rem fugit qui tempora rem.', 2, 'unavailable', 'image1.jpg', 678, '2021-06-12 20:34:46', '2021-06-12 20:34:46', NULL),
(493, 'ex', 'Mollitia repudiandae error et doloremque omnis. Ullam est nihil dicta eos.', 4, 'unavailable', 'image3.jpg', 611, '2021-06-12 20:34:46', '2021-06-12 20:34:46', NULL),
(494, 'dolores', 'Aut harum illum asperiores aperiam libero.', 6, 'available', 'image3.jpg', 540, '2021-06-12 20:34:46', '2021-06-12 20:34:46', NULL),
(495, 'amet', 'Amet dolor quis velit.', 5, 'available', 'image1.jpg', 181, '2021-06-12 20:34:46', '2021-06-12 20:34:46', NULL),
(496, 'eveniet', 'Eligendi ab est quod non laudantium.', 7, 'available', 'image1.jpg', 177, '2021-06-12 20:34:46', '2021-06-12 20:34:46', NULL),
(497, 'at', 'Ipsam dolor libero qui amet.', 2, 'available', 'image3.jpg', 119, '2021-06-12 20:34:46', '2021-06-12 20:34:46', NULL),
(498, 'et', 'Deserunt sed quia nesciunt et natus maxime odit doloremque.', 10, 'available', 'image1.jpg', 44, '2021-06-12 20:34:46', '2021-06-12 20:34:46', NULL),
(499, 'cumque', 'Quis porro asperiores odio numquam nulla facilis repellat.', 3, 'available', 'image2.jpeg', 835, '2021-06-12 20:34:46', '2021-06-12 20:34:46', NULL),
(500, 'sapiente', 'Et cumque aut est quo.', 3, 'unavailable', 'image2.jpeg', 309, '2021-06-12 20:34:46', '2021-06-12 20:34:46', NULL),
(501, 'esse', 'Tenetur ut nihil libero eveniet adipisci.', 7, 'unavailable', 'image3.jpg', 858, '2021-06-12 20:34:46', '2021-06-12 20:34:46', NULL),
(502, 'nostrum', 'Provident consectetur alias voluptatem voluptatem.', 7, 'unavailable', 'image3.jpg', 810, '2021-06-12 20:34:46', '2021-06-12 20:34:46', NULL),
(503, 'et', 'Rerum quod numquam voluptatem aut.', 10, 'unavailable', 'image2.jpeg', 247, '2021-06-12 20:34:46', '2021-06-12 20:34:46', NULL),
(504, 'corporis', 'Nihil architecto eaque quaerat nulla eaque amet.', 5, 'available', 'image3.jpg', 297, '2021-06-12 20:34:46', '2021-06-12 20:34:46', NULL),
(505, 'nam', 'Et saepe aperiam dolor autem sequi ipsam quibusdam ullam. Qui quibusdam pariatur distinctio quod quis.', 3, 'available', 'image3.jpg', 230, '2021-06-12 20:34:46', '2021-06-12 20:34:46', NULL),
(506, 'beatae', 'Impedit repellat similique qui mollitia dolor est accusamus. Iure quod sit ducimus enim illo.', 7, 'unavailable', 'image2.jpeg', 392, '2021-06-12 20:34:46', '2021-06-12 20:34:46', NULL),
(507, 'beatae', 'Voluptatem et officia mollitia vel velit.', 3, 'available', 'image2.jpeg', 85, '2021-06-12 20:34:46', '2021-06-12 20:34:46', NULL),
(508, 'fugit', 'Quod beatae ex et dolorem aut doloremque est.', 7, 'available', 'image3.jpg', 412, '2021-06-12 20:34:46', '2021-06-12 20:34:46', NULL),
(509, 'minus', 'Exercitationem sunt et temporibus illo nesciunt eligendi facilis. Modi modi aut ut cupiditate distinctio dolores aut.', 10, 'unavailable', 'image1.jpg', 522, '2021-06-12 20:34:46', '2021-06-12 20:34:46', NULL),
(510, 'harum', 'Similique ex voluptatibus ut consequatur et iste rerum omnis.', 3, 'available', 'image1.jpg', 420, '2021-06-12 20:34:46', '2021-06-12 20:34:46', NULL),
(511, 'necessitatibus', 'Eum quis quae sit vel nobis.', 2, 'unavailable', 'image3.jpg', 453, '2021-06-12 20:34:46', '2021-06-12 20:34:46', NULL),
(512, 'ut', 'Id et aut ut dolores quod sapiente voluptatem. Nemo nostrum labore et eum ab animi laborum.', 8, 'unavailable', 'image1.jpg', 394, '2021-06-12 20:34:46', '2021-06-12 20:34:46', NULL),
(513, 'sequi', 'Rerum qui odit eos eligendi ullam quo quos. Impedit aspernatur quae molestias a.', 6, 'unavailable', 'image2.jpeg', 306, '2021-06-12 20:34:46', '2021-06-12 20:34:46', NULL),
(514, 'et', 'Accusantium laborum suscipit libero beatae quo dolorem qui.', 3, 'unavailable', 'image2.jpeg', 568, '2021-06-12 20:34:46', '2021-06-12 20:34:46', NULL),
(515, 'impedit', 'Maiores quae vel adipisci iure quia.', 3, 'unavailable', 'image1.jpg', 212, '2021-06-12 20:34:46', '2021-06-12 20:34:46', NULL),
(516, 'et', 'Iure aliquid rerum at qui libero rerum adipisci.', 3, 'available', 'image2.jpeg', 575, '2021-06-12 20:34:46', '2021-06-12 20:34:46', NULL),
(517, 'quidem', 'Doloremque magnam laborum totam occaecati est ut sint.', 3, 'available', 'image1.jpg', 442, '2021-06-12 20:34:46', '2021-06-12 20:34:46', NULL),
(518, 'qui', 'Quas aperiam qui porro facilis officiis nobis. Qui culpa sit nobis odit qui.', 9, 'available', 'image1.jpg', 113, '2021-06-12 20:34:46', '2021-06-12 20:34:46', NULL),
(519, 'consequuntur', 'Qui ut nulla et.', 6, 'unavailable', 'image3.jpg', 495, '2021-06-12 20:34:46', '2021-06-12 20:34:46', NULL),
(520, 'sed', 'Dignissimos fugit sed voluptate sunt.', 4, 'available', 'image3.jpg', 185, '2021-06-12 20:34:46', '2021-06-12 20:34:46', NULL),
(521, 'molestias', 'In enim maxime aspernatur est. Enim neque nostrum facilis porro adipisci dolores.', 10, 'unavailable', 'image2.jpeg', 909, '2021-06-12 20:34:46', '2021-06-12 20:34:46', NULL),
(522, 'ipsam', 'In a et error repudiandae consequatur.', 2, 'available', 'image1.jpg', 40, '2021-06-12 20:34:46', '2021-06-12 20:34:46', NULL),
(523, 'et', 'Fugit qui dolore ut fugiat doloribus nobis cum nisi. Consequatur omnis id sed quia esse sed.', 3, 'unavailable', 'image1.jpg', 237, '2021-06-12 20:34:46', '2021-06-12 20:34:46', NULL),
(524, 'ipsa', 'Perspiciatis hic commodi veniam sit aliquid facere molestiae voluptates. Aut voluptatem provident ullam autem ut aut libero.', 9, 'unavailable', 'image3.jpg', 819, '2021-06-12 20:34:46', '2021-06-12 20:34:46', NULL),
(525, 'facilis', 'Quia iusto porro exercitationem aut vel. Fuga et atque maxime quos et quia placeat.', 4, 'available', 'image1.jpg', 872, '2021-06-12 20:34:46', '2021-06-12 20:34:46', NULL),
(526, 'debitis', 'Qui est ut tenetur.', 2, 'available', 'image1.jpg', 250, '2021-06-12 20:34:46', '2021-06-12 20:34:46', NULL),
(527, 'harum', 'Rerum in et est quia aspernatur.', 6, 'available', 'image1.jpg', 72, '2021-06-12 20:34:46', '2021-06-12 20:34:46', NULL),
(528, 'eligendi', 'Neque labore beatae delectus omnis et.', 3, 'unavailable', 'image3.jpg', 865, '2021-06-12 20:34:46', '2021-06-12 20:34:46', NULL),
(529, 'eaque', 'Repudiandae qui animi repellendus voluptas dolorum cumque est. Voluptas nulla expedita iure ab ipsam a.', 6, 'unavailable', 'image2.jpeg', 661, '2021-06-12 20:34:46', '2021-06-12 20:34:46', NULL),
(530, 'itaque', 'Explicabo facere sit quos.', 8, 'unavailable', 'image2.jpeg', 230, '2021-06-12 20:34:46', '2021-06-12 20:34:46', NULL),
(531, 'voluptatem', 'Ipsum doloribus veritatis dolores velit ut.', 2, 'unavailable', 'image3.jpg', 495, '2021-06-12 20:34:46', '2021-06-12 20:34:46', NULL),
(532, 'odit', 'Explicabo et accusamus alias. Non alias aut enim praesentium.', 6, 'available', 'image3.jpg', 247, '2021-06-12 20:34:46', '2021-06-12 20:34:46', NULL),
(533, 'et', 'Eos vel consequatur aut aspernatur dicta architecto. Ullam blanditiis laborum facilis libero natus voluptatibus asperiores.', 5, 'unavailable', 'image3.jpg', 716, '2021-06-12 20:34:46', '2021-06-12 20:34:46', NULL),
(534, 'corporis', 'Deleniti totam ea doloremque. At id consequatur odit molestiae animi et doloribus qui.', 9, 'unavailable', 'image2.jpeg', 874, '2021-06-12 20:34:46', '2021-06-12 20:34:46', NULL),
(535, 'est', 'Eius quia nihil quas similique omnis eos quam.', 3, 'unavailable', 'image1.jpg', 358, '2021-06-12 20:34:46', '2021-06-12 20:34:46', NULL),
(536, 'mollitia', 'Quidem quisquam suscipit et doloribus doloribus.', 3, 'unavailable', 'image1.jpg', 919, '2021-06-12 20:34:46', '2021-06-12 20:34:46', NULL),
(537, 'quisquam', 'Rerum debitis modi molestiae doloremque repudiandae libero quas. Explicabo laborum impedit vero aut inventore impedit assumenda.', 9, 'available', 'image3.jpg', 760, '2021-06-12 20:34:46', '2021-06-12 20:34:46', NULL),
(538, 'consequatur', 'Id deserunt voluptatem in adipisci odit provident consequuntur. Occaecati sed velit reprehenderit rerum.', 7, 'unavailable', 'image3.jpg', 644, '2021-06-12 20:34:46', '2021-06-12 20:34:46', NULL),
(539, 'suscipit', 'Amet error dolores adipisci qui in enim.', 4, 'available', 'image2.jpeg', 963, '2021-06-12 20:34:46', '2021-06-12 20:34:46', NULL),
(540, 'dicta', 'Autem cum voluptas esse quod doloribus expedita.', 9, 'available', 'image3.jpg', 387, '2021-06-12 20:34:46', '2021-06-12 20:34:46', NULL),
(541, 'ut', 'Molestiae consequuntur qui ab.', 1, 'available', 'image2.jpeg', 381, '2021-06-12 20:34:46', '2021-06-12 20:34:46', NULL),
(542, 'consequuntur', 'Eum modi rerum magnam eaque sit.', 6, 'available', 'image3.jpg', 709, '2021-06-12 20:34:46', '2021-06-12 20:34:46', NULL),
(543, 'et', 'Laboriosam inventore deserunt rerum et autem aperiam laudantium. Exercitationem voluptatem quisquam est perspiciatis repellat et.', 1, 'unavailable', 'image2.jpeg', 316, '2021-06-12 20:34:46', '2021-06-12 20:34:46', NULL),
(544, 'eum', 'Perferendis expedita provident et voluptas.', 1, 'available', 'image1.jpg', 671, '2021-06-12 20:34:46', '2021-06-12 20:34:46', NULL),
(545, 'nemo', 'Iure ducimus cumque vitae eligendi corrupti fugit repellat laborum.', 10, 'unavailable', 'image2.jpeg', 869, '2021-06-12 20:34:46', '2021-06-12 20:34:46', NULL),
(546, 'incidunt', 'Animi hic veritatis velit. Nesciunt et quia atque enim.', 4, 'available', 'image3.jpg', 498, '2021-06-12 20:34:46', '2021-06-12 20:34:46', NULL),
(547, 'delectus', 'Dolore debitis modi aspernatur qui.', 2, 'unavailable', 'image3.jpg', 761, '2021-06-12 20:34:46', '2021-06-12 20:34:46', NULL),
(548, 'blanditiis', 'In quia asperiores sunt repudiandae optio.', 2, 'unavailable', 'image2.jpeg', 890, '2021-06-12 20:34:46', '2021-06-12 20:34:46', NULL),
(549, 'quis', 'Autem quidem reiciendis ea quasi.', 9, 'available', 'image1.jpg', 382, '2021-06-12 20:34:46', '2021-06-12 20:34:46', NULL),
(550, 'dolorem', 'Modi sequi voluptate quis. Est beatae suscipit nobis.', 9, 'available', 'image2.jpeg', 121, '2021-06-12 20:34:46', '2021-06-12 20:34:46', NULL),
(551, 'et', 'Est quia sapiente provident nihil incidunt beatae placeat. Sunt laborum id iste ad dolores.', 3, 'unavailable', 'image2.jpeg', 349, '2021-06-12 20:34:46', '2021-06-12 20:34:46', NULL),
(552, 'nulla', 'Suscipit et aut eum rerum aut dolores ut.', 4, 'available', 'image1.jpg', 692, '2021-06-12 20:34:46', '2021-06-12 20:34:46', NULL),
(553, 'ad', 'Quas repellat aliquam iusto praesentium velit quo pariatur.', 6, 'available', 'image2.jpeg', 250, '2021-06-12 20:34:46', '2021-06-12 20:34:46', NULL),
(554, 'dolorem', 'Voluptates quis non ut quis ut.', 10, 'available', 'image1.jpg', 367, '2021-06-12 20:34:46', '2021-06-12 20:34:46', NULL),
(555, 'accusantium', 'Saepe similique perspiciatis fuga hic.', 3, 'unavailable', 'image2.jpeg', 747, '2021-06-12 20:34:46', '2021-06-12 20:34:46', NULL),
(556, 'reprehenderit', 'Esse aut qui id ipsa aliquid sit. Omnis dolor est placeat ipsa neque similique.', 6, 'available', 'image3.jpg', 677, '2021-06-12 20:34:46', '2021-06-12 20:34:46', NULL),
(557, 'ex', 'Accusantium deleniti veniam magnam et qui. Dolorem amet minus ut sapiente vitae a.', 5, 'unavailable', 'image2.jpeg', 203, '2021-06-12 20:34:46', '2021-06-12 20:34:46', NULL),
(558, 'ducimus', 'Expedita ad aut aut modi eius quia officia. Unde esse veritatis doloremque libero quo laboriosam beatae.', 2, 'unavailable', 'image3.jpg', 113, '2021-06-12 20:34:46', '2021-06-12 20:34:46', NULL),
(559, 'ut', 'Sit autem voluptas illo sunt. Ea nihil officiis totam eos.', 6, 'available', 'image2.jpeg', 82, '2021-06-12 20:34:46', '2021-06-12 20:34:46', NULL),
(560, 'assumenda', 'Ipsa ab incidunt consequuntur sed. Repellendus iure enim est doloremque consequatur ut.', 2, 'unavailable', 'image3.jpg', 362, '2021-06-12 20:34:46', '2021-06-12 20:34:46', NULL),
(561, 'nesciunt', 'Impedit pariatur sed aut impedit qui doloribus vero. Excepturi ea repellat eius possimus.', 10, 'available', 'image3.jpg', 534, '2021-06-12 20:34:46', '2021-06-12 20:34:46', NULL),
(562, 'optio', 'Recusandae ea ut et ipsum et consequatur maiores pariatur.', 5, 'unavailable', 'image3.jpg', 732, '2021-06-12 20:34:46', '2021-06-12 20:34:46', NULL),
(563, 'nihil', 'Aperiam deserunt soluta velit et fugit.', 2, 'unavailable', 'image2.jpeg', 189, '2021-06-12 20:34:46', '2021-06-12 20:34:46', NULL),
(564, 'rerum', 'Vero ullam commodi aspernatur ipsum error quidem id. Quis exercitationem ut quo aut eum quas commodi et.', 7, 'available', 'image2.jpeg', 238, '2021-06-12 20:34:46', '2021-06-12 20:34:46', NULL),
(565, 'aut', 'Cupiditate dignissimos necessitatibus natus modi dolorem.', 5, 'unavailable', 'image1.jpg', 897, '2021-06-12 20:34:46', '2021-06-12 20:34:46', NULL),
(566, 'consequatur', 'Ut fugiat et nulla quo.', 10, 'unavailable', 'image2.jpeg', 544, '2021-06-12 20:34:46', '2021-06-12 20:34:46', NULL),
(567, 'quaerat', 'Ab omnis velit praesentium non.', 6, 'unavailable', 'image2.jpeg', 838, '2021-06-12 20:34:46', '2021-06-12 20:34:46', NULL),
(568, 'consectetur', 'Aliquam vel et autem dolorem.', 5, 'available', 'image2.jpeg', 487, '2021-06-12 20:34:46', '2021-06-12 20:34:46', NULL),
(569, 'quia', 'Nisi omnis voluptatem aut animi.', 9, 'available', 'image1.jpg', 429, '2021-06-12 20:34:46', '2021-06-12 20:34:46', NULL);
INSERT INTO `products` (`id`, `name`, `description`, `quantity`, `status`, `image`, `seller_id`, `created_at`, `updated_at`, `deleted_at`) VALUES
(570, 'alias', 'Expedita totam impedit et error corporis facere. Ipsum laborum et sed repudiandae omnis eos enim.', 9, 'unavailable', 'image2.jpeg', 344, '2021-06-12 20:34:46', '2021-06-12 20:34:46', NULL),
(571, 'eum', 'Beatae et id quis nisi. Itaque deleniti ut odit enim animi sint.', 4, 'unavailable', 'image1.jpg', 628, '2021-06-12 20:34:46', '2021-06-12 20:34:46', NULL),
(572, 'assumenda', 'Minima soluta tempore eos nihil ratione et. Adipisci sit tenetur voluptas est eaque consequatur.', 8, 'unavailable', 'image3.jpg', 668, '2021-06-12 20:34:46', '2021-06-12 20:34:46', NULL),
(573, 'voluptas', 'Et ipsum velit facilis dolorem ad.', 1, 'available', 'image3.jpg', 911, '2021-06-12 20:34:46', '2021-06-12 20:34:46', NULL),
(574, 'nihil', 'Repudiandae omnis et iure accusamus veniam occaecati.', 10, 'unavailable', 'image2.jpeg', 89, '2021-06-12 20:34:46', '2021-06-12 20:34:46', NULL),
(575, 'et', 'Voluptate id ut ea est.', 10, 'unavailable', 'image1.jpg', 513, '2021-06-12 20:34:46', '2021-06-12 20:34:46', NULL),
(576, 'quia', 'Modi et praesentium voluptate ex vitae natus.', 6, 'available', 'image2.jpeg', 933, '2021-06-12 20:34:46', '2021-06-12 20:34:46', NULL),
(577, 'veniam', 'Sit eum maiores qui optio.', 5, 'unavailable', 'image2.jpeg', 508, '2021-06-12 20:34:46', '2021-06-12 20:34:46', NULL),
(578, 'sequi', 'Ut tempora architecto aliquam ut ipsa atque. Assumenda voluptate blanditiis qui nemo voluptatum dolorum excepturi qui.', 5, 'available', 'image2.jpeg', 353, '2021-06-12 20:34:46', '2021-06-12 20:34:46', NULL),
(579, 'eum', 'Et amet rerum voluptatem expedita earum et ut. Debitis qui atque qui expedita error rerum laboriosam.', 1, 'available', 'image2.jpeg', 539, '2021-06-12 20:34:46', '2021-06-12 20:34:46', NULL),
(580, 'consequatur', 'Quia harum iusto eos in.', 1, 'available', 'image3.jpg', 302, '2021-06-12 20:34:46', '2021-06-12 20:34:46', NULL),
(581, 'enim', 'Dolores vero cum et aliquid temporibus a. Soluta id enim ea et atque.', 4, 'available', 'image2.jpeg', 67, '2021-06-12 20:34:46', '2021-06-12 20:34:46', NULL),
(582, 'qui', 'Porro ut reprehenderit et deleniti consequuntur distinctio quod. Incidunt repellat velit illum modi id.', 6, 'available', 'image3.jpg', 995, '2021-06-12 20:34:46', '2021-06-12 20:34:46', NULL),
(583, 'quia', 'Dignissimos consequatur aliquam id nisi recusandae odit. Quos eum sint molestias nihil est.', 4, 'unavailable', 'image2.jpeg', 852, '2021-06-12 20:34:46', '2021-06-12 20:34:46', NULL),
(584, 'quidem', 'Voluptate explicabo et aut.', 8, 'unavailable', 'image3.jpg', 482, '2021-06-12 20:34:46', '2021-06-12 20:34:46', NULL),
(585, 'aut', 'Expedita dolorum in nihil eos sint cumque.', 9, 'available', 'image3.jpg', 485, '2021-06-12 20:34:46', '2021-06-12 20:34:46', NULL),
(586, 'quia', 'Rem officia ratione sit harum qui qui nihil. Repudiandae nostrum officia fugit est.', 1, 'available', 'image3.jpg', 725, '2021-06-12 20:34:46', '2021-06-12 20:34:46', NULL),
(587, 'in', 'Aut dolorem tempora accusamus. Maxime ut quo quisquam voluptas sed enim et.', 4, 'unavailable', 'image2.jpeg', 628, '2021-06-12 20:34:46', '2021-06-12 20:34:46', NULL),
(588, 'sapiente', 'Corporis repellendus quia voluptas ullam ratione.', 1, 'available', 'image2.jpeg', 999, '2021-06-12 20:34:46', '2021-06-12 20:34:46', NULL),
(589, 'et', 'Sunt voluptatem illum ipsum repellat facilis nihil. Beatae distinctio fuga rerum.', 1, 'unavailable', 'image3.jpg', 642, '2021-06-12 20:34:46', '2021-06-12 20:34:46', NULL),
(590, 'esse', 'Vitae dolorem modi et non fuga voluptatum est.', 3, 'unavailable', 'image2.jpeg', 879, '2021-06-12 20:34:46', '2021-06-12 20:34:46', NULL),
(591, 'nihil', 'Error expedita qui rerum molestiae tempora tempora ut. Recusandae qui voluptas dicta dicta et iste explicabo.', 5, 'unavailable', 'image2.jpeg', 346, '2021-06-12 20:34:46', '2021-06-12 20:34:46', NULL),
(592, 'quibusdam', 'Vel omnis architecto asperiores incidunt quibusdam corrupti dicta.', 5, 'unavailable', 'image1.jpg', 964, '2021-06-12 20:34:46', '2021-06-12 20:34:46', NULL),
(593, 'magnam', 'Eum aliquam explicabo ipsam aut ea optio. Aut sapiente corrupti ex amet nobis.', 4, 'unavailable', 'image2.jpeg', 485, '2021-06-12 20:34:46', '2021-06-12 20:34:46', NULL),
(594, 'adipisci', 'Ut voluptate nemo quo cum aliquid eum asperiores accusamus. Delectus eum distinctio ullam corporis.', 9, 'unavailable', 'image3.jpg', 85, '2021-06-12 20:34:46', '2021-06-12 20:34:46', NULL),
(595, 'dolores', 'Occaecati et natus aut et consequatur qui. Fuga aperiam adipisci quisquam est.', 6, 'unavailable', 'image2.jpeg', 711, '2021-06-12 20:34:46', '2021-06-12 20:34:46', NULL),
(596, 'qui', 'Et nisi cum suscipit facere voluptate occaecati molestiae cupiditate.', 1, 'unavailable', 'image2.jpeg', 674, '2021-06-12 20:34:46', '2021-06-12 20:34:46', NULL),
(597, 'enim', 'Placeat enim quia incidunt iste maxime voluptatum voluptas libero. Voluptas laudantium neque minima quasi officia voluptas nam.', 9, 'unavailable', 'image1.jpg', 258, '2021-06-12 20:34:46', '2021-06-12 20:34:46', NULL),
(598, 'doloribus', 'Quisquam et et et quo. Autem amet officiis vitae minima doloribus similique illo voluptatem.', 3, 'unavailable', 'image3.jpg', 893, '2021-06-12 20:34:46', '2021-06-12 20:34:46', NULL),
(599, 'necessitatibus', 'Dicta odio et perspiciatis.', 5, 'available', 'image3.jpg', 652, '2021-06-12 20:34:46', '2021-06-12 20:34:46', NULL),
(600, 'et', 'Ipsa dolorum placeat facilis. Deleniti voluptate excepturi quia provident.', 4, 'unavailable', 'image2.jpeg', 699, '2021-06-12 20:34:46', '2021-06-12 20:34:46', NULL),
(601, 'odit', 'Esse quia consectetur qui incidunt non molestiae ab. Nihil quaerat vel molestiae quasi earum illum.', 1, 'available', 'image2.jpeg', 946, '2021-06-12 20:34:46', '2021-06-12 20:34:46', NULL),
(602, 'incidunt', 'Amet alias in repudiandae qui sequi esse est illum. Ad velit aliquam eaque.', 1, 'available', 'image2.jpeg', 806, '2021-06-12 20:34:46', '2021-06-12 20:34:46', NULL),
(603, 'et', 'Aut at sapiente sint totam. Voluptas autem tenetur doloribus maxime voluptatem.', 1, 'unavailable', 'image3.jpg', 75, '2021-06-12 20:34:46', '2021-06-12 20:34:46', NULL),
(604, 'eum', 'Veritatis non quasi pariatur quas similique.', 2, 'unavailable', 'image2.jpeg', 645, '2021-06-12 20:34:46', '2021-06-12 20:34:46', NULL),
(605, 'enim', 'Sint reiciendis ex sit autem quasi dolor.', 9, 'unavailable', 'image1.jpg', 587, '2021-06-12 20:34:46', '2021-06-12 20:34:46', NULL),
(606, 'laboriosam', 'Id consequatur mollitia corrupti et accusamus adipisci aspernatur quo. Eos et magni ut nihil est ut.', 4, 'unavailable', 'image2.jpeg', 61, '2021-06-12 20:34:46', '2021-06-12 20:34:46', NULL),
(607, 'aut', 'Ea et voluptatem sed neque qui. Placeat quod et harum odio.', 4, 'available', 'image2.jpeg', 839, '2021-06-12 20:34:46', '2021-06-12 20:34:46', NULL),
(608, 'quas', 'Omnis quibusdam ipsam veritatis id officia harum deserunt. Voluptas sunt modi reprehenderit autem et.', 10, 'available', 'image1.jpg', 923, '2021-06-12 20:34:46', '2021-06-12 20:34:46', NULL),
(609, 'quae', 'Non in omnis quasi fuga. Non consequatur culpa atque enim placeat.', 8, 'unavailable', 'image2.jpeg', 252, '2021-06-12 20:34:46', '2021-06-12 20:34:46', NULL),
(610, 'non', 'Maiores vel quasi recusandae cumque placeat consectetur.', 2, 'available', 'image3.jpg', 188, '2021-06-12 20:34:46', '2021-06-12 20:34:46', NULL),
(611, 'praesentium', 'Assumenda corporis accusamus perferendis at.', 9, 'available', 'image3.jpg', 66, '2021-06-12 20:34:46', '2021-06-12 20:34:46', NULL),
(612, 'ex', 'Sed et fugit tenetur reiciendis. Veniam eveniet consectetur recusandae voluptatibus.', 3, 'unavailable', 'image1.jpg', 644, '2021-06-12 20:34:46', '2021-06-12 20:34:46', NULL),
(613, 'illo', 'Facere qui placeat maiores consequatur exercitationem.', 2, 'unavailable', 'image3.jpg', 663, '2021-06-12 20:34:46', '2021-06-12 20:34:46', NULL),
(614, 'reiciendis', 'Qui laudantium est non in. Aperiam ut eos est officiis soluta minima.', 3, 'unavailable', 'image3.jpg', 447, '2021-06-12 20:34:46', '2021-06-12 20:34:46', NULL),
(615, 'doloremque', 'Est optio impedit eveniet expedita consequuntur earum exercitationem.', 8, 'available', 'image1.jpg', 60, '2021-06-12 20:34:46', '2021-06-12 20:34:46', NULL),
(616, 'omnis', 'Aspernatur ea autem ab veritatis.', 6, 'available', 'image1.jpg', 299, '2021-06-12 20:34:46', '2021-06-12 20:34:46', NULL),
(617, 'pariatur', 'Enim vero facilis sed qui ab. Voluptatem totam ratione voluptas qui qui beatae.', 5, 'unavailable', 'image1.jpg', 744, '2021-06-12 20:34:46', '2021-06-12 20:34:46', NULL),
(618, 'id', 'Minus corporis similique nemo qui.', 5, 'unavailable', 'image2.jpeg', 659, '2021-06-12 20:34:46', '2021-06-12 20:34:46', NULL),
(619, 'ex', 'Tenetur voluptas consequatur magni distinctio accusantium. Reprehenderit doloribus sint nihil eum.', 8, 'unavailable', 'image2.jpeg', 974, '2021-06-12 20:34:46', '2021-06-12 20:34:46', NULL),
(620, 'laudantium', 'Iure aliquam eveniet ab. Amet culpa rerum laudantium consequatur.', 8, 'available', 'image3.jpg', 125, '2021-06-12 20:34:46', '2021-06-12 20:34:46', NULL),
(621, 'placeat', 'Sint incidunt ipsam excepturi officia facere dolores non. Maiores quis id est rem cum corrupti.', 9, 'available', 'image3.jpg', 959, '2021-06-12 20:34:46', '2021-06-12 20:34:46', NULL),
(622, 'repudiandae', 'Illum quia asperiores et modi eaque repellendus reprehenderit.', 10, 'unavailable', 'image2.jpeg', 529, '2021-06-12 20:34:46', '2021-06-12 20:34:46', NULL),
(623, 'odit', 'Illo aut id illo voluptatem qui neque possimus commodi. Ex accusantium adipisci ipsa aperiam ea.', 8, 'unavailable', 'image2.jpeg', 52, '2021-06-12 20:34:46', '2021-06-12 20:34:46', NULL),
(624, 'aut', 'Itaque eum culpa quod. Et consectetur minima est dolorem.', 2, 'available', 'image3.jpg', 471, '2021-06-12 20:34:46', '2021-06-12 20:34:46', NULL),
(625, 'ullam', 'Ea beatae sed vel quo sequi quaerat. Nostrum voluptate quia voluptates.', 8, 'available', 'image3.jpg', 550, '2021-06-12 20:34:46', '2021-06-12 20:34:46', NULL),
(626, 'cum', 'Rerum error voluptatem quas laboriosam labore velit tempore. Debitis inventore molestias ea natus aut voluptatem quos.', 9, 'unavailable', 'image1.jpg', 493, '2021-06-12 20:34:46', '2021-06-12 20:34:46', NULL),
(627, 'sit', 'Nostrum et delectus nam doloribus assumenda voluptas sit voluptatem.', 5, 'unavailable', 'image1.jpg', 470, '2021-06-12 20:34:46', '2021-06-12 20:34:46', NULL),
(628, 'est', 'Molestiae consequuntur facere consequatur ex delectus.', 8, 'available', 'image1.jpg', 406, '2021-06-12 20:34:46', '2021-06-12 20:34:46', NULL),
(629, 'esse', 'Et accusantium odit delectus cupiditate et.', 6, 'unavailable', 'image2.jpeg', 891, '2021-06-12 20:34:46', '2021-06-12 20:34:46', NULL),
(630, 'tempora', 'Nemo rerum numquam maxime cupiditate qui enim et. Nihil nobis provident quod similique dolorum aliquid deleniti ea.', 8, 'unavailable', 'image3.jpg', 65, '2021-06-12 20:34:46', '2021-06-12 20:34:46', NULL),
(631, 'sit', 'Sint nam similique facere sint consequatur omnis aut.', 2, 'available', 'image3.jpg', 839, '2021-06-12 20:34:46', '2021-06-12 20:34:46', NULL),
(632, 'cumque', 'Dolores vero totam cum. Quis quas enim labore rerum.', 3, 'unavailable', 'image3.jpg', 85, '2021-06-12 20:34:46', '2021-06-12 20:34:46', NULL),
(633, 'at', 'Nulla ullam ab rem non quidem quos eius at. Doloribus consequatur dolor maxime dolore aperiam.', 10, 'available', 'image3.jpg', 204, '2021-06-12 20:34:46', '2021-06-12 20:34:46', NULL),
(634, 'accusamus', 'Est unde id ut pariatur praesentium.', 6, 'available', 'image1.jpg', 247, '2021-06-12 20:34:46', '2021-06-12 20:34:46', NULL),
(635, 'voluptas', 'Beatae a tempore qui aut qui voluptate blanditiis.', 10, 'available', 'image2.jpeg', 552, '2021-06-12 20:34:46', '2021-06-12 20:34:46', NULL),
(636, 'ex', 'Similique quis asperiores cumque officiis. Qui corporis minima esse ea.', 10, 'unavailable', 'image1.jpg', 33, '2021-06-12 20:34:46', '2021-06-12 20:34:46', NULL),
(637, 'ad', 'Molestiae reiciendis qui incidunt quae quia. Facere rerum dolorem quo quis cum.', 6, 'unavailable', 'image2.jpeg', 323, '2021-06-12 20:34:46', '2021-06-12 20:34:46', NULL),
(638, 'autem', 'Consequuntur eius et nisi aut id aut voluptas.', 3, 'unavailable', 'image1.jpg', 215, '2021-06-12 20:34:46', '2021-06-12 20:34:46', NULL),
(639, 'minima', 'Qui porro voluptatem ab modi aut commodi. Exercitationem fuga sint qui quas.', 10, 'unavailable', 'image1.jpg', 407, '2021-06-12 20:34:46', '2021-06-12 20:34:46', NULL),
(640, 'enim', 'Est aut quo esse voluptas est ut adipisci.', 9, 'available', 'image3.jpg', 132, '2021-06-12 20:34:46', '2021-06-12 20:34:46', NULL),
(641, 'vel', 'Qui maxime dolore neque sit.', 9, 'available', 'image2.jpeg', 738, '2021-06-12 20:34:46', '2021-06-12 20:34:46', NULL),
(642, 'beatae', 'Odio at ut esse suscipit molestias inventore qui ullam. Dolor dicta possimus iusto est aliquam laudantium quidem.', 7, 'available', 'image1.jpg', 886, '2021-06-12 20:34:46', '2021-06-12 20:34:46', NULL),
(643, 'unde', 'Qui dolores dolor nulla.', 4, 'available', 'image3.jpg', 787, '2021-06-12 20:34:46', '2021-06-12 20:34:46', NULL),
(644, 'et', 'Dolorem harum a velit aliquam. Beatae ea et eos ea.', 2, 'unavailable', 'image3.jpg', 366, '2021-06-12 20:34:46', '2021-06-12 20:34:46', NULL),
(645, 'consequatur', 'Iste tempora modi sint minima nisi.', 3, 'available', 'image2.jpeg', 377, '2021-06-12 20:34:46', '2021-06-12 20:34:46', NULL),
(646, 'assumenda', 'Incidunt aut enim laborum voluptas voluptas aut esse.', 10, 'available', 'image1.jpg', 1000, '2021-06-12 20:34:46', '2021-06-12 20:34:46', NULL),
(647, 'et', 'Sit rerum qui harum modi aut dolore aut.', 7, 'unavailable', 'image3.jpg', 141, '2021-06-12 20:34:46', '2021-06-12 20:34:46', NULL),
(648, 'similique', 'Voluptate necessitatibus cumque facilis commodi a fugit quod.', 6, 'available', 'image1.jpg', 316, '2021-06-12 20:34:46', '2021-06-12 20:34:46', NULL),
(649, 'asperiores', 'Assumenda doloribus velit repellendus laboriosam. Ea corrupti odit voluptatum vero ex.', 3, 'available', 'image3.jpg', 741, '2021-06-12 20:34:47', '2021-06-12 20:34:47', NULL),
(650, 'facilis', 'Voluptatem aut corrupti dolor deleniti.', 4, 'unavailable', 'image2.jpeg', 88, '2021-06-12 20:34:47', '2021-06-12 20:34:47', NULL),
(651, 'minus', 'Amet et adipisci culpa fuga cum corporis maiores similique. Qui odit error error modi non nulla odio sed.', 8, 'available', 'image2.jpeg', 745, '2021-06-12 20:34:47', '2021-06-12 20:34:47', NULL),
(652, 'dolorum', 'Temporibus qui aliquid beatae ducimus consequatur.', 1, 'unavailable', 'image3.jpg', 451, '2021-06-12 20:34:47', '2021-06-12 20:34:47', NULL),
(653, 'suscipit', 'Consequatur et sequi soluta. Amet perspiciatis voluptatem quidem quidem dicta.', 3, 'unavailable', 'image3.jpg', 77, '2021-06-12 20:34:47', '2021-06-12 20:34:47', NULL),
(654, 'minus', 'Sequi molestiae aut aliquam sit beatae a nostrum. Alias aliquam magnam dolore facilis enim sint id debitis.', 2, 'unavailable', 'image3.jpg', 861, '2021-06-12 20:34:47', '2021-06-12 20:34:47', NULL),
(655, 'voluptatum', 'Beatae ut tempore nihil est nam aliquid eum. Et et et laudantium est.', 7, 'unavailable', 'image3.jpg', 910, '2021-06-12 20:34:47', '2021-06-12 20:34:47', NULL),
(656, 'ut', 'Aliquid voluptate omnis soluta aperiam ut eaque omnis. Quos id ut sed.', 9, 'unavailable', 'image2.jpeg', 178, '2021-06-12 20:34:47', '2021-06-12 20:34:47', NULL),
(657, 'ipsam', 'Atque praesentium voluptate dolores minima atque tempora illum. Voluptatem accusamus repellendus quis animi hic.', 8, 'available', 'image3.jpg', 525, '2021-06-12 20:34:47', '2021-06-12 20:34:47', NULL),
(658, 'repellendus', 'Vero nihil fugit ut ratione unde. Id sed occaecati molestias dolorum inventore.', 3, 'unavailable', 'image2.jpeg', 515, '2021-06-12 20:34:47', '2021-06-12 20:34:47', NULL),
(659, 'eos', 'Perspiciatis aut perspiciatis non voluptas non perferendis et consequatur. Sunt quo praesentium qui harum ea nihil vel.', 6, 'unavailable', 'image3.jpg', 765, '2021-06-12 20:34:47', '2021-06-12 20:34:47', NULL),
(660, 'ratione', 'Optio explicabo et non omnis sit sint aut. Eligendi fuga aut est cupiditate aliquam.', 3, 'unavailable', 'image2.jpeg', 170, '2021-06-12 20:34:47', '2021-06-12 20:34:47', NULL),
(661, 'cumque', 'Ipsum est natus vel itaque.', 4, 'available', 'image2.jpeg', 525, '2021-06-12 20:34:47', '2021-06-12 20:34:47', NULL),
(662, 'aut', 'Excepturi qui vel alias vel tempore.', 7, 'available', 'image1.jpg', 696, '2021-06-12 20:34:47', '2021-06-12 20:34:47', NULL),
(663, 'maiores', 'Libero aut repudiandae cum. Amet est quo recusandae ducimus illo sit dolores.', 10, 'available', 'image1.jpg', 205, '2021-06-12 20:34:47', '2021-06-12 20:34:47', NULL),
(664, 'nemo', 'Velit libero beatae voluptas sed cum ex laborum. At ullam modi velit labore.', 4, 'unavailable', 'image1.jpg', 662, '2021-06-12 20:34:47', '2021-06-12 20:34:47', NULL),
(665, 'excepturi', 'Quam omnis dolor tempore rerum illo.', 4, 'unavailable', 'image3.jpg', 889, '2021-06-12 20:34:47', '2021-06-12 20:34:47', NULL),
(666, 'aliquam', 'Odio cum consequatur vero omnis. Beatae consequatur voluptate quia nesciunt.', 1, 'available', 'image1.jpg', 91, '2021-06-12 20:34:47', '2021-06-12 20:34:47', NULL),
(667, 'soluta', 'Vitae alias sequi harum mollitia. Error blanditiis sed aut est inventore incidunt maxime.', 10, 'available', 'image3.jpg', 656, '2021-06-12 20:34:47', '2021-06-12 20:34:47', NULL),
(668, 'fugit', 'Officiis velit aut explicabo repellendus ut tenetur voluptates. Dignissimos atque perferendis optio alias.', 5, 'available', 'image3.jpg', 661, '2021-06-12 20:34:47', '2021-06-12 20:34:47', NULL),
(669, 'porro', 'Doloribus et veritatis blanditiis fugit voluptates tempore enim aut.', 8, 'available', 'image2.jpeg', 739, '2021-06-12 20:34:47', '2021-06-12 20:34:47', NULL),
(670, 'omnis', 'Ducimus numquam sint aut est perferendis voluptatem excepturi. Aperiam ipsum iusto qui mollitia.', 7, 'available', 'image2.jpeg', 823, '2021-06-12 20:34:47', '2021-06-12 20:34:47', NULL),
(671, 'ratione', 'Ipsa accusantium facilis est qui vitae.', 3, 'unavailable', 'image3.jpg', 555, '2021-06-12 20:34:47', '2021-06-12 20:34:47', NULL),
(672, 'voluptates', 'Nostrum et natus ipsa ut facilis debitis. Autem consequuntur quis eius ratione.', 6, 'available', 'image3.jpg', 957, '2021-06-12 20:34:47', '2021-06-12 20:34:47', NULL),
(673, 'voluptatem', 'Distinctio aut quo nam magni odio tempore voluptatibus. Velit beatae esse expedita excepturi delectus ab distinctio.', 2, 'available', 'image1.jpg', 669, '2021-06-12 20:34:47', '2021-06-12 20:34:47', NULL),
(674, 'et', 'Dolore at modi quasi non veritatis eaque. Explicabo alias et voluptas sit.', 1, 'available', 'image2.jpeg', 276, '2021-06-12 20:34:47', '2021-06-12 20:34:47', NULL),
(675, 'quia', 'Rerum nostrum quisquam id quibusdam voluptates illo. Corrupti numquam quod et.', 10, 'unavailable', 'image1.jpg', 475, '2021-06-12 20:34:47', '2021-06-12 20:34:47', NULL),
(676, 'illo', 'Aut repellat sit nihil dolorem repellendus.', 8, 'unavailable', 'image1.jpg', 853, '2021-06-12 20:34:47', '2021-06-12 20:34:47', NULL),
(677, 'asperiores', 'Et qui sed sequi. Quia sed amet in.', 10, 'unavailable', 'image1.jpg', 55, '2021-06-12 20:34:47', '2021-06-12 20:34:47', NULL),
(678, 'odit', 'Et cum rerum aut rerum.', 7, 'available', 'image2.jpeg', 836, '2021-06-12 20:34:47', '2021-06-12 20:34:47', NULL),
(679, 'vel', 'Esse repudiandae est consequatur placeat iusto amet.', 9, 'available', 'image3.jpg', 710, '2021-06-12 20:34:47', '2021-06-12 20:34:47', NULL),
(680, 'et', 'Sed ipsa autem numquam eveniet aut.', 9, 'available', 'image2.jpeg', 517, '2021-06-12 20:34:47', '2021-06-12 20:34:47', NULL),
(681, 'doloribus', 'Sunt et dicta et natus incidunt illum iste.', 3, 'available', 'image1.jpg', 65, '2021-06-12 20:34:47', '2021-06-12 20:34:47', NULL),
(682, 'blanditiis', 'Officia facere omnis illo laborum modi totam cum. Vitae odit possimus sapiente doloribus.', 2, 'available', 'image3.jpg', 263, '2021-06-12 20:34:47', '2021-06-12 20:34:47', NULL),
(683, 'qui', 'Assumenda vel neque ut consequatur atque. Et id mollitia enim.', 2, 'unavailable', 'image1.jpg', 730, '2021-06-12 20:34:47', '2021-06-12 20:34:47', NULL),
(684, 'maiores', 'Inventore molestiae similique odit et facere. Odit ullam aut et.', 2, 'unavailable', 'image1.jpg', 677, '2021-06-12 20:34:47', '2021-06-12 20:34:47', NULL),
(685, 'quibusdam', 'Quod provident vel esse pariatur autem.', 3, 'unavailable', 'image2.jpeg', 555, '2021-06-12 20:34:47', '2021-06-12 20:34:47', NULL),
(686, 'facilis', 'Tempore a rem corrupti quod ex illo. Repudiandae nihil doloribus tenetur porro natus doloribus consectetur.', 2, 'unavailable', 'image1.jpg', 538, '2021-06-12 20:34:47', '2021-06-12 20:34:47', NULL),
(687, 'dolorem', 'Velit magni maxime quo sit temporibus. Error ut quia totam asperiores ut repellendus placeat.', 6, 'available', 'image2.jpeg', 757, '2021-06-12 20:34:47', '2021-06-12 20:34:47', NULL),
(688, 'rem', 'Vel voluptatibus inventore adipisci inventore suscipit natus.', 5, 'unavailable', 'image3.jpg', 633, '2021-06-12 20:34:47', '2021-06-12 20:34:47', NULL),
(689, 'nemo', 'Nesciunt sed aliquid quae quia et magnam id. Doloremque eos quas pariatur.', 1, 'unavailable', 'image2.jpeg', 60, '2021-06-12 20:34:47', '2021-06-12 20:34:47', NULL),
(690, 'et', 'Eum qui ea occaecati fugiat dolor.', 6, 'unavailable', 'image2.jpeg', 742, '2021-06-12 20:34:47', '2021-06-12 20:34:47', NULL),
(691, 'et', 'Accusamus assumenda beatae vitae sed voluptatem necessitatibus. Libero corrupti eligendi est aut debitis aut praesentium.', 6, 'available', 'image1.jpg', 904, '2021-06-12 20:34:47', '2021-06-12 20:34:47', NULL),
(692, 'expedita', 'Quaerat possimus sed dolorem corporis accusantium velit. Voluptatem sint laborum qui dolores repellendus vel quidem.', 9, 'unavailable', 'image3.jpg', 881, '2021-06-12 20:34:47', '2021-06-12 20:34:47', NULL),
(693, 'accusamus', 'Nulla dolore occaecati ea dicta.', 10, 'available', 'image3.jpg', 952, '2021-06-12 20:34:47', '2021-06-12 20:34:47', NULL),
(694, 'perspiciatis', 'Consequatur omnis et maxime deleniti blanditiis. Omnis veritatis iusto quae repellendus blanditiis.', 10, 'unavailable', 'image3.jpg', 244, '2021-06-12 20:34:47', '2021-06-12 20:34:47', NULL),
(695, 'aut', 'Corporis beatae dignissimos possimus et qui accusamus magni. Aspernatur aliquam sequi delectus necessitatibus est molestiae.', 8, 'unavailable', 'image2.jpeg', 40, '2021-06-12 20:34:47', '2021-06-12 20:34:47', NULL),
(696, 'aliquam', 'Eius ut facilis quia laboriosam adipisci maxime. Ut minima voluptas facere beatae.', 9, 'available', 'image1.jpg', 917, '2021-06-12 20:34:47', '2021-06-12 20:34:47', NULL),
(697, 'beatae', 'In quasi libero sapiente laborum quis quis labore.', 10, 'unavailable', 'image3.jpg', 823, '2021-06-12 20:34:47', '2021-06-12 20:34:47', NULL),
(698, 'iste', 'Iure tempore incidunt quos.', 7, 'available', 'image3.jpg', 135, '2021-06-12 20:34:47', '2021-06-12 20:34:47', NULL),
(699, 'voluptatem', 'Amet ratione laboriosam ea commodi qui iste quis. Vel repellat natus ut labore.', 1, 'unavailable', 'image3.jpg', 560, '2021-06-12 20:34:47', '2021-06-12 20:34:47', NULL),
(700, 'nostrum', 'Voluptatem et labore voluptatibus vel dolor sunt pariatur. Molestias incidunt quaerat natus nisi.', 1, 'unavailable', 'image3.jpg', 954, '2021-06-12 20:34:47', '2021-06-12 20:34:47', NULL),
(701, 'voluptatem', 'Similique illum asperiores facere odio quis velit. Voluptatem eum quis asperiores et eaque cupiditate.', 3, 'unavailable', 'image3.jpg', 413, '2021-06-12 20:34:47', '2021-06-12 20:34:47', NULL),
(702, 'similique', 'Alias quia error eligendi corrupti doloremque totam.', 1, 'unavailable', 'image2.jpeg', 843, '2021-06-12 20:34:47', '2021-06-12 20:34:47', NULL),
(703, 'voluptas', 'Repudiandae sint unde excepturi vero unde voluptatibus debitis ut.', 7, 'unavailable', 'image3.jpg', 954, '2021-06-12 20:34:47', '2021-06-12 20:34:47', NULL),
(704, 'quia', 'Quidem aut et saepe facere perspiciatis sunt sit.', 8, 'unavailable', 'image2.jpeg', 840, '2021-06-12 20:34:47', '2021-06-12 20:34:47', NULL),
(705, 'non', 'Ea atque necessitatibus aut nemo.', 10, 'unavailable', 'image2.jpeg', 117, '2021-06-12 20:34:47', '2021-06-12 20:34:47', NULL),
(706, 'ut', 'Exercitationem quam inventore sequi eligendi. Et ad delectus quos cumque quo perspiciatis id.', 9, 'available', 'image3.jpg', 178, '2021-06-12 20:34:47', '2021-06-12 20:34:47', NULL),
(707, 'hic', 'Minima sed deserunt ut cum quia culpa. Ad non et aspernatur reprehenderit incidunt.', 10, 'unavailable', 'image1.jpg', 981, '2021-06-12 20:34:47', '2021-06-12 20:34:47', NULL),
(708, 'quis', 'Sed eveniet sapiente omnis minima amet recusandae molestiae totam. Est consequatur iusto iure a reiciendis saepe.', 4, 'available', 'image3.jpg', 520, '2021-06-12 20:34:47', '2021-06-12 20:34:47', NULL),
(709, 'quia', 'Quia facilis in voluptatibus ea.', 9, 'unavailable', 'image2.jpeg', 698, '2021-06-12 20:34:47', '2021-06-12 20:34:47', NULL),
(710, 'aut', 'Inventore dolor eos omnis est dolores. Facilis fuga voluptatem assumenda id velit fugiat.', 5, 'unavailable', 'image1.jpg', 533, '2021-06-12 20:34:47', '2021-06-12 20:34:47', NULL),
(711, 'neque', 'Est quaerat omnis quae ex iure laborum earum. Iusto ab dolores ex temporibus tempore rerum molestiae odio.', 8, 'unavailable', 'image3.jpg', 253, '2021-06-12 20:34:47', '2021-06-12 20:34:47', NULL),
(712, 'quia', 'Perspiciatis omnis corrupti velit nisi id. Natus delectus minima nihil fuga in distinctio porro.', 4, 'available', 'image1.jpg', 328, '2021-06-12 20:34:47', '2021-06-12 20:34:47', NULL),
(713, 'numquam', 'Vel beatae eum accusantium enim.', 8, 'unavailable', 'image2.jpeg', 525, '2021-06-12 20:34:47', '2021-06-12 20:34:47', NULL),
(714, 'ut', 'Incidunt nam est numquam ut.', 10, 'available', 'image2.jpeg', 767, '2021-06-12 20:34:47', '2021-06-12 20:34:47', NULL),
(715, 'officia', 'Quibusdam animi error sed qui adipisci. Alias in adipisci incidunt sit.', 7, 'available', 'image3.jpg', 448, '2021-06-12 20:34:47', '2021-06-12 20:34:47', NULL),
(716, 'quisquam', 'Ipsum et aspernatur qui nihil id et.', 10, 'unavailable', 'image1.jpg', 379, '2021-06-12 20:34:47', '2021-06-12 20:34:47', NULL),
(717, 'quaerat', 'Qui eius qui ea quidem. Necessitatibus dignissimos vel impedit sit assumenda.', 9, 'unavailable', 'image3.jpg', 796, '2021-06-12 20:34:47', '2021-06-12 20:34:47', NULL),
(718, 'modi', 'Et dolore libero sit voluptatem nam minima. Dolorum rerum magni facilis sed.', 9, 'available', 'image3.jpg', 844, '2021-06-12 20:34:47', '2021-06-12 20:34:47', NULL),
(719, 'temporibus', 'Inventore odit quia saepe perspiciatis.', 3, 'unavailable', 'image1.jpg', 776, '2021-06-12 20:34:47', '2021-06-12 20:34:47', NULL),
(720, 'sed', 'Et veritatis ut dignissimos voluptatem.', 2, 'unavailable', 'image2.jpeg', 768, '2021-06-12 20:34:47', '2021-06-12 20:34:47', NULL),
(721, 'ipsa', 'Minus iste sit quasi quae incidunt saepe totam. Et numquam accusantium qui accusantium suscipit.', 7, 'unavailable', 'image2.jpeg', 472, '2021-06-12 20:34:47', '2021-06-12 20:34:47', NULL),
(722, 'quia', 'Earum debitis sint vel ut.', 8, 'available', 'image3.jpg', 902, '2021-06-12 20:34:47', '2021-06-12 20:34:47', NULL),
(723, 'molestiae', 'Blanditiis dolorem esse necessitatibus. Ipsam itaque nihil dolorem mollitia iste provident sunt.', 1, 'unavailable', 'image2.jpeg', 310, '2021-06-12 20:34:47', '2021-06-12 20:34:47', NULL),
(724, 'omnis', 'Dignissimos non nesciunt ut molestias. Ex dolore in enim vitae consequatur ab sed.', 2, 'available', 'image3.jpg', 418, '2021-06-12 20:34:47', '2021-06-12 20:34:47', NULL),
(725, 'dolor', 'Unde sapiente recusandae nesciunt molestias nobis rerum.', 4, 'available', 'image1.jpg', 189, '2021-06-12 20:34:47', '2021-06-12 20:34:47', NULL),
(726, 'dicta', 'Voluptatum laboriosam et aut voluptate sed non. Soluta ex fugiat molestias.', 9, 'unavailable', 'image3.jpg', 401, '2021-06-12 20:34:47', '2021-06-12 20:34:47', NULL),
(727, 'similique', 'Ut consequatur distinctio ratione est.', 4, 'available', 'image2.jpeg', 838, '2021-06-12 20:34:47', '2021-06-12 20:34:47', NULL),
(728, 'dolorem', 'A nulla quibusdam qui minus omnis. Voluptate quos ex quia eius.', 1, 'unavailable', 'image2.jpeg', 879, '2021-06-12 20:34:47', '2021-06-12 20:34:47', NULL),
(729, 'quia', 'Eius mollitia porro dolores consectetur nobis ipsum. Perferendis esse mollitia excepturi qui nisi velit.', 5, 'unavailable', 'image1.jpg', 224, '2021-06-12 20:34:47', '2021-06-12 20:34:47', NULL),
(730, 'architecto', 'Ut atque quam ab eaque est.', 8, 'available', 'image3.jpg', 41, '2021-06-12 20:34:47', '2021-06-12 20:34:47', NULL),
(731, 'minus', 'Omnis saepe pariatur eligendi cupiditate.', 6, 'unavailable', 'image1.jpg', 420, '2021-06-12 20:34:47', '2021-06-12 20:34:47', NULL),
(732, 'et', 'Delectus quo expedita nulla quae corporis.', 1, 'available', 'image1.jpg', 612, '2021-06-12 20:34:47', '2021-06-12 20:34:47', NULL),
(733, 'ea', 'Eligendi et earum architecto.', 2, 'unavailable', 'image3.jpg', 562, '2021-06-12 20:34:47', '2021-06-12 20:34:47', NULL),
(734, 'aut', 'Eos ut tempora praesentium blanditiis ut corrupti labore. Qui sequi iure et quam rerum ab dolorem molestiae.', 8, 'unavailable', 'image2.jpeg', 480, '2021-06-12 20:34:47', '2021-06-12 20:34:47', NULL),
(735, 'et', 'Cum commodi quos aut alias. Culpa velit mollitia alias repellat deserunt.', 2, 'available', 'image1.jpg', 231, '2021-06-12 20:34:47', '2021-06-12 20:34:47', NULL),
(736, 'temporibus', 'Aliquid rerum dolorum quia tempora cupiditate. Culpa sit voluptas suscipit voluptate officiis quisquam.', 4, 'available', 'image3.jpg', 617, '2021-06-12 20:34:47', '2021-06-12 20:34:47', NULL),
(737, 'vel', 'Recusandae facilis necessitatibus quis tempora nemo. Dolor aspernatur occaecati mollitia delectus quis quam nulla architecto.', 4, 'available', 'image2.jpeg', 447, '2021-06-12 20:34:47', '2021-06-12 20:34:47', NULL),
(738, 'laborum', 'Natus possimus tempore omnis et quam qui excepturi.', 10, 'unavailable', 'image2.jpeg', 194, '2021-06-12 20:34:47', '2021-06-12 20:34:47', NULL),
(739, 'et', 'Porro aut ullam accusamus.', 4, 'available', 'image2.jpeg', 618, '2021-06-12 20:34:47', '2021-06-12 20:34:47', NULL),
(740, 'quaerat', 'Tempore id enim labore aliquam at enim.', 7, 'available', 'image1.jpg', 689, '2021-06-12 20:34:47', '2021-06-12 20:34:47', NULL),
(741, 'aut', 'Ex ut quasi qui earum eveniet.', 2, 'available', 'image1.jpg', 496, '2021-06-12 20:34:47', '2021-06-12 20:34:47', NULL),
(742, 'molestiae', 'Aspernatur adipisci dolor repudiandae.', 6, 'unavailable', 'image1.jpg', 544, '2021-06-12 20:34:47', '2021-06-12 20:34:47', NULL),
(743, 'rerum', 'Harum sit consequuntur iste enim eveniet ad. Sed ut iste vel aspernatur at et.', 9, 'unavailable', 'image2.jpeg', 143, '2021-06-12 20:34:47', '2021-06-12 20:34:47', NULL),
(744, 'est', 'Quia laborum vero reprehenderit et magni laboriosam et.', 6, 'unavailable', 'image2.jpeg', 397, '2021-06-12 20:34:47', '2021-06-12 20:34:47', NULL),
(745, 'est', 'A eum quia fugit voluptatem laboriosam.', 7, 'unavailable', 'image2.jpeg', 567, '2021-06-12 20:34:47', '2021-06-12 20:34:47', NULL),
(746, 'culpa', 'Expedita quis earum incidunt occaecati.', 1, 'unavailable', 'image2.jpeg', 356, '2021-06-12 20:34:47', '2021-06-12 20:34:47', NULL),
(747, 'adipisci', 'Sed quia eos consequatur aut quis et id. Est ut voluptas incidunt et debitis.', 3, 'available', 'image1.jpg', 487, '2021-06-12 20:34:47', '2021-06-12 20:34:47', NULL),
(748, 'itaque', 'Eum ut sunt aspernatur in ut deleniti non.', 6, 'available', 'image1.jpg', 22, '2021-06-12 20:34:47', '2021-06-12 20:34:47', NULL),
(749, 'beatae', 'Odit saepe quasi voluptas est labore.', 2, 'available', 'image2.jpeg', 607, '2021-06-12 20:34:47', '2021-06-12 20:34:47', NULL),
(750, 'id', 'Iusto ad eaque odit amet veritatis quia. Ab molestiae similique optio dolor provident et temporibus.', 9, 'unavailable', 'image3.jpg', 803, '2021-06-12 20:34:47', '2021-06-12 20:34:47', NULL),
(751, 'numquam', 'Quasi inventore similique asperiores vero ratione non sunt.', 9, 'unavailable', 'image1.jpg', 666, '2021-06-12 20:34:47', '2021-06-12 20:34:47', NULL),
(752, 'aut', 'Dolor ipsam nam ipsa voluptas iure exercitationem. Mollitia et quos voluptatem rem aut autem possimus nemo.', 5, 'unavailable', 'image1.jpg', 761, '2021-06-12 20:34:47', '2021-06-12 20:34:47', NULL),
(753, 'quaerat', 'Placeat ut velit harum ea quia. Enim quis voluptate et ipsam sed non dolor.', 3, 'available', 'image2.jpeg', 58, '2021-06-12 20:34:47', '2021-06-12 20:34:47', NULL),
(754, 'ea', 'Dicta aut ut et voluptas facere culpa.', 1, 'unavailable', 'image2.jpeg', 944, '2021-06-12 20:34:47', '2021-06-12 20:34:47', NULL),
(755, 'provident', 'Sunt voluptatibus praesentium qui vero.', 9, 'available', 'image2.jpeg', 340, '2021-06-12 20:34:47', '2021-06-12 20:34:47', NULL),
(756, 'voluptatum', 'Odio occaecati quasi facilis amet incidunt quaerat necessitatibus nihil. Excepturi perferendis velit ut temporibus.', 4, 'unavailable', 'image3.jpg', 135, '2021-06-12 20:34:47', '2021-06-12 20:34:47', NULL),
(757, 'excepturi', 'Consequatur nam in voluptatem molestiae. Itaque iusto laborum sit possimus cupiditate sit maiores.', 5, 'available', 'image2.jpeg', 395, '2021-06-12 20:34:47', '2021-06-12 20:34:47', NULL),
(758, 'neque', 'Laudantium aut est nihil est et.', 8, 'unavailable', 'image2.jpeg', 266, '2021-06-12 20:34:47', '2021-06-12 20:34:47', NULL),
(759, 'dolorum', 'Pariatur perferendis animi quasi ducimus.', 10, 'available', 'image1.jpg', 68, '2021-06-12 20:34:47', '2021-06-12 20:34:47', NULL),
(760, 'in', 'Voluptates totam qui atque. Aut eos quia quia sed ut.', 8, 'unavailable', 'image3.jpg', 348, '2021-06-12 20:34:47', '2021-06-12 20:34:47', NULL),
(761, 'molestias', 'Similique est illum et nihil aliquam eveniet id.', 4, 'unavailable', 'image2.jpeg', 516, '2021-06-12 20:34:47', '2021-06-12 20:34:47', NULL),
(762, 'esse', 'Et maiores qui harum mollitia.', 9, 'unavailable', 'image1.jpg', 349, '2021-06-12 20:34:47', '2021-06-12 20:34:47', NULL),
(763, 'corporis', 'Eos perferendis qui beatae. Optio ea dolores ut quia sunt et.', 8, 'unavailable', 'image3.jpg', 630, '2021-06-12 20:34:47', '2021-06-12 20:34:47', NULL),
(764, 'magnam', 'Quaerat quia temporibus et quasi. Temporibus aut quo in temporibus.', 2, 'unavailable', 'image1.jpg', 348, '2021-06-12 20:34:47', '2021-06-12 20:34:47', NULL),
(765, 'ad', 'Rerum alias enim maiores necessitatibus.', 3, 'unavailable', 'image1.jpg', 414, '2021-06-12 20:34:47', '2021-06-12 20:34:47', NULL),
(766, 'eveniet', 'Quo ducimus totam laborum impedit et ut dolorem.', 9, 'available', 'image3.jpg', 137, '2021-06-12 20:34:47', '2021-06-12 20:34:47', NULL),
(767, 'quia', 'Est autem expedita esse qui. Aut aut reiciendis aut ipsa et.', 5, 'available', 'image1.jpg', 885, '2021-06-12 20:34:47', '2021-06-12 20:34:47', NULL),
(768, 'voluptatem', 'Sit rerum corporis magni. Maxime velit ipsa officia nostrum aut deleniti recusandae.', 1, 'unavailable', 'image2.jpeg', 107, '2021-06-12 20:34:47', '2021-06-12 20:34:47', NULL),
(769, 'dolorum', 'Distinctio ab sit assumenda in alias et.', 7, 'unavailable', 'image2.jpeg', 987, '2021-06-12 20:34:47', '2021-06-12 20:34:47', NULL),
(770, 'distinctio', 'Ipsa aspernatur molestiae necessitatibus aut aspernatur omnis id. Incidunt delectus maxime omnis.', 9, 'unavailable', 'image3.jpg', 780, '2021-06-12 20:34:47', '2021-06-12 20:34:47', NULL),
(771, 'aut', 'Recusandae laborum quos et eum omnis.', 10, 'unavailable', 'image2.jpeg', 919, '2021-06-12 20:34:47', '2021-06-12 20:34:47', NULL),
(772, 'repellendus', 'Doloremque consequatur quasi veritatis fugiat est. Accusantium eaque ea et ratione.', 3, 'unavailable', 'image2.jpeg', 114, '2021-06-12 20:34:47', '2021-06-12 20:34:47', NULL),
(773, 'ut', 'Tempora dolore totam blanditiis impedit provident laborum molestiae ullam. Odio aut enim magnam vitae ullam libero nihil quia.', 9, 'available', 'image3.jpg', 378, '2021-06-12 20:34:47', '2021-06-12 20:34:47', NULL),
(774, 'vel', 'In sit eligendi quia nesciunt nesciunt. Perferendis minus ullam incidunt quia ex delectus.', 2, 'unavailable', 'image1.jpg', 464, '2021-06-12 20:34:47', '2021-06-12 20:34:47', NULL),
(775, 'ratione', 'Sint cumque itaque quo totam minus. Incidunt nihil voluptate et nihil.', 3, 'available', 'image3.jpg', 901, '2021-06-12 20:34:47', '2021-06-12 20:34:47', NULL),
(776, 'itaque', 'Totam laborum dignissimos id in.', 1, 'unavailable', 'image1.jpg', 811, '2021-06-12 20:34:47', '2021-06-12 20:34:47', NULL),
(777, 'ullam', 'Quia blanditiis consequatur sint facilis consequatur. Et et necessitatibus eveniet velit aliquid.', 1, 'unavailable', 'image3.jpg', 473, '2021-06-12 20:34:47', '2021-06-12 20:34:47', NULL),
(778, 'neque', 'Maiores maiores praesentium eius aliquam maiores fuga odit beatae. Consequatur nihil molestias distinctio nihil culpa error explicabo.', 1, 'available', 'image3.jpg', 965, '2021-06-12 20:34:47', '2021-06-12 20:34:47', NULL),
(779, 'voluptas', 'Aliquam quae et ad ullam. Tempora facere voluptatum dolorem commodi quasi.', 9, 'unavailable', 'image1.jpg', 512, '2021-06-12 20:34:47', '2021-06-12 20:34:47', NULL),
(780, 'sint', 'Ut natus qui ut sint aut animi.', 2, 'unavailable', 'image2.jpeg', 700, '2021-06-12 20:34:47', '2021-06-12 20:34:47', NULL),
(781, 'exercitationem', 'Omnis est itaque minima vel aut harum. Aut pariatur facere voluptates dicta sunt.', 1, 'unavailable', 'image1.jpg', 841, '2021-06-12 20:34:47', '2021-06-12 20:34:47', NULL),
(782, 'ex', 'Distinctio quisquam distinctio nihil vel. Est repellendus at minima optio.', 10, 'available', 'image3.jpg', 877, '2021-06-12 20:34:47', '2021-06-12 20:34:47', NULL),
(783, 'fugiat', 'Possimus tempore vitae nesciunt cum vel nihil. Fuga minus ut eum enim velit dolorem.', 3, 'unavailable', 'image1.jpg', 875, '2021-06-12 20:34:47', '2021-06-12 20:34:47', NULL),
(784, 'quasi', 'Dignissimos ipsam id voluptas eum enim. Est eos provident omnis voluptas qui odit officia accusamus.', 7, 'unavailable', 'image1.jpg', 239, '2021-06-12 20:34:47', '2021-06-12 20:34:47', NULL),
(785, 'nulla', 'Architecto pariatur dolores nisi blanditiis. In alias ipsum qui.', 10, 'available', 'image1.jpg', 322, '2021-06-12 20:34:47', '2021-06-12 20:34:47', NULL),
(786, 'consequatur', 'Minus suscipit aut ut in maiores.', 7, 'unavailable', 'image3.jpg', 117, '2021-06-12 20:34:47', '2021-06-12 20:34:47', NULL),
(787, 'provident', 'Ad excepturi cum rerum quasi quidem.', 2, 'unavailable', 'image3.jpg', 88, '2021-06-12 20:34:47', '2021-06-12 20:34:47', NULL),
(788, 'non', 'Explicabo et quia culpa. Earum similique velit consequatur.', 5, 'unavailable', 'image2.jpeg', 109, '2021-06-12 20:34:47', '2021-06-12 20:34:47', NULL),
(789, 'est', 'Sequi quia qui at facere autem ut ullam. Quasi aut quibusdam molestias id repellendus deleniti consequatur.', 2, 'available', 'image2.jpeg', 286, '2021-06-12 20:34:47', '2021-06-12 20:34:47', NULL),
(790, 'officia', 'Aliquid esse placeat porro omnis quis non. Porro iusto quam fuga optio minus.', 7, 'unavailable', 'image2.jpeg', 564, '2021-06-12 20:34:47', '2021-06-12 20:34:47', NULL),
(791, 'vero', 'Quisquam fuga odio sint velit. Eos rerum fugit odio cum.', 8, 'available', 'image1.jpg', 677, '2021-06-12 20:34:47', '2021-06-12 20:34:47', NULL),
(792, 'dolor', 'Nihil omnis provident sit nam vel harum.', 8, 'available', 'image1.jpg', 235, '2021-06-12 20:34:47', '2021-06-12 20:34:47', NULL),
(793, 'porro', 'Dolorum doloribus atque architecto qui voluptas commodi autem.', 2, 'unavailable', 'image2.jpeg', 893, '2021-06-12 20:34:47', '2021-06-12 20:34:47', NULL),
(794, 'non', 'Voluptas illum maiores eos dolores qui. Et est voluptas voluptatem est dolor eligendi odio.', 8, 'available', 'image2.jpeg', 577, '2021-06-12 20:34:47', '2021-06-12 20:34:47', NULL),
(795, 'inventore', 'Omnis commodi voluptas inventore et.', 10, 'unavailable', 'image3.jpg', 23, '2021-06-12 20:34:47', '2021-06-12 20:34:47', NULL),
(796, 'animi', 'Impedit cumque accusamus dolor assumenda ut.', 5, 'available', 'image1.jpg', 501, '2021-06-12 20:34:47', '2021-06-12 20:34:47', NULL),
(797, 'aut', 'Dolorem cupiditate dolor perferendis.', 4, 'available', 'image2.jpeg', 399, '2021-06-12 20:34:47', '2021-06-12 20:34:47', NULL),
(798, 'sapiente', 'Ex corrupti veritatis praesentium non et.', 9, 'unavailable', 'image3.jpg', 315, '2021-06-12 20:34:47', '2021-06-12 20:34:47', NULL),
(799, 'quam', 'Veritatis iusto quia perferendis qui doloremque vel.', 8, 'available', 'image3.jpg', 667, '2021-06-12 20:34:47', '2021-06-12 20:34:47', NULL),
(800, 'voluptatem', 'Commodi aut et asperiores itaque excepturi.', 6, 'available', 'image2.jpeg', 433, '2021-06-12 20:34:47', '2021-06-12 20:34:47', NULL),
(801, 'dolores', 'Modi animi et non. Recusandae totam cupiditate quidem sed aut illo.', 10, 'unavailable', 'image3.jpg', 689, '2021-06-12 20:34:47', '2021-06-12 20:34:47', NULL),
(802, 'eveniet', 'Voluptatem magni repellat qui qui quia asperiores nostrum. Ratione qui qui reiciendis inventore saepe unde debitis vitae.', 4, 'unavailable', 'image3.jpg', 613, '2021-06-12 20:34:47', '2021-06-12 20:34:47', NULL),
(803, 'enim', 'Alias eligendi corrupti ullam mollitia maiores quasi assumenda.', 9, 'available', 'image1.jpg', 456, '2021-06-12 20:34:47', '2021-06-12 20:34:47', NULL),
(804, 'adipisci', 'Quia accusantium aut iure voluptatem. Laboriosam molestias autem quis in quidem minus quisquam.', 4, 'unavailable', 'image1.jpg', 443, '2021-06-12 20:34:47', '2021-06-12 20:34:47', NULL),
(805, 'ad', 'Et voluptas doloremque temporibus eligendi non. Suscipit consequatur aperiam dolor nulla nesciunt tempora corrupti.', 5, 'unavailable', 'image2.jpeg', 587, '2021-06-12 20:34:47', '2021-06-12 20:34:47', NULL),
(806, 'aut', 'Non cumque maxime eveniet sit.', 10, 'unavailable', 'image1.jpg', 332, '2021-06-12 20:34:47', '2021-06-12 20:34:47', NULL),
(807, 'voluptatem', 'Tempore fuga sint quo necessitatibus dolorum.', 6, 'unavailable', 'image1.jpg', 917, '2021-06-12 20:34:47', '2021-06-12 20:34:47', NULL),
(808, 'perspiciatis', 'Eum modi omnis sunt adipisci.', 10, 'unavailable', 'image1.jpg', 497, '2021-06-12 20:34:47', '2021-06-12 20:34:47', NULL),
(809, 'praesentium', 'Sed voluptatum unde rerum sit ad. Est consequuntur assumenda dolor quisquam illum recusandae.', 3, 'available', 'image2.jpeg', 810, '2021-06-12 20:34:47', '2021-06-12 20:34:47', NULL),
(810, 'aperiam', 'Soluta temporibus minus sed quibusdam rerum sunt. Voluptatem vel voluptatem aut voluptatibus maiores voluptatem laudantium quia.', 1, 'available', 'image2.jpeg', 160, '2021-06-12 20:34:47', '2021-06-12 20:34:47', NULL),
(811, 'placeat', 'Minima odio est laboriosam consequatur provident.', 7, 'available', 'image2.jpeg', 166, '2021-06-12 20:34:47', '2021-06-12 20:34:47', NULL),
(812, 'quam', 'Dolor vel nulla inventore rerum.', 10, 'unavailable', 'image1.jpg', 933, '2021-06-12 20:34:47', '2021-06-12 20:34:47', NULL),
(813, 'qui', 'In quia provident voluptas omnis omnis itaque provident.', 9, 'unavailable', 'image3.jpg', 376, '2021-06-12 20:34:47', '2021-06-12 20:34:47', NULL),
(814, 'accusantium', 'Est voluptatem voluptate ab eum sit quibusdam. Autem rerum et nesciunt eaque consequatur eaque occaecati.', 2, 'unavailable', 'image2.jpeg', 55, '2021-06-12 20:34:47', '2021-06-12 20:34:47', NULL),
(815, 'repellat', 'Quasi neque culpa sunt necessitatibus sit.', 2, 'available', 'image2.jpeg', 939, '2021-06-12 20:34:47', '2021-06-12 20:34:47', NULL),
(816, 'ut', 'Accusantium sit ipsa quia ut.', 3, 'available', 'image2.jpeg', 498, '2021-06-12 20:34:47', '2021-06-12 20:34:47', NULL),
(817, 'consequatur', 'Esse consequuntur architecto dignissimos autem ipsam nihil.', 1, 'available', 'image3.jpg', 149, '2021-06-12 20:34:47', '2021-06-12 20:34:47', NULL),
(818, 'ipsam', 'Recusandae officiis tenetur aut architecto velit id.', 1, 'available', 'image2.jpeg', 835, '2021-06-12 20:34:47', '2021-06-12 20:34:47', NULL),
(819, 'voluptatem', 'Delectus sint inventore rerum atque error sapiente veniam. Reprehenderit dolor temporibus aut debitis consequuntur harum vitae vero.', 4, 'available', 'image2.jpeg', 489, '2021-06-12 20:34:47', '2021-06-12 20:34:47', NULL),
(820, 'asperiores', 'Nam non maiores voluptatem ut nisi voluptatem.', 6, 'available', 'image1.jpg', 180, '2021-06-12 20:34:47', '2021-06-12 20:34:47', NULL),
(821, 'velit', 'Amet similique et voluptas vitae.', 6, 'unavailable', 'image3.jpg', 436, '2021-06-12 20:34:47', '2021-06-12 20:34:47', NULL),
(822, 'voluptas', 'Tempora molestiae et laboriosam molestiae.', 5, 'unavailable', 'image1.jpg', 510, '2021-06-12 20:34:47', '2021-06-12 20:34:47', NULL),
(823, 'enim', 'Excepturi ut dolore voluptatem quis.', 5, 'available', 'image1.jpg', 860, '2021-06-12 20:34:47', '2021-06-12 20:34:47', NULL),
(824, 'ducimus', 'Laborum quia iste sunt quaerat velit maxime.', 7, 'available', 'image2.jpeg', 747, '2021-06-12 20:34:47', '2021-06-12 20:34:47', NULL),
(825, 'qui', 'Esse omnis minima sapiente commodi doloribus suscipit.', 9, 'unavailable', 'image3.jpg', 66, '2021-06-12 20:34:47', '2021-06-12 20:34:47', NULL),
(826, 'perspiciatis', 'Qui quo aut voluptas. Voluptatem suscipit modi placeat dolores.', 3, 'available', 'image1.jpg', 26, '2021-06-12 20:34:47', '2021-06-12 20:34:47', NULL),
(827, 'doloribus', 'Odit natus occaecati hic. Sint placeat quia et animi.', 4, 'available', 'image3.jpg', 479, '2021-06-12 20:34:47', '2021-06-12 20:34:47', NULL),
(828, 'voluptate', 'Ipsa non cum ut maxime qui est quaerat.', 6, 'unavailable', 'image2.jpeg', 438, '2021-06-12 20:34:47', '2021-06-12 20:34:47', NULL),
(829, 'est', 'Sint et aut eos eos ipsam fugiat officia.', 1, 'available', 'image1.jpg', 426, '2021-06-12 20:34:47', '2021-06-12 20:34:47', NULL),
(830, 'quam', 'Consequatur mollitia ea similique sed aut magnam. Aut praesentium excepturi necessitatibus praesentium ea assumenda possimus.', 5, 'unavailable', 'image3.jpg', 456, '2021-06-12 20:34:47', '2021-06-12 20:34:47', NULL),
(831, 'sed', 'Omnis aut sunt nam doloribus laudantium dicta qui.', 3, 'available', 'image2.jpeg', 83, '2021-06-12 20:34:47', '2021-06-12 20:34:47', NULL),
(832, 'est', 'Magnam quia ducimus excepturi id. Neque ullam quo voluptatem optio.', 7, 'unavailable', 'image2.jpeg', 465, '2021-06-12 20:34:47', '2021-06-12 20:34:47', NULL),
(833, 'et', 'Quia neque id doloribus laborum. Voluptatem optio illo perspiciatis esse rem officiis est.', 1, 'unavailable', 'image1.jpg', 966, '2021-06-12 20:34:47', '2021-06-12 20:34:47', NULL),
(834, 'dolorem', 'Provident aspernatur nulla aut consequatur sapiente ducimus. Atque nobis minima nisi quas ut fugiat quis.', 3, 'available', 'image2.jpeg', 102, '2021-06-12 20:34:47', '2021-06-12 20:34:47', NULL),
(835, 'quis', 'Voluptatem est quisquam aut similique et deleniti quo.', 5, 'available', 'image1.jpg', 929, '2021-06-12 20:34:47', '2021-06-12 20:34:47', NULL),
(836, 'quia', 'Vel excepturi aliquam optio pariatur aperiam.', 10, 'available', 'image1.jpg', 635, '2021-06-12 20:34:47', '2021-06-12 20:34:47', NULL),
(837, 'in', 'Animi beatae quae laborum labore. Nemo ipsam quo et reiciendis nisi non ipsum quibusdam.', 6, 'unavailable', 'image1.jpg', 100, '2021-06-12 20:34:47', '2021-06-12 20:34:47', NULL),
(838, 'qui', 'Quo voluptatem consequatur ea ad. Et doloremque ipsa fugiat quia velit rerum.', 4, 'unavailable', 'image3.jpg', 814, '2021-06-12 20:34:47', '2021-06-12 20:34:47', NULL),
(839, 'hic', 'Minima quia nulla corrupti porro quos consequatur consequatur.', 4, 'unavailable', 'image3.jpg', 117, '2021-06-12 20:34:47', '2021-06-12 20:34:47', NULL),
(840, 'est', 'Harum numquam consectetur magni eligendi veritatis impedit quia rerum.', 10, 'unavailable', 'image2.jpeg', 993, '2021-06-12 20:34:47', '2021-06-12 20:34:47', NULL),
(841, 'vel', 'Quidem vel vel commodi exercitationem distinctio quae.', 2, 'unavailable', 'image2.jpeg', 974, '2021-06-12 20:34:47', '2021-06-12 20:34:47', NULL),
(842, 'rerum', 'Incidunt necessitatibus consequuntur numquam voluptatem. Ullam et sunt aspernatur voluptatum aliquam.', 2, 'unavailable', 'image2.jpeg', 857, '2021-06-12 20:34:47', '2021-06-12 20:34:47', NULL),
(843, 'doloribus', 'Id animi eius accusamus non adipisci voluptatum asperiores enim. Assumenda cumque est quisquam iure.', 7, 'unavailable', 'image3.jpg', 236, '2021-06-12 20:34:47', '2021-06-12 20:34:47', NULL),
(844, 'enim', 'Iusto earum quae fuga aut.', 1, 'available', 'image2.jpeg', 749, '2021-06-12 20:34:47', '2021-06-12 20:34:47', NULL),
(845, 'inventore', 'Commodi modi repudiandae est a quae iure. Reiciendis earum sapiente eum.', 10, 'unavailable', 'image1.jpg', 953, '2021-06-12 20:34:47', '2021-06-12 20:34:47', NULL),
(846, 'ipsa', 'Aut tempore maxime accusamus.', 3, 'available', 'image3.jpg', 706, '2021-06-12 20:34:47', '2021-06-12 20:34:47', NULL),
(847, 'facere', 'Optio doloribus quibusdam nihil quasi ipsum odit non. Iure sed temporibus distinctio omnis.', 3, 'unavailable', 'image3.jpg', 815, '2021-06-12 20:34:47', '2021-06-12 20:34:47', NULL),
(848, 'et', 'Iure libero amet ut qui.', 10, 'unavailable', 'image3.jpg', 333, '2021-06-12 20:34:47', '2021-06-12 20:34:47', NULL),
(849, 'est', 'In facilis qui ipsa aut. Vero unde quaerat delectus ratione velit doloremque nobis placeat.', 10, 'unavailable', 'image2.jpeg', 207, '2021-06-12 20:34:47', '2021-06-12 20:34:47', NULL),
(850, 'vel', 'Velit necessitatibus libero aut quo est.', 6, 'available', 'image3.jpg', 296, '2021-06-12 20:34:47', '2021-06-12 20:34:47', NULL),
(851, 'ullam', 'Tenetur ullam odit commodi labore officiis dolores voluptas animi. Repudiandae dignissimos rerum error ullam accusantium corporis saepe.', 2, 'available', 'image2.jpeg', 224, '2021-06-12 20:34:47', '2021-06-12 20:34:47', NULL),
(852, 'hic', 'Similique rerum voluptas ut.', 10, 'available', 'image2.jpeg', 716, '2021-06-12 20:34:47', '2021-06-12 20:34:47', NULL),
(853, 'voluptas', 'Nostrum unde illum iusto aliquam. Fugiat voluptatem ut et illum saepe aut eos.', 7, 'unavailable', 'image3.jpg', 636, '2021-06-12 20:34:47', '2021-06-12 20:34:47', NULL),
(854, 'minus', 'Optio repellat enim laboriosam eveniet.', 5, 'unavailable', 'image1.jpg', 199, '2021-06-12 20:34:47', '2021-06-12 20:34:47', NULL),
(855, 'voluptates', 'Cum quas quisquam dolorum eos veniam.', 5, 'unavailable', 'image2.jpeg', 173, '2021-06-12 20:34:47', '2021-06-12 20:34:47', NULL),
(856, 'voluptatem', 'Numquam qui odit corrupti quia. Iure eum voluptas et non et.', 4, 'unavailable', 'image2.jpeg', 974, '2021-06-12 20:34:48', '2021-06-12 20:34:48', NULL);
INSERT INTO `products` (`id`, `name`, `description`, `quantity`, `status`, `image`, `seller_id`, `created_at`, `updated_at`, `deleted_at`) VALUES
(857, 'labore', 'Et exercitationem rem laudantium labore quaerat.', 10, 'unavailable', 'image3.jpg', 315, '2021-06-12 20:34:48', '2021-06-12 20:34:48', NULL),
(858, 'aliquid', 'Magni quod eveniet beatae et.', 8, 'unavailable', 'image1.jpg', 299, '2021-06-12 20:34:48', '2021-06-12 20:34:48', NULL),
(859, 'omnis', 'Expedita sed quas voluptatem rerum et laborum enim.', 6, 'unavailable', 'image3.jpg', 505, '2021-06-12 20:34:48', '2021-06-12 20:34:48', NULL),
(860, 'velit', 'Quia voluptatem non est. Velit qui sapiente quis quae qui esse eaque.', 2, 'unavailable', 'image1.jpg', 384, '2021-06-12 20:34:48', '2021-06-12 20:34:48', NULL),
(861, 'impedit', 'In soluta accusamus quis accusantium excepturi. Consequatur porro earum ipsam sed nulla.', 6, 'unavailable', 'image3.jpg', 972, '2021-06-12 20:34:48', '2021-06-12 20:34:48', NULL),
(862, 'repudiandae', 'Tenetur incidunt non velit quia et optio dignissimos. Doloribus eligendi reprehenderit quia sit cum fugiat sit dolorem.', 9, 'unavailable', 'image2.jpeg', 467, '2021-06-12 20:34:48', '2021-06-12 20:34:48', NULL),
(863, 'a', 'Hic voluptas saepe in vitae.', 10, 'available', 'image2.jpeg', 308, '2021-06-12 20:34:48', '2021-06-12 20:34:48', NULL),
(864, 'maxime', 'Et qui inventore sapiente itaque voluptatum dicta.', 4, 'unavailable', 'image2.jpeg', 770, '2021-06-12 20:34:48', '2021-06-12 20:34:48', NULL),
(865, 'dicta', 'Dolorum sit reiciendis ex non quia. Molestiae dolore adipisci hic dolor.', 8, 'unavailable', 'image2.jpeg', 130, '2021-06-12 20:34:48', '2021-06-12 20:34:48', NULL),
(866, 'est', 'Molestiae recusandae veritatis aut laboriosam reprehenderit molestias. Sed aut sed quis omnis voluptatem est.', 6, 'available', 'image2.jpeg', 325, '2021-06-12 20:34:48', '2021-06-12 20:34:48', NULL),
(867, 'consectetur', 'Qui eos natus qui aspernatur quia dicta.', 1, 'unavailable', 'image2.jpeg', 164, '2021-06-12 20:34:48', '2021-06-12 20:34:48', NULL),
(868, 'fugit', 'Ipsum qui adipisci deserunt est.', 6, 'available', 'image2.jpeg', 496, '2021-06-12 20:34:48', '2021-06-12 20:34:48', NULL),
(869, 'quis', 'Sed quasi asperiores deserunt maiores nemo. Aut eos iste sint molestiae praesentium unde corrupti.', 7, 'unavailable', 'image2.jpeg', 782, '2021-06-12 20:34:48', '2021-06-12 20:34:48', NULL),
(870, 'nisi', 'Et molestiae ut quos expedita.', 10, 'unavailable', 'image1.jpg', 168, '2021-06-12 20:34:48', '2021-06-12 20:34:48', NULL),
(871, 'qui', 'Consequatur tenetur est in. Qui est esse aut.', 1, 'unavailable', 'image3.jpg', 942, '2021-06-12 20:34:48', '2021-06-12 20:34:48', NULL),
(872, 'omnis', 'Illo ut ut cum ullam voluptatem sint sapiente. Rerum accusamus et temporibus omnis.', 1, 'unavailable', 'image3.jpg', 319, '2021-06-12 20:34:48', '2021-06-12 20:34:48', NULL),
(873, 'tempora', 'Et nisi tenetur qui reprehenderit et est aut. Quisquam omnis labore quae omnis expedita eaque dolor sed.', 10, 'unavailable', 'image2.jpeg', 105, '2021-06-12 20:34:48', '2021-06-12 20:34:48', NULL),
(874, 'deleniti', 'Unde sed impedit esse et.', 8, 'unavailable', 'image2.jpeg', 871, '2021-06-12 20:34:48', '2021-06-12 20:34:48', NULL),
(875, 'corrupti', 'Consequuntur cum ut rerum quasi sit. Ipsum delectus unde dolores illum rerum.', 8, 'available', 'image1.jpg', 252, '2021-06-12 20:34:48', '2021-06-12 20:34:48', NULL),
(876, 'quia', 'Vel aut id nostrum at fugiat iste saepe laborum. Aut eum consectetur ipsa laborum et voluptatum qui.', 7, 'unavailable', 'image2.jpeg', 476, '2021-06-12 20:34:48', '2021-06-12 20:34:48', NULL),
(877, 'aperiam', 'Sed et debitis culpa.', 2, 'available', 'image3.jpg', 144, '2021-06-12 20:34:48', '2021-06-12 20:34:48', NULL),
(878, 'et', 'Qui qui aliquid ea voluptates sequi laborum. Impedit labore harum unde illo eos.', 7, 'unavailable', 'image2.jpeg', 534, '2021-06-12 20:34:48', '2021-06-12 20:34:48', NULL),
(879, 'neque', 'Eveniet nisi rem aut nesciunt.', 4, 'unavailable', 'image3.jpg', 39, '2021-06-12 20:34:48', '2021-06-12 20:34:48', NULL),
(880, 'porro', 'Delectus vitae officiis consequuntur amet voluptatem occaecati voluptate id.', 5, 'available', 'image1.jpg', 530, '2021-06-12 20:34:48', '2021-06-12 20:34:48', NULL),
(881, 'autem', 'Quasi facere autem qui alias dolorem reiciendis.', 6, 'available', 'image1.jpg', 644, '2021-06-12 20:34:48', '2021-06-12 20:34:48', NULL),
(882, 'est', 'Neque occaecati at repudiandae. Dolore voluptatem voluptates ut neque quo.', 3, 'available', 'image3.jpg', 22, '2021-06-12 20:34:48', '2021-06-12 20:34:48', NULL),
(883, 'omnis', 'Incidunt quibusdam fugiat est nisi molestias fugit.', 9, 'unavailable', 'image1.jpg', 695, '2021-06-12 20:34:48', '2021-06-12 20:34:48', NULL),
(884, 'enim', 'Rerum ducimus aut dolorem debitis beatae quaerat.', 3, 'unavailable', 'image1.jpg', 511, '2021-06-12 20:34:48', '2021-06-12 20:34:48', NULL),
(885, 'aut', 'In nostrum aut corrupti aperiam minus perferendis vel. Ea ut et labore fugit necessitatibus assumenda praesentium.', 6, 'unavailable', 'image3.jpg', 735, '2021-06-12 20:34:48', '2021-06-12 20:34:48', NULL),
(886, 'et', 'Vitae fugit architecto deserunt deleniti id. Vitae aut velit rerum consectetur sed dolore.', 9, 'unavailable', 'image3.jpg', 436, '2021-06-12 20:34:48', '2021-06-12 20:34:48', NULL),
(887, 'occaecati', 'Consequatur ut modi explicabo.', 3, 'unavailable', 'image3.jpg', 333, '2021-06-12 20:34:48', '2021-06-12 20:34:48', NULL),
(888, 'impedit', 'Consequatur aut quidem rerum dolore minima ut eaque ut. Odio tenetur qui aliquid velit praesentium necessitatibus.', 2, 'available', 'image3.jpg', 839, '2021-06-12 20:34:48', '2021-06-12 20:34:48', NULL),
(889, 'consequatur', 'Quisquam est in dolor et quia.', 1, 'unavailable', 'image1.jpg', 721, '2021-06-12 20:34:48', '2021-06-12 20:34:48', NULL),
(890, 'sint', 'Quod voluptatem aut sed ut.', 9, 'available', 'image3.jpg', 284, '2021-06-12 20:34:48', '2021-06-12 20:34:48', NULL),
(891, 'aut', 'Dolores molestiae adipisci aut voluptatem.', 9, 'available', 'image2.jpeg', 156, '2021-06-12 20:34:48', '2021-06-12 20:34:48', NULL),
(892, 'ullam', 'Adipisci dicta commodi libero. Aliquid vel ipsa et possimus quae corporis ut.', 10, 'available', 'image1.jpg', 176, '2021-06-12 20:34:48', '2021-06-12 20:34:48', NULL),
(893, 'aut', 'Odit dolore ad eius rerum ea magnam porro. Ut aut exercitationem natus voluptatem asperiores voluptatibus.', 9, 'available', 'image1.jpg', 596, '2021-06-12 20:34:48', '2021-06-12 20:34:48', NULL),
(894, 'explicabo', 'Animi non unde et aspernatur a rem excepturi officiis. Dolorem est dolor sapiente eligendi assumenda et.', 3, 'unavailable', 'image1.jpg', 926, '2021-06-12 20:34:48', '2021-06-12 20:34:48', NULL),
(895, 'repudiandae', 'Quod doloremque velit qui optio dolor.', 9, 'available', 'image3.jpg', 584, '2021-06-12 20:34:48', '2021-06-12 20:34:48', NULL),
(896, 'beatae', 'Nihil voluptas vel sit molestiae voluptate praesentium et.', 4, 'unavailable', 'image2.jpeg', 38, '2021-06-12 20:34:48', '2021-06-12 20:34:48', NULL),
(897, 'ut', 'Quaerat porro inventore ex eveniet laboriosam molestias. Quam deserunt id consequatur exercitationem.', 6, 'unavailable', 'image3.jpg', 786, '2021-06-12 20:34:48', '2021-06-12 20:34:48', NULL),
(898, 'ut', 'Consequuntur quia perspiciatis iure doloremque incidunt dolorem qui alias. Eveniet assumenda laboriosam illum sapiente et id.', 9, 'available', 'image2.jpeg', 51, '2021-06-12 20:34:48', '2021-06-12 20:34:48', NULL),
(899, 'qui', 'Cum laudantium sit numquam eius error. Exercitationem voluptatum dolor voluptatem occaecati tempora.', 1, 'unavailable', 'image1.jpg', 493, '2021-06-12 20:34:48', '2021-06-12 20:34:48', NULL),
(900, 'accusamus', 'Repellendus quo ut ea ut qui molestiae aspernatur. Quasi possimus provident cum laboriosam dolores.', 5, 'available', 'image3.jpg', 996, '2021-06-12 20:34:48', '2021-06-12 20:34:48', NULL),
(901, 'nesciunt', 'Quasi eveniet mollitia fugiat et. Amet est quam in adipisci pariatur facilis ratione.', 6, 'available', 'image3.jpg', 572, '2021-06-12 20:34:48', '2021-06-12 20:34:48', NULL),
(902, 'ipsum', 'Fuga deleniti autem odio aut. Illo libero quis animi aut accusamus labore.', 5, 'available', 'image2.jpeg', 364, '2021-06-12 20:34:48', '2021-06-12 20:34:48', NULL),
(903, 'consequatur', 'Numquam laboriosam similique autem libero magnam explicabo. Aperiam incidunt officia amet aut neque.', 2, 'unavailable', 'image1.jpg', 399, '2021-06-12 20:34:48', '2021-06-12 20:34:48', NULL),
(904, 'iusto', 'Temporibus dolore consequatur suscipit distinctio sint sapiente dolore. Rerum deleniti iure hic sapiente repudiandae.', 1, 'unavailable', 'image3.jpg', 186, '2021-06-12 20:34:48', '2021-06-12 20:34:48', NULL),
(905, 'reprehenderit', 'Adipisci et aperiam iure consequuntur ea quis. Id dolorem non dolores est ea.', 4, 'available', 'image3.jpg', 122, '2021-06-12 20:34:48', '2021-06-12 20:34:48', NULL),
(906, 'repellat', 'Quis ad consequuntur dolor molestiae et laboriosam qui.', 3, 'unavailable', 'image1.jpg', 966, '2021-06-12 20:34:48', '2021-06-12 20:34:48', NULL),
(907, 'amet', 'Aspernatur voluptate vitae facilis quia.', 6, 'available', 'image3.jpg', 344, '2021-06-12 20:34:48', '2021-06-12 20:34:48', NULL),
(908, 'sed', 'Iusto laudantium distinctio quod rerum assumenda fugiat repellendus. Dicta vel dolores qui deleniti esse.', 6, 'available', 'image2.jpeg', 16, '2021-06-12 20:34:48', '2021-06-12 20:34:48', NULL),
(909, 'corporis', 'Iure voluptate voluptas numquam est. Fugiat incidunt ea quia qui dolor vel.', 8, 'unavailable', 'image3.jpg', 961, '2021-06-12 20:34:48', '2021-06-12 20:34:48', NULL),
(910, 'eos', 'Qui quae sequi maxime laudantium. Inventore et esse quos voluptas architecto beatae et.', 3, 'available', 'image3.jpg', 896, '2021-06-12 20:34:48', '2021-06-12 20:34:48', NULL),
(911, 'aut', 'Id dolor ut dolor fuga.', 5, 'unavailable', 'image1.jpg', 9, '2021-06-12 20:34:48', '2021-06-12 20:34:48', NULL),
(912, 'placeat', 'Ad sed qui aut et.', 2, 'unavailable', 'image3.jpg', 437, '2021-06-12 20:34:48', '2021-06-12 20:34:48', NULL),
(913, 'placeat', 'Ut porro quisquam quos rerum aspernatur dicta aut. Neque facere aut fugit consequatur suscipit ipsum occaecati id.', 1, 'unavailable', 'image2.jpeg', 479, '2021-06-12 20:34:48', '2021-06-12 20:34:48', NULL),
(914, 'rerum', 'Quia animi et alias et. Aliquam quia quis consequuntur voluptatem.', 4, 'unavailable', 'image2.jpeg', 713, '2021-06-12 20:34:48', '2021-06-12 20:34:48', NULL),
(915, 'enim', 'Qui recusandae eveniet quis ipsum officiis est.', 3, 'available', 'image1.jpg', 309, '2021-06-12 20:34:48', '2021-06-12 20:34:48', NULL),
(916, 'molestiae', 'Neque ipsa omnis cupiditate ad.', 4, 'unavailable', 'image2.jpeg', 841, '2021-06-12 20:34:48', '2021-06-12 20:34:48', NULL),
(917, 'non', 'Ut quia vitae in non voluptates earum. Repellendus dolore quia numquam sunt asperiores quo.', 10, 'available', 'image3.jpg', 384, '2021-06-12 20:34:48', '2021-06-12 20:34:48', NULL),
(918, 'reiciendis', 'Ipsam maiores necessitatibus qui libero facere tempore.', 10, 'unavailable', 'image1.jpg', 901, '2021-06-12 20:34:48', '2021-06-12 20:34:48', NULL),
(919, 'aut', 'Deserunt unde ab odit quia. Eligendi perspiciatis enim itaque vitae repudiandae omnis.', 2, 'available', 'image3.jpg', 295, '2021-06-12 20:34:48', '2021-06-12 20:34:48', NULL),
(920, 'error', 'Animi qui aliquid fuga reprehenderit assumenda. Quae aut vel occaecati ipsa assumenda dignissimos nisi.', 2, 'available', 'image3.jpg', 436, '2021-06-12 20:34:48', '2021-06-12 20:34:48', NULL),
(921, 'nesciunt', 'Dolor libero sit esse qui dolorem soluta.', 1, 'unavailable', 'image3.jpg', 315, '2021-06-12 20:34:48', '2021-06-12 20:34:48', NULL),
(922, 'quae', 'Expedita voluptate dicta architecto cupiditate neque repellendus et. Qui recusandae animi non consequatur.', 3, 'available', 'image1.jpg', 742, '2021-06-12 20:34:48', '2021-06-12 20:34:48', NULL),
(923, 'vitae', 'Quam autem harum minima illo ut.', 6, 'unavailable', 'image1.jpg', 846, '2021-06-12 20:34:48', '2021-06-12 20:34:48', NULL),
(924, 'nihil', 'Quis magnam quisquam animi eum asperiores magnam ratione. Reprehenderit est molestias ut.', 8, 'unavailable', 'image2.jpeg', 28, '2021-06-12 20:34:48', '2021-06-12 20:34:48', NULL),
(925, 'laborum', 'Ea molestiae veniam sed.', 10, 'available', 'image1.jpg', 170, '2021-06-12 20:34:48', '2021-06-12 20:34:48', NULL),
(926, 'dicta', 'Beatae et ut ipsa natus consequuntur sed est.', 5, 'available', 'image1.jpg', 964, '2021-06-12 20:34:48', '2021-06-12 20:34:48', NULL),
(927, 'maxime', 'Animi qui dolores explicabo aut.', 7, 'available', 'image1.jpg', 9, '2021-06-12 20:34:48', '2021-06-12 20:34:48', NULL),
(928, 'consequatur', 'Porro possimus qui totam facilis ut fuga omnis tenetur. Aut aut esse culpa.', 8, 'available', 'image2.jpeg', 973, '2021-06-12 20:34:48', '2021-06-12 20:34:48', NULL),
(929, 'consequatur', 'Unde odit deleniti non perspiciatis eius.', 2, 'unavailable', 'image2.jpeg', 272, '2021-06-12 20:34:48', '2021-06-12 20:34:48', NULL),
(930, 'est', 'Dicta cumque iure qui fugit quas laborum dolorum.', 7, 'available', 'image2.jpeg', 808, '2021-06-12 20:34:48', '2021-06-12 20:34:48', NULL),
(931, 'ab', 'Eius non aperiam dolores aut sunt a voluptas. Architecto vitae tempore nobis sequi totam modi suscipit.', 3, 'available', 'image1.jpg', 283, '2021-06-12 20:34:48', '2021-06-12 20:34:48', NULL),
(932, 'dolores', 'Alias quaerat aut sint quam.', 10, 'available', 'image1.jpg', 444, '2021-06-12 20:34:48', '2021-06-12 20:34:48', NULL),
(933, 'minima', 'Autem mollitia impedit itaque quibusdam veniam.', 9, 'available', 'image3.jpg', 203, '2021-06-12 20:34:48', '2021-06-12 20:34:48', NULL),
(934, 'qui', 'Ullam magni dolorem nesciunt. Vel repellendus perferendis at et qui sapiente molestiae.', 5, 'available', 'image2.jpeg', 781, '2021-06-12 20:34:48', '2021-06-12 20:34:48', NULL),
(935, 'perspiciatis', 'Ratione architecto repellat hic accusamus esse quia quae id.', 7, 'available', 'image1.jpg', 666, '2021-06-12 20:34:48', '2021-06-12 20:34:48', NULL),
(936, 'accusantium', 'Esse tempora ipsum sit tempore asperiores nisi.', 9, 'available', 'image2.jpeg', 170, '2021-06-12 20:34:48', '2021-06-12 20:34:48', NULL),
(937, 'cumque', 'Voluptas ipsa eum odio quae incidunt reiciendis voluptatibus. Deleniti non dignissimos nihil expedita odit quisquam suscipit.', 9, 'available', 'image2.jpeg', 416, '2021-06-12 20:34:48', '2021-06-12 20:34:48', NULL),
(938, 'sit', 'Ullam sit sit sit necessitatibus totam sunt ex eum.', 4, 'unavailable', 'image3.jpg', 260, '2021-06-12 20:34:48', '2021-06-12 20:34:48', NULL),
(939, 'quo', 'Dignissimos debitis et natus. Ratione et consectetur quis repellat tenetur voluptates aperiam.', 1, 'available', 'image1.jpg', 570, '2021-06-12 20:34:48', '2021-06-12 20:34:48', NULL),
(940, 'qui', 'Corporis corrupti fugit sapiente et et ullam.', 2, 'available', 'image3.jpg', 579, '2021-06-12 20:34:48', '2021-06-12 20:34:48', NULL),
(941, 'dolore', 'Molestias vel quo dolores. Impedit voluptas ipsum sint quaerat.', 3, 'available', 'image2.jpeg', 591, '2021-06-12 20:34:48', '2021-06-12 20:34:48', NULL),
(942, 'et', 'Et qui soluta consequatur qui earum voluptas exercitationem.', 5, 'unavailable', 'image2.jpeg', 620, '2021-06-12 20:34:48', '2021-06-12 20:34:48', NULL),
(943, 'pariatur', 'Incidunt iusto sequi rerum ex. Fugit quam tempora ut quisquam.', 2, 'available', 'image3.jpg', 115, '2021-06-12 20:34:48', '2021-06-12 20:34:48', NULL),
(944, 'beatae', 'Totam dolor sit facilis veritatis suscipit exercitationem est aut. Delectus dolores ipsa asperiores aut blanditiis.', 6, 'unavailable', 'image1.jpg', 831, '2021-06-12 20:34:48', '2021-06-12 20:34:48', NULL),
(945, 'minima', 'Maiores eveniet placeat corrupti assumenda rerum. Dignissimos repudiandae animi repellendus cupiditate voluptate aut.', 6, 'unavailable', 'image3.jpg', 518, '2021-06-12 20:34:48', '2021-06-12 20:34:48', NULL),
(946, 'voluptatem', 'Et deserunt aspernatur non quia aut cum dicta.', 10, 'available', 'image1.jpg', 795, '2021-06-12 20:34:48', '2021-06-12 20:34:48', NULL),
(947, 'et', 'Aut dolorem consequatur fugiat a odit quod inventore nihil.', 7, 'available', 'image2.jpeg', 947, '2021-06-12 20:34:48', '2021-06-12 20:34:48', NULL),
(948, 'cum', 'Modi facilis velit corrupti odio itaque consectetur dolor.', 3, 'available', 'image3.jpg', 259, '2021-06-12 20:34:48', '2021-06-12 20:34:48', NULL),
(949, 'perspiciatis', 'Repudiandae natus rerum eos aut assumenda vero ut.', 2, 'available', 'image2.jpeg', 754, '2021-06-12 20:34:48', '2021-06-12 20:34:48', NULL),
(950, 'autem', 'Adipisci et vel quos. Fugiat modi vel aut aut.', 10, 'available', 'image3.jpg', 885, '2021-06-12 20:34:48', '2021-06-12 20:34:48', NULL),
(951, 'rem', 'Eum omnis omnis eaque sunt exercitationem libero atque.', 5, 'available', 'image1.jpg', 30, '2021-06-12 20:34:48', '2021-06-12 20:34:48', NULL),
(952, 'est', 'Doloremque cum qui est excepturi voluptatem sit.', 4, 'available', 'image2.jpeg', 279, '2021-06-12 20:34:48', '2021-06-12 20:34:48', NULL),
(953, 'velit', 'Eos quam perspiciatis dignissimos aut voluptatem aut non.', 6, 'available', 'image2.jpeg', 841, '2021-06-12 20:34:48', '2021-06-12 20:34:48', NULL),
(954, 'debitis', 'Illum magni earum magni dolorem in nihil autem sequi.', 2, 'available', 'image2.jpeg', 813, '2021-06-12 20:34:48', '2021-06-12 20:34:48', NULL),
(955, 'vel', 'Possimus quod enim quasi ab qui qui soluta.', 9, 'available', 'image1.jpg', 500, '2021-06-12 20:34:48', '2021-06-12 20:34:48', NULL),
(956, 'occaecati', 'Aperiam at autem deserunt consequatur necessitatibus ratione quis.', 2, 'unavailable', 'image3.jpg', 165, '2021-06-12 20:34:48', '2021-06-12 20:34:48', NULL),
(957, 'nostrum', 'Fugit culpa neque impedit aut dignissimos omnis accusamus. Explicabo ducimus tenetur veniam repudiandae itaque qui eveniet.', 10, 'available', 'image1.jpg', 242, '2021-06-12 20:34:48', '2021-06-12 20:34:48', NULL),
(958, 'atque', 'Cum sed sed aliquam enim.', 6, 'available', 'image2.jpeg', 154, '2021-06-12 20:34:48', '2021-06-12 20:34:48', NULL),
(959, 'alias', 'Veniam impedit perferendis aut ea quis non harum tenetur.', 5, 'unavailable', 'image2.jpeg', 424, '2021-06-12 20:34:48', '2021-06-12 20:34:48', NULL),
(960, 'quidem', 'Qui pariatur reprehenderit voluptatem velit voluptas est impedit.', 3, 'unavailable', 'image3.jpg', 991, '2021-06-12 20:34:48', '2021-06-12 20:34:48', NULL),
(961, 'adipisci', 'Maiores optio est quia esse. Ad corporis aspernatur sint suscipit quia fugiat aut.', 3, 'available', 'image2.jpeg', 117, '2021-06-12 20:34:48', '2021-06-12 20:34:48', NULL),
(962, 'enim', 'Libero alias corrupti voluptatem dolor provident.', 6, 'unavailable', 'image1.jpg', 179, '2021-06-12 20:34:48', '2021-06-12 20:34:48', NULL),
(963, 'omnis', 'Ex autem facilis sed voluptatem voluptatem mollitia neque. Harum debitis tempore et deleniti enim eos.', 10, 'available', 'image1.jpg', 333, '2021-06-12 20:34:48', '2021-06-12 20:34:48', NULL),
(964, 'aperiam', 'Eveniet sit repellendus tenetur est molestiae.', 5, 'available', 'image3.jpg', 151, '2021-06-12 20:34:48', '2021-06-12 20:34:48', NULL),
(965, 'neque', 'Earum accusamus non hic aut perspiciatis. Est cumque commodi nihil natus quam architecto.', 8, 'unavailable', 'image3.jpg', 916, '2021-06-12 20:34:48', '2021-06-12 20:34:48', NULL),
(966, 'amet', 'Officia consequatur nesciunt cumque vero repudiandae quis. Dolorem vel fuga quas et laboriosam.', 9, 'available', 'image3.jpg', 542, '2021-06-12 20:34:48', '2021-06-12 20:34:48', NULL),
(967, 'fugit', 'Sint minus ipsum voluptate id cumque commodi. Expedita rerum et atque maxime.', 9, 'unavailable', 'image3.jpg', 759, '2021-06-12 20:34:48', '2021-06-12 20:34:48', NULL),
(968, 'ut', 'Et cumque est ut similique. Ut quis aliquam libero veniam ipsa nostrum.', 3, 'unavailable', 'image1.jpg', 85, '2021-06-12 20:34:48', '2021-06-12 20:34:48', NULL),
(969, 'sit', 'Repellendus explicabo iusto porro quae enim corporis dolor. Voluptatem et ut molestiae esse odit ea.', 8, 'available', 'image1.jpg', 188, '2021-06-12 20:34:48', '2021-06-12 20:34:48', NULL),
(970, 'earum', 'Rerum voluptate ut in ut eveniet.', 10, 'unavailable', 'image1.jpg', 28, '2021-06-12 20:34:48', '2021-06-12 20:34:48', NULL),
(971, 'totam', 'Enim totam minus qui at illum aut enim.', 1, 'available', 'image2.jpeg', 819, '2021-06-12 20:34:48', '2021-06-12 20:34:48', NULL),
(972, 'enim', 'Dolor consectetur autem doloremque sunt error perferendis fuga.', 1, 'unavailable', 'image1.jpg', 554, '2021-06-12 20:34:48', '2021-06-12 20:34:48', NULL),
(973, 'dolorem', 'Numquam iste laudantium illo sint et eligendi.', 3, 'available', 'image3.jpg', 583, '2021-06-12 20:34:48', '2021-06-12 20:34:48', NULL),
(974, 'natus', 'Commodi in beatae sapiente dolores.', 1, 'available', 'image2.jpeg', 548, '2021-06-12 20:34:48', '2021-06-12 20:34:48', NULL),
(975, 'quae', 'In nemo possimus eaque.', 9, 'unavailable', 'image2.jpeg', 100, '2021-06-12 20:34:48', '2021-06-12 20:34:48', NULL),
(976, 'veritatis', 'Alias ducimus placeat in odit.', 5, 'unavailable', 'image3.jpg', 158, '2021-06-12 20:34:48', '2021-06-12 20:34:48', NULL),
(977, 'totam', 'Velit voluptatem nam quia rerum repudiandae vel neque quod.', 7, 'unavailable', 'image3.jpg', 255, '2021-06-12 20:34:48', '2021-06-12 20:34:48', NULL),
(978, 'repudiandae', 'Laborum sed blanditiis fugit consequatur. Consequuntur voluptatibus esse id et expedita est.', 4, 'unavailable', 'image3.jpg', 164, '2021-06-12 20:34:48', '2021-06-12 20:34:48', NULL),
(979, 'incidunt', 'Dolorum aut aut est voluptatem. Architecto repellendus quasi nam nulla minima doloribus ipsum.', 7, 'available', 'image3.jpg', 37, '2021-06-12 20:34:48', '2021-06-12 20:34:48', NULL),
(980, 'quasi', 'Dolorem voluptatem aperiam minima qui quisquam.', 6, 'unavailable', 'image3.jpg', 151, '2021-06-12 20:34:48', '2021-06-12 20:34:48', NULL),
(981, 'dolorum', 'Et odio nostrum tempore cupiditate magni.', 6, 'unavailable', 'image1.jpg', 825, '2021-06-12 20:34:48', '2021-06-12 20:34:48', NULL),
(982, 'perferendis', 'Ratione culpa in error et. Aspernatur molestiae est est iure.', 2, 'unavailable', 'image2.jpeg', 781, '2021-06-12 20:34:48', '2021-06-12 20:34:48', NULL),
(983, 'aut', 'Debitis praesentium molestiae qui et nam at nihil.', 5, 'available', 'image2.jpeg', 103, '2021-06-12 20:34:48', '2021-06-12 20:34:48', NULL),
(984, 'aut', 'Facere consequatur nulla voluptas ratione aut explicabo.', 9, 'available', 'image1.jpg', 989, '2021-06-12 20:34:48', '2021-06-12 20:34:48', NULL),
(985, 'excepturi', 'Vel quibusdam cupiditate in et maiores eligendi. Culpa enim sed sed perferendis magnam impedit.', 1, 'available', 'image2.jpeg', 627, '2021-06-12 20:34:48', '2021-06-12 20:34:48', NULL),
(986, 'doloribus', 'Asperiores iure rerum qui provident esse eaque ea.', 2, 'unavailable', 'image3.jpg', 464, '2021-06-12 20:34:48', '2021-06-12 20:34:48', NULL),
(987, 'enim', 'Iure nulla aut sed est.', 2, 'unavailable', 'image1.jpg', 519, '2021-06-12 20:34:48', '2021-06-12 20:34:48', NULL),
(988, 'temporibus', 'Assumenda ut voluptatum culpa ex. Ducimus repellendus repellat labore quibusdam molestias quibusdam vel.', 3, 'available', 'image2.jpeg', 4, '2021-06-12 20:34:48', '2021-06-12 20:34:48', NULL),
(989, 'rerum', 'Repellendus ipsa voluptas modi et culpa suscipit cumque. Quos non quam qui repudiandae eum voluptas.', 4, 'unavailable', 'image3.jpg', 454, '2021-06-12 20:34:48', '2021-06-12 20:34:48', NULL),
(990, 'totam', 'Id est debitis ipsam reiciendis eos. Dolor aut ut quos aut ab qui in.', 7, 'available', 'image1.jpg', 232, '2021-06-12 20:34:48', '2021-06-12 20:34:48', NULL),
(991, 'similique', 'Saepe unde qui vitae aliquam impedit laborum ut.', 7, 'available', 'image1.jpg', 935, '2021-06-12 20:34:48', '2021-06-12 20:34:48', NULL),
(992, 'rerum', 'Nam veniam laudantium maiores blanditiis ea illo. Commodi rerum atque necessitatibus expedita ullam.', 2, 'available', 'image2.jpeg', 605, '2021-06-12 20:34:48', '2021-06-12 20:34:48', NULL),
(993, 'quia', 'Deleniti aut consequatur aut dolor incidunt id. Officiis voluptas nesciunt voluptatibus sequi voluptatibus aut.', 10, 'available', 'image3.jpg', 664, '2021-06-12 20:34:48', '2021-06-12 20:34:48', NULL),
(994, 'aut', 'Ea laboriosam ut quia a voluptas repellendus illo consequatur.', 2, 'unavailable', 'image2.jpeg', 670, '2021-06-12 20:34:48', '2021-06-12 20:34:48', NULL),
(995, 'velit', 'Qui molestias aperiam architecto sed sunt recusandae vel voluptatem. Nobis expedita sit error voluptas amet suscipit deleniti.', 1, 'available', 'image1.jpg', 16, '2021-06-12 20:34:48', '2021-06-12 20:34:48', NULL),
(996, 'aut', 'Aut optio rerum in incidunt facere harum.', 6, 'available', 'image2.jpeg', 808, '2021-06-12 20:34:48', '2021-06-12 20:34:48', NULL),
(997, 'expedita', 'Beatae distinctio vitae corporis sed. Recusandae fugiat dolorum illo.', 6, 'available', 'image1.jpg', 562, '2021-06-12 20:34:48', '2021-06-12 20:34:48', NULL),
(998, 'et', 'Quisquam eveniet velit reprehenderit corrupti saepe dicta.', 10, 'available', 'image3.jpg', 244, '2021-06-12 20:34:49', '2021-06-12 20:34:49', NULL),
(999, 'possimus', 'Officia qui ut et beatae. Quia quidem et doloribus quidem labore.', 7, 'unavailable', 'image3.jpg', 359, '2021-06-12 20:34:49', '2021-06-12 20:34:49', NULL),
(1000, 'necessitatibus', 'Aut nam cum exercitationem explicabo adipisci ut.', 3, 'unavailable', 'image2.jpeg', 823, '2021-06-12 20:34:49', '2021-06-12 20:34:49', NULL);

-- --------------------------------------------------------

--
-- Table structure for table `transactions`
--

CREATE TABLE `transactions` (
  `id` int(10) UNSIGNED NOT NULL,
  `quantity` int(10) UNSIGNED NOT NULL,
  `buyer_id` int(10) UNSIGNED NOT NULL,
  `product_id` int(10) UNSIGNED NOT NULL,
  `created_at` timestamp NULL DEFAULT NULL,
  `updated_at` timestamp NULL DEFAULT NULL,
  `deleted_at` timestamp NULL DEFAULT NULL
) ENGINE=InnoDB DEFAULT CHARSET=utf8mb4 COLLATE=utf8mb4_unicode_ci;

--
-- Dumping data for table `transactions`
--

INSERT INTO `transactions` (`id`, `quantity`, `buyer_id`, `product_id`, `created_at`, `updated_at`, `deleted_at`) VALUES
(1, 2, 174, 542, '2021-06-12 20:35:24', '2021-06-12 20:35:24', NULL),
(2, 3, 680, 284, '2021-06-12 20:35:24', '2021-06-12 20:35:24', NULL),
(3, 2, 736, 753, '2021-06-12 20:35:24', '2021-06-12 20:35:24', NULL),
(4, 2, 537, 276, '2021-06-12 20:35:24', '2021-06-12 20:35:24', NULL),
(5, 1, 146, 588, '2021-06-12 20:35:24', '2021-06-12 20:35:24', NULL),
(6, 2, 145, 975, '2021-06-12 20:35:24', '2021-06-12 20:35:24', NULL),
(7, 3, 703, 50, '2021-06-12 20:35:24', '2021-06-12 20:35:24', NULL),
(8, 3, 432, 386, '2021-06-12 20:35:24', '2021-06-12 20:35:24', NULL),
(9, 2, 248, 512, '2021-06-12 20:35:24', '2021-06-12 20:35:24', NULL),
(10, 2, 982, 959, '2021-06-12 20:35:24', '2021-06-12 20:35:24', NULL),
(11, 2, 766, 567, '2021-06-12 20:35:24', '2021-06-12 20:35:24', NULL),
(12, 3, 183, 63, '2021-06-12 20:35:24', '2021-06-12 20:35:24', NULL),
(13, 2, 548, 204, '2021-06-12 20:35:24', '2021-06-12 20:35:24', NULL),
(14, 2, 112, 189, '2021-06-12 20:35:24', '2021-06-12 20:35:24', NULL),
(15, 1, 171, 295, '2021-06-12 20:35:24', '2021-06-12 20:35:24', NULL),
(16, 1, 319, 523, '2021-06-12 20:35:24', '2021-06-12 20:35:24', NULL),
(17, 1, 497, 13, '2021-06-12 20:35:24', '2021-06-12 20:35:24', NULL),
(18, 2, 154, 86, '2021-06-12 20:35:24', '2021-06-12 20:35:24', NULL),
(19, 3, 593, 863, '2021-06-12 20:35:24', '2021-06-12 20:35:24', NULL),
(20, 1, 85, 569, '2021-06-12 20:35:24', '2021-06-12 20:35:24', NULL),
(21, 2, 101, 281, '2021-06-12 20:35:24', '2021-06-12 20:35:24', NULL),
(22, 1, 826, 387, '2021-06-12 20:35:24', '2021-06-12 20:35:24', NULL),
(23, 1, 899, 18, '2021-06-12 20:35:24', '2021-06-12 20:35:24', NULL),
(24, 1, 271, 312, '2021-06-12 20:35:24', '2021-06-12 20:35:24', NULL),
(25, 3, 724, 210, '2021-06-12 20:35:24', '2021-06-12 20:35:24', NULL),
(26, 2, 52, 263, '2021-06-12 20:35:24', '2021-06-12 20:35:24', NULL),
(27, 1, 214, 374, '2021-06-12 20:35:24', '2021-06-12 20:35:24', NULL),
(28, 2, 484, 603, '2021-06-12 20:35:24', '2021-06-12 20:35:24', NULL),
(29, 2, 518, 658, '2021-06-12 20:35:24', '2021-06-12 20:35:24', NULL),
(30, 3, 809, 780, '2021-06-12 20:35:24', '2021-06-12 20:35:24', NULL),
(31, 1, 627, 69, '2021-06-12 20:35:24', '2021-06-12 20:35:24', NULL),
(32, 2, 419, 717, '2021-06-12 20:35:24', '2021-06-12 20:35:24', NULL),
(33, 2, 214, 387, '2021-06-12 20:35:24', '2021-06-12 20:35:24', NULL),
(34, 1, 227, 678, '2021-06-12 20:35:24', '2021-06-12 20:35:24', NULL),
(35, 1, 217, 866, '2021-06-12 20:35:24', '2021-06-12 20:35:24', NULL),
(36, 1, 534, 305, '2021-06-12 20:35:24', '2021-06-12 20:35:24', NULL),
(37, 1, 859, 833, '2021-06-12 20:35:24', '2021-06-12 20:35:24', NULL),
(38, 1, 19, 24, '2021-06-12 20:35:24', '2021-06-12 20:35:24', NULL),
(39, 3, 652, 650, '2021-06-12 20:35:24', '2021-06-12 20:35:24', NULL),
(40, 3, 365, 757, '2021-06-12 20:35:24', '2021-06-12 20:35:24', NULL),
(41, 3, 933, 75, '2021-06-12 20:35:24', '2021-06-12 20:35:24', NULL),
(42, 2, 198, 646, '2021-06-12 20:35:24', '2021-06-12 20:35:24', NULL),
(43, 1, 950, 96, '2021-06-12 20:35:24', '2021-06-12 20:35:24', NULL),
(44, 2, 535, 287, '2021-06-12 20:35:24', '2021-06-12 20:35:24', NULL),
(45, 1, 386, 966, '2021-06-12 20:35:24', '2021-06-12 20:35:24', NULL),
(46, 1, 497, 831, '2021-06-12 20:35:24', '2021-06-12 20:35:24', NULL),
(47, 1, 293, 279, '2021-06-12 20:35:24', '2021-06-12 20:35:24', NULL),
(48, 1, 798, 383, '2021-06-12 20:35:24', '2021-06-12 20:35:24', NULL),
(49, 2, 947, 361, '2021-06-12 20:35:24', '2021-06-12 20:35:24', NULL),
(50, 3, 78, 572, '2021-06-12 20:35:24', '2021-06-12 20:35:24', NULL),
(51, 3, 337, 842, '2021-06-12 20:35:24', '2021-06-12 20:35:24', NULL),
(52, 3, 298, 802, '2021-06-12 20:35:24', '2021-06-12 20:35:24', NULL),
(53, 3, 44, 419, '2021-06-12 20:35:24', '2021-06-12 20:35:24', NULL),
(54, 2, 998, 942, '2021-06-12 20:35:24', '2021-06-12 20:35:24', NULL),
(55, 3, 679, 836, '2021-06-12 20:35:24', '2021-06-12 20:35:24', NULL),
(56, 2, 625, 889, '2021-06-12 20:35:24', '2021-06-12 20:35:24', NULL),
(57, 1, 719, 599, '2021-06-12 20:35:24', '2021-06-12 20:35:24', NULL),
(58, 1, 166, 392, '2021-06-12 20:35:24', '2021-06-12 20:35:24', NULL),
(59, 3, 92, 123, '2021-06-12 20:35:24', '2021-06-12 20:35:24', NULL),
(60, 2, 819, 526, '2021-06-12 20:35:24', '2021-06-12 20:35:24', NULL),
(61, 1, 562, 912, '2021-06-12 20:35:24', '2021-06-12 20:35:24', NULL),
(62, 1, 30, 83, '2021-06-12 20:35:24', '2021-06-12 20:35:24', NULL),
(63, 1, 787, 414, '2021-06-12 20:35:24', '2021-06-12 20:35:24', NULL),
(64, 3, 541, 482, '2021-06-12 20:35:24', '2021-06-12 20:35:24', NULL),
(65, 1, 593, 620, '2021-06-12 20:35:24', '2021-06-12 20:35:24', NULL),
(66, 1, 671, 471, '2021-06-12 20:35:24', '2021-06-12 20:35:24', NULL),
(67, 1, 36, 744, '2021-06-12 20:35:24', '2021-06-12 20:35:24', NULL),
(68, 1, 466, 111, '2021-06-12 20:35:24', '2021-06-12 20:35:24', NULL),
(69, 2, 635, 286, '2021-06-12 20:35:24', '2021-06-12 20:35:24', NULL),
(70, 1, 694, 505, '2021-06-12 20:35:24', '2021-06-12 20:35:24', NULL),
(71, 2, 994, 5, '2021-06-12 20:35:24', '2021-06-12 20:35:24', NULL),
(72, 3, 316, 101, '2021-06-12 20:35:24', '2021-06-12 20:35:24', NULL),
(73, 1, 547, 613, '2021-06-12 20:35:24', '2021-06-12 20:35:24', NULL),
(74, 1, 1, 850, '2021-06-12 20:35:24', '2021-06-12 20:35:24', NULL),
(75, 3, 139, 439, '2021-06-12 20:35:24', '2021-06-12 20:35:24', NULL),
(76, 1, 618, 984, '2021-06-12 20:35:24', '2021-06-12 20:35:24', NULL),
(77, 1, 8, 730, '2021-06-12 20:35:24', '2021-06-12 20:35:24', NULL),
(78, 2, 130, 529, '2021-06-12 20:35:24', '2021-06-12 20:35:24', NULL),
(79, 2, 905, 114, '2021-06-12 20:35:24', '2021-06-12 20:35:24', NULL),
(80, 2, 431, 118, '2021-06-12 20:35:24', '2021-06-12 20:35:24', NULL),
(81, 2, 839, 935, '2021-06-12 20:35:24', '2021-06-12 20:35:24', NULL),
(82, 1, 215, 302, '2021-06-12 20:35:24', '2021-06-12 20:35:24', NULL),
(83, 2, 514, 361, '2021-06-12 20:35:24', '2021-06-12 20:35:24', NULL),
(84, 3, 661, 930, '2021-06-12 20:35:24', '2021-06-12 20:35:24', NULL),
(85, 3, 61, 414, '2021-06-12 20:35:24', '2021-06-12 20:35:24', NULL),
(86, 1, 234, 511, '2021-06-12 20:35:24', '2021-06-12 20:35:24', NULL),
(87, 3, 921, 30, '2021-06-12 20:35:24', '2021-06-12 20:35:24', NULL),
(88, 2, 649, 218, '2021-06-12 20:35:24', '2021-06-12 20:35:24', NULL),
(89, 1, 228, 79, '2021-06-12 20:35:24', '2021-06-12 20:35:24', NULL),
(90, 3, 226, 417, '2021-06-12 20:35:24', '2021-06-12 20:35:24', NULL),
(91, 3, 198, 717, '2021-06-12 20:35:24', '2021-06-12 20:35:24', NULL),
(92, 2, 255, 946, '2021-06-12 20:35:24', '2021-06-12 20:35:24', NULL),
(93, 2, 618, 480, '2021-06-12 20:35:24', '2021-06-12 20:35:24', NULL),
(94, 1, 598, 602, '2021-06-12 20:35:24', '2021-06-12 20:35:24', NULL),
(95, 2, 54, 429, '2021-06-12 20:35:24', '2021-06-12 20:35:24', NULL),
(96, 2, 744, 896, '2021-06-12 20:35:24', '2021-06-12 20:35:24', NULL),
(97, 2, 658, 235, '2021-06-12 20:35:24', '2021-06-12 20:35:24', NULL),
(98, 3, 139, 916, '2021-06-12 20:35:24', '2021-06-12 20:35:24', NULL),
(99, 2, 201, 901, '2021-06-12 20:35:24', '2021-06-12 20:35:24', NULL),
(100, 1, 549, 91, '2021-06-12 20:35:24', '2021-06-12 20:35:24', NULL),
(101, 3, 728, 721, '2021-06-12 20:35:24', '2021-06-12 20:35:24', NULL),
(102, 2, 117, 94, '2021-06-12 20:35:24', '2021-06-12 20:35:24', NULL),
(103, 2, 912, 883, '2021-06-12 20:35:24', '2021-06-12 20:35:24', NULL),
(104, 2, 858, 629, '2021-06-12 20:35:24', '2021-06-12 20:35:24', NULL),
(105, 3, 110, 289, '2021-06-12 20:35:24', '2021-06-12 20:35:24', NULL),
(106, 1, 170, 393, '2021-06-12 20:35:24', '2021-06-12 20:35:24', NULL),
(107, 1, 476, 754, '2021-06-12 20:35:24', '2021-06-12 20:35:24', NULL),
(108, 2, 111, 837, '2021-06-12 20:35:24', '2021-06-12 20:35:24', NULL),
(109, 2, 244, 861, '2021-06-12 20:35:24', '2021-06-12 20:35:24', NULL),
(110, 3, 305, 960, '2021-06-12 20:35:24', '2021-06-12 20:35:24', NULL),
(111, 2, 446, 251, '2021-06-12 20:35:24', '2021-06-12 20:35:24', NULL),
(112, 1, 172, 499, '2021-06-12 20:35:24', '2021-06-12 20:35:24', NULL),
(113, 3, 220, 243, '2021-06-12 20:35:24', '2021-06-12 20:35:24', NULL),
(114, 2, 506, 369, '2021-06-12 20:35:24', '2021-06-12 20:35:24', NULL),
(115, 3, 650, 738, '2021-06-12 20:35:24', '2021-06-12 20:35:24', NULL),
(116, 1, 2, 301, '2021-06-12 20:35:24', '2021-06-12 20:35:24', NULL),
(117, 2, 430, 407, '2021-06-12 20:35:24', '2021-06-12 20:35:24', NULL),
(118, 1, 978, 56, '2021-06-12 20:35:24', '2021-06-12 20:35:24', NULL),
(119, 2, 957, 375, '2021-06-12 20:35:24', '2021-06-12 20:35:24', NULL),
(120, 1, 824, 753, '2021-06-12 20:35:24', '2021-06-12 20:35:24', NULL),
(121, 1, 290, 177, '2021-06-12 20:35:24', '2021-06-12 20:35:24', NULL),
(122, 2, 881, 793, '2021-06-12 20:35:25', '2021-06-12 20:35:25', NULL),
(123, 2, 797, 586, '2021-06-12 20:35:25', '2021-06-12 20:35:25', NULL),
(124, 3, 540, 721, '2021-06-12 20:35:25', '2021-06-12 20:35:25', NULL),
(125, 1, 237, 572, '2021-06-12 20:35:25', '2021-06-12 20:35:25', NULL),
(126, 2, 250, 97, '2021-06-12 20:35:25', '2021-06-12 20:35:25', NULL),
(127, 2, 689, 372, '2021-06-12 20:35:25', '2021-06-12 20:35:25', NULL),
(128, 1, 649, 687, '2021-06-12 20:35:25', '2021-06-12 20:35:25', NULL),
(129, 1, 430, 234, '2021-06-12 20:35:25', '2021-06-12 20:35:25', NULL),
(130, 1, 42, 207, '2021-06-12 20:35:25', '2021-06-12 20:35:25', NULL),
(131, 1, 40, 832, '2021-06-12 20:35:25', '2021-06-12 20:35:25', NULL),
(132, 3, 844, 838, '2021-06-12 20:35:25', '2021-06-12 20:35:25', NULL),
(133, 3, 552, 494, '2021-06-12 20:35:25', '2021-06-12 20:35:25', NULL),
(134, 2, 138, 72, '2021-06-12 20:35:25', '2021-06-12 20:35:25', NULL),
(135, 2, 53, 983, '2021-06-12 20:35:25', '2021-06-12 20:35:25', NULL),
(136, 2, 299, 498, '2021-06-12 20:35:25', '2021-06-12 20:35:25', NULL),
(137, 3, 95, 190, '2021-06-12 20:35:25', '2021-06-12 20:35:25', NULL),
(138, 1, 790, 377, '2021-06-12 20:35:25', '2021-06-12 20:35:25', NULL),
(139, 3, 400, 177, '2021-06-12 20:35:25', '2021-06-12 20:35:25', NULL),
(140, 2, 54, 630, '2021-06-12 20:35:25', '2021-06-12 20:35:25', NULL),
(141, 3, 312, 529, '2021-06-12 20:35:25', '2021-06-12 20:35:25', NULL),
(142, 2, 271, 943, '2021-06-12 20:35:25', '2021-06-12 20:35:25', NULL),
(143, 1, 591, 766, '2021-06-12 20:35:25', '2021-06-12 20:35:25', NULL),
(144, 1, 809, 748, '2021-06-12 20:35:25', '2021-06-12 20:35:25', NULL),
(145, 2, 933, 285, '2021-06-12 20:35:25', '2021-06-12 20:35:25', NULL),
(146, 2, 161, 318, '2021-06-12 20:35:25', '2021-06-12 20:35:25', NULL),
(147, 2, 83, 903, '2021-06-12 20:35:25', '2021-06-12 20:35:25', NULL),
(148, 1, 539, 826, '2021-06-12 20:35:25', '2021-06-12 20:35:25', NULL),
(149, 1, 516, 806, '2021-06-12 20:35:25', '2021-06-12 20:35:25', NULL),
(150, 3, 351, 996, '2021-06-12 20:35:25', '2021-06-12 20:35:25', NULL),
(151, 3, 145, 66, '2021-06-12 20:35:25', '2021-06-12 20:35:25', NULL),
(152, 1, 77, 710, '2021-06-12 20:35:25', '2021-06-12 20:35:25', NULL),
(153, 2, 499, 87, '2021-06-12 20:35:25', '2021-06-12 20:35:25', NULL),
(154, 3, 118, 14, '2021-06-12 20:35:25', '2021-06-12 20:35:25', NULL),
(155, 2, 44, 848, '2021-06-12 20:35:25', '2021-06-12 20:35:25', NULL),
(156, 2, 510, 63, '2021-06-12 20:35:25', '2021-06-12 20:35:25', NULL),
(157, 1, 351, 556, '2021-06-12 20:35:25', '2021-06-12 20:35:25', NULL),
(158, 3, 121, 66, '2021-06-12 20:35:25', '2021-06-12 20:35:25', NULL),
(159, 2, 9, 823, '2021-06-12 20:35:25', '2021-06-12 20:35:25', NULL),
(160, 2, 229, 823, '2021-06-12 20:35:25', '2021-06-12 20:35:25', NULL),
(161, 3, 743, 737, '2021-06-12 20:35:25', '2021-06-12 20:35:25', NULL),
(162, 1, 107, 393, '2021-06-12 20:35:25', '2021-06-12 20:35:25', NULL),
(163, 1, 488, 650, '2021-06-12 20:35:25', '2021-06-12 20:35:25', NULL),
(164, 2, 516, 401, '2021-06-12 20:35:25', '2021-06-12 20:35:25', NULL),
(165, 2, 371, 565, '2021-06-12 20:35:25', '2021-06-12 20:35:25', NULL),
(166, 1, 279, 345, '2021-06-12 20:35:25', '2021-06-12 20:35:25', NULL),
(167, 3, 68, 765, '2021-06-12 20:35:25', '2021-06-12 20:35:25', NULL),
(168, 3, 128, 283, '2021-06-12 20:35:25', '2021-06-12 20:35:25', NULL),
(169, 3, 60, 853, '2021-06-12 20:35:25', '2021-06-12 20:35:25', NULL),
(170, 2, 235, 730, '2021-06-12 20:35:25', '2021-06-12 20:35:25', NULL),
(171, 3, 703, 786, '2021-06-12 20:35:25', '2021-06-12 20:35:25', NULL),
(172, 1, 508, 517, '2021-06-12 20:35:25', '2021-06-12 20:35:25', NULL),
(173, 2, 619, 94, '2021-06-12 20:35:25', '2021-06-12 20:35:25', NULL),
(174, 2, 60, 502, '2021-06-12 20:35:25', '2021-06-12 20:35:25', NULL),
(175, 2, 708, 308, '2021-06-12 20:35:25', '2021-06-12 20:35:25', NULL),
(176, 1, 228, 780, '2021-06-12 20:35:25', '2021-06-12 20:35:25', NULL),
(177, 2, 248, 947, '2021-06-12 20:35:25', '2021-06-12 20:35:25', NULL),
(178, 3, 626, 275, '2021-06-12 20:35:25', '2021-06-12 20:35:25', NULL),
(179, 2, 139, 525, '2021-06-12 20:35:25', '2021-06-12 20:35:25', NULL),
(180, 3, 278, 90, '2021-06-12 20:35:25', '2021-06-12 20:35:25', NULL),
(181, 2, 80, 568, '2021-06-12 20:35:25', '2021-06-12 20:35:25', NULL),
(182, 3, 575, 309, '2021-06-12 20:35:25', '2021-06-12 20:35:25', NULL),
(183, 2, 837, 965, '2021-06-12 20:35:25', '2021-06-12 20:35:25', NULL),
(184, 2, 579, 620, '2021-06-12 20:35:25', '2021-06-12 20:35:25', NULL),
(185, 3, 533, 988, '2021-06-12 20:35:25', '2021-06-12 20:35:25', NULL),
(186, 2, 329, 276, '2021-06-12 20:35:25', '2021-06-12 20:35:25', NULL),
(187, 1, 185, 636, '2021-06-12 20:35:25', '2021-06-12 20:35:25', NULL),
(188, 3, 796, 548, '2021-06-12 20:35:25', '2021-06-12 20:35:25', NULL),
(189, 2, 217, 855, '2021-06-12 20:35:25', '2021-06-12 20:35:25', NULL),
(190, 3, 358, 21, '2021-06-12 20:35:25', '2021-06-12 20:35:25', NULL),
(191, 2, 714, 450, '2021-06-12 20:35:25', '2021-06-12 20:35:25', NULL),
(192, 3, 444, 311, '2021-06-12 20:35:25', '2021-06-12 20:35:25', NULL),
(193, 2, 836, 501, '2021-06-12 20:35:25', '2021-06-12 20:35:25', NULL),
(194, 2, 511, 653, '2021-06-12 20:35:25', '2021-06-12 20:35:25', NULL),
(195, 3, 487, 868, '2021-06-12 20:35:25', '2021-06-12 20:35:25', NULL),
(196, 1, 73, 745, '2021-06-12 20:35:25', '2021-06-12 20:35:25', NULL),
(197, 1, 826, 203, '2021-06-12 20:35:25', '2021-06-12 20:35:25', NULL),
(198, 2, 535, 723, '2021-06-12 20:35:25', '2021-06-12 20:35:25', NULL),
(199, 1, 272, 652, '2021-06-12 20:35:25', '2021-06-12 20:35:25', NULL),
(200, 1, 55, 192, '2021-06-12 20:35:25', '2021-06-12 20:35:25', NULL),
(201, 1, 441, 123, '2021-06-12 20:35:25', '2021-06-12 20:35:25', NULL),
(202, 2, 196, 471, '2021-06-12 20:35:25', '2021-06-12 20:35:25', NULL),
(203, 1, 710, 214, '2021-06-12 20:35:25', '2021-06-12 20:35:25', NULL),
(204, 3, 795, 91, '2021-06-12 20:35:25', '2021-06-12 20:35:25', NULL),
(205, 2, 94, 212, '2021-06-12 20:35:25', '2021-06-12 20:35:25', NULL),
(206, 3, 639, 468, '2021-06-12 20:35:25', '2021-06-12 20:35:25', NULL),
(207, 1, 586, 546, '2021-06-12 20:35:25', '2021-06-12 20:35:25', NULL),
(208, 1, 794, 528, '2021-06-12 20:35:25', '2021-06-12 20:35:25', NULL),
(209, 2, 229, 655, '2021-06-12 20:35:25', '2021-06-12 20:35:25', NULL),
(210, 3, 511, 211, '2021-06-12 20:35:25', '2021-06-12 20:35:25', NULL),
(211, 2, 76, 189, '2021-06-12 20:35:25', '2021-06-12 20:35:25', NULL),
(212, 3, 179, 191, '2021-06-12 20:35:25', '2021-06-12 20:35:25', NULL),
(213, 3, 666, 161, '2021-06-12 20:35:25', '2021-06-12 20:35:25', NULL),
(214, 2, 672, 192, '2021-06-12 20:35:25', '2021-06-12 20:35:25', NULL),
(215, 2, 279, 275, '2021-06-12 20:35:25', '2021-06-12 20:35:25', NULL),
(216, 1, 421, 542, '2021-06-12 20:35:25', '2021-06-12 20:35:25', NULL),
(217, 3, 416, 680, '2021-06-12 20:35:25', '2021-06-12 20:35:25', NULL),
(218, 3, 135, 200, '2021-06-12 20:35:25', '2021-06-12 20:35:25', NULL),
(219, 1, 933, 871, '2021-06-12 20:35:25', '2021-06-12 20:35:25', NULL),
(220, 1, 426, 734, '2021-06-12 20:35:25', '2021-06-12 20:35:25', NULL),
(221, 3, 94, 720, '2021-06-12 20:35:25', '2021-06-12 20:35:25', NULL),
(222, 3, 197, 979, '2021-06-12 20:35:25', '2021-06-12 20:35:25', NULL),
(223, 1, 342, 23, '2021-06-12 20:35:25', '2021-06-12 20:35:25', NULL),
(224, 2, 423, 855, '2021-06-12 20:35:25', '2021-06-12 20:35:25', NULL),
(225, 2, 736, 530, '2021-06-12 20:35:25', '2021-06-12 20:35:25', NULL),
(226, 2, 562, 766, '2021-06-12 20:35:25', '2021-06-12 20:35:25', NULL),
(227, 1, 446, 871, '2021-06-12 20:35:25', '2021-06-12 20:35:25', NULL),
(228, 2, 582, 621, '2021-06-12 20:35:25', '2021-06-12 20:35:25', NULL),
(229, 3, 456, 853, '2021-06-12 20:35:25', '2021-06-12 20:35:25', NULL),
(230, 1, 75, 643, '2021-06-12 20:35:25', '2021-06-12 20:35:25', NULL),
(231, 2, 702, 928, '2021-06-12 20:35:25', '2021-06-12 20:35:25', NULL),
(232, 2, 645, 616, '2021-06-12 20:35:25', '2021-06-12 20:35:25', NULL),
(233, 3, 509, 170, '2021-06-12 20:35:25', '2021-06-12 20:35:25', NULL),
(234, 2, 444, 72, '2021-06-12 20:35:25', '2021-06-12 20:35:25', NULL),
(235, 3, 303, 177, '2021-06-12 20:35:25', '2021-06-12 20:35:25', NULL),
(236, 1, 605, 456, '2021-06-12 20:35:25', '2021-06-12 20:35:25', NULL),
(237, 3, 468, 666, '2021-06-12 20:35:25', '2021-06-12 20:35:25', NULL),
(238, 2, 809, 903, '2021-06-12 20:35:25', '2021-06-12 20:35:25', NULL),
(239, 3, 892, 674, '2021-06-12 20:35:25', '2021-06-12 20:35:25', NULL),
(240, 1, 276, 657, '2021-06-12 20:35:25', '2021-06-12 20:35:25', NULL),
(241, 2, 854, 644, '2021-06-12 20:35:25', '2021-06-12 20:35:25', NULL),
(242, 1, 965, 647, '2021-06-12 20:35:25', '2021-06-12 20:35:25', NULL),
(243, 3, 122, 204, '2021-06-12 20:35:25', '2021-06-12 20:35:25', NULL),
(244, 1, 379, 682, '2021-06-12 20:35:25', '2021-06-12 20:35:25', NULL),
(245, 2, 762, 673, '2021-06-12 20:35:25', '2021-06-12 20:35:25', NULL),
(246, 2, 309, 428, '2021-06-12 20:35:25', '2021-06-12 20:35:25', NULL),
(247, 1, 707, 207, '2021-06-12 20:35:25', '2021-06-12 20:35:25', NULL),
(248, 3, 711, 85, '2021-06-12 20:35:25', '2021-06-12 20:35:25', NULL),
(249, 1, 74, 119, '2021-06-12 20:35:25', '2021-06-12 20:35:25', NULL),
(250, 2, 780, 620, '2021-06-12 20:35:25', '2021-06-12 20:35:25', NULL),
(251, 1, 59, 643, '2021-06-12 20:35:25', '2021-06-12 20:35:25', NULL),
(252, 1, 144, 357, '2021-06-12 20:35:25', '2021-06-12 20:35:25', NULL),
(253, 3, 543, 449, '2021-06-12 20:35:25', '2021-06-12 20:35:25', NULL),
(254, 3, 795, 251, '2021-06-12 20:35:25', '2021-06-12 20:35:25', NULL),
(255, 1, 126, 355, '2021-06-12 20:35:25', '2021-06-12 20:35:25', NULL),
(256, 3, 510, 785, '2021-06-12 20:35:25', '2021-06-12 20:35:25', NULL),
(257, 1, 519, 21, '2021-06-12 20:35:25', '2021-06-12 20:35:25', NULL),
(258, 2, 766, 714, '2021-06-12 20:35:25', '2021-06-12 20:35:25', NULL),
(259, 1, 161, 812, '2021-06-12 20:35:25', '2021-06-12 20:35:25', NULL),
(260, 3, 830, 88, '2021-06-12 20:35:25', '2021-06-12 20:35:25', NULL),
(261, 3, 643, 239, '2021-06-12 20:35:25', '2021-06-12 20:35:25', NULL),
(262, 1, 342, 317, '2021-06-12 20:35:25', '2021-06-12 20:35:25', NULL),
(263, 1, 662, 82, '2021-06-12 20:35:25', '2021-06-12 20:35:25', NULL),
(264, 2, 853, 674, '2021-06-12 20:35:25', '2021-06-12 20:35:25', NULL),
(265, 3, 367, 877, '2021-06-12 20:35:25', '2021-06-12 20:35:25', NULL),
(266, 2, 895, 85, '2021-06-12 20:35:25', '2021-06-12 20:35:25', NULL),
(267, 2, 355, 380, '2021-06-12 20:35:25', '2021-06-12 20:35:25', NULL),
(268, 2, 348, 810, '2021-06-12 20:35:25', '2021-06-12 20:35:25', NULL),
(269, 3, 506, 303, '2021-06-12 20:35:25', '2021-06-12 20:35:25', NULL),
(270, 3, 523, 855, '2021-06-12 20:35:25', '2021-06-12 20:35:25', NULL),
(271, 2, 276, 658, '2021-06-12 20:35:25', '2021-06-12 20:35:25', NULL),
(272, 3, 149, 606, '2021-06-12 20:35:25', '2021-06-12 20:35:25', NULL),
(273, 1, 527, 691, '2021-06-12 20:35:25', '2021-06-12 20:35:25', NULL),
(274, 2, 184, 88, '2021-06-12 20:35:25', '2021-06-12 20:35:25', NULL),
(275, 3, 270, 862, '2021-06-12 20:35:25', '2021-06-12 20:35:25', NULL),
(276, 1, 902, 420, '2021-06-12 20:35:25', '2021-06-12 20:35:25', NULL),
(277, 1, 857, 540, '2021-06-12 20:35:25', '2021-06-12 20:35:25', NULL),
(278, 2, 76, 22, '2021-06-12 20:35:25', '2021-06-12 20:35:25', NULL),
(279, 3, 733, 674, '2021-06-12 20:35:25', '2021-06-12 20:35:25', NULL),
(280, 1, 271, 911, '2021-06-12 20:35:25', '2021-06-12 20:35:25', NULL),
(281, 1, 611, 475, '2021-06-12 20:35:25', '2021-06-12 20:35:25', NULL),
(282, 1, 562, 175, '2021-06-12 20:35:25', '2021-06-12 20:35:25', NULL),
(283, 1, 82, 867, '2021-06-12 20:35:25', '2021-06-12 20:35:25', NULL),
(284, 1, 862, 360, '2021-06-12 20:35:25', '2021-06-12 20:35:25', NULL),
(285, 3, 82, 816, '2021-06-12 20:35:25', '2021-06-12 20:35:25', NULL),
(286, 3, 322, 496, '2021-06-12 20:35:25', '2021-06-12 20:35:25', NULL),
(287, 2, 626, 690, '2021-06-12 20:35:25', '2021-06-12 20:35:25', NULL),
(288, 2, 393, 408, '2021-06-12 20:35:25', '2021-06-12 20:35:25', NULL),
(289, 3, 754, 336, '2021-06-12 20:35:25', '2021-06-12 20:35:25', NULL),
(290, 2, 589, 358, '2021-06-12 20:35:25', '2021-06-12 20:35:25', NULL),
(291, 3, 196, 667, '2021-06-12 20:35:25', '2021-06-12 20:35:25', NULL),
(292, 1, 861, 806, '2021-06-12 20:35:25', '2021-06-12 20:35:25', NULL),
(293, 1, 243, 12, '2021-06-12 20:35:25', '2021-06-12 20:35:25', NULL),
(294, 3, 484, 357, '2021-06-12 20:35:25', '2021-06-12 20:35:25', NULL),
(295, 2, 304, 692, '2021-06-12 20:35:25', '2021-06-12 20:35:25', NULL),
(296, 3, 388, 563, '2021-06-12 20:35:25', '2021-06-12 20:35:25', NULL),
(297, 3, 326, 888, '2021-06-12 20:35:25', '2021-06-12 20:35:25', NULL),
(298, 2, 461, 401, '2021-06-12 20:35:25', '2021-06-12 20:35:25', NULL),
(299, 3, 287, 578, '2021-06-12 20:35:25', '2021-06-12 20:35:25', NULL),
(300, 2, 892, 904, '2021-06-12 20:35:25', '2021-06-12 20:35:25', NULL),
(301, 1, 594, 124, '2021-06-12 20:35:25', '2021-06-12 20:35:25', NULL),
(302, 2, 76, 5, '2021-06-12 20:35:25', '2021-06-12 20:35:25', NULL),
(303, 1, 198, 607, '2021-06-12 20:35:25', '2021-06-12 20:35:25', NULL),
(304, 1, 158, 129, '2021-06-12 20:35:25', '2021-06-12 20:35:25', NULL),
(305, 1, 441, 215, '2021-06-12 20:35:25', '2021-06-12 20:35:25', NULL),
(306, 3, 270, 270, '2021-06-12 20:35:25', '2021-06-12 20:35:25', NULL),
(307, 2, 526, 972, '2021-06-12 20:35:25', '2021-06-12 20:35:25', NULL),
(308, 2, 218, 872, '2021-06-12 20:35:25', '2021-06-12 20:35:25', NULL),
(309, 1, 455, 929, '2021-06-12 20:35:25', '2021-06-12 20:35:25', NULL),
(310, 3, 601, 493, '2021-06-12 20:35:25', '2021-06-12 20:35:25', NULL),
(311, 1, 695, 598, '2021-06-12 20:35:25', '2021-06-12 20:35:25', NULL),
(312, 3, 993, 338, '2021-06-12 20:35:25', '2021-06-12 20:35:25', NULL),
(313, 3, 636, 627, '2021-06-12 20:35:25', '2021-06-12 20:35:25', NULL),
(314, 3, 367, 586, '2021-06-12 20:35:25', '2021-06-12 20:35:25', NULL),
(315, 2, 710, 724, '2021-06-12 20:35:25', '2021-06-12 20:35:25', NULL),
(316, 3, 37, 648, '2021-06-12 20:35:25', '2021-06-12 20:35:25', NULL),
(317, 1, 86, 819, '2021-06-12 20:35:25', '2021-06-12 20:35:25', NULL),
(318, 1, 294, 200, '2021-06-12 20:35:25', '2021-06-12 20:35:25', NULL),
(319, 2, 832, 569, '2021-06-12 20:35:25', '2021-06-12 20:35:25', NULL),
(320, 1, 699, 946, '2021-06-12 20:35:25', '2021-06-12 20:35:25', NULL),
(321, 3, 206, 714, '2021-06-12 20:35:25', '2021-06-12 20:35:25', NULL),
(322, 1, 8, 432, '2021-06-12 20:35:25', '2021-06-12 20:35:25', NULL),
(323, 2, 992, 309, '2021-06-12 20:35:25', '2021-06-12 20:35:25', NULL),
(324, 1, 27, 663, '2021-06-12 20:35:25', '2021-06-12 20:35:25', NULL),
(325, 1, 973, 213, '2021-06-12 20:35:25', '2021-06-12 20:35:25', NULL),
(326, 2, 309, 315, '2021-06-12 20:35:25', '2021-06-12 20:35:25', NULL),
(327, 1, 793, 982, '2021-06-12 20:35:26', '2021-06-12 20:35:26', NULL),
(328, 1, 614, 177, '2021-06-12 20:35:26', '2021-06-12 20:35:26', NULL),
(329, 2, 231, 467, '2021-06-12 20:35:26', '2021-06-12 20:35:26', NULL),
(330, 1, 75, 99, '2021-06-12 20:35:26', '2021-06-12 20:35:26', NULL),
(331, 3, 982, 653, '2021-06-12 20:35:26', '2021-06-12 20:35:26', NULL),
(332, 3, 377, 719, '2021-06-12 20:35:26', '2021-06-12 20:35:26', NULL),
(333, 3, 884, 749, '2021-06-12 20:35:26', '2021-06-12 20:35:26', NULL),
(334, 3, 253, 940, '2021-06-12 20:35:26', '2021-06-12 20:35:26', NULL),
(335, 1, 115, 608, '2021-06-12 20:35:26', '2021-06-12 20:35:26', NULL),
(336, 2, 702, 889, '2021-06-12 20:35:26', '2021-06-12 20:35:26', NULL),
(337, 3, 946, 387, '2021-06-12 20:35:26', '2021-06-12 20:35:26', NULL),
(338, 1, 734, 950, '2021-06-12 20:35:26', '2021-06-12 20:35:26', NULL),
(339, 2, 655, 620, '2021-06-12 20:35:26', '2021-06-12 20:35:26', NULL),
(340, 2, 146, 838, '2021-06-12 20:35:26', '2021-06-12 20:35:26', NULL),
(341, 1, 277, 148, '2021-06-12 20:35:26', '2021-06-12 20:35:26', NULL),
(342, 2, 689, 698, '2021-06-12 20:35:26', '2021-06-12 20:35:26', NULL),
(343, 1, 482, 169, '2021-06-12 20:35:26', '2021-06-12 20:35:26', NULL),
(344, 3, 665, 200, '2021-06-12 20:35:26', '2021-06-12 20:35:26', NULL),
(345, 2, 376, 455, '2021-06-12 20:35:26', '2021-06-12 20:35:26', NULL),
(346, 3, 447, 60, '2021-06-12 20:35:26', '2021-06-12 20:35:26', NULL),
(347, 2, 361, 581, '2021-06-12 20:35:26', '2021-06-12 20:35:26', NULL),
(348, 1, 260, 603, '2021-06-12 20:35:26', '2021-06-12 20:35:26', NULL),
(349, 1, 765, 877, '2021-06-12 20:35:26', '2021-06-12 20:35:26', NULL),
(350, 3, 936, 952, '2021-06-12 20:35:26', '2021-06-12 20:35:26', NULL),
(351, 2, 891, 834, '2021-06-12 20:35:26', '2021-06-12 20:35:26', NULL),
(352, 1, 454, 384, '2021-06-12 20:35:26', '2021-06-12 20:35:26', NULL),
(353, 3, 211, 801, '2021-06-12 20:35:26', '2021-06-12 20:35:26', NULL),
(354, 2, 801, 66, '2021-06-12 20:35:26', '2021-06-12 20:35:26', NULL),
(355, 3, 239, 483, '2021-06-12 20:35:26', '2021-06-12 20:35:26', NULL),
(356, 3, 805, 673, '2021-06-12 20:35:26', '2021-06-12 20:35:26', NULL),
(357, 1, 771, 401, '2021-06-12 20:35:26', '2021-06-12 20:35:26', NULL),
(358, 3, 46, 920, '2021-06-12 20:35:26', '2021-06-12 20:35:26', NULL),
(359, 1, 142, 366, '2021-06-12 20:35:26', '2021-06-12 20:35:26', NULL),
(360, 1, 721, 397, '2021-06-12 20:35:26', '2021-06-12 20:35:26', NULL),
(361, 3, 227, 908, '2021-06-12 20:35:26', '2021-06-12 20:35:26', NULL),
(362, 2, 839, 891, '2021-06-12 20:35:26', '2021-06-12 20:35:26', NULL),
(363, 2, 715, 714, '2021-06-12 20:35:26', '2021-06-12 20:35:26', NULL),
(364, 3, 110, 174, '2021-06-12 20:35:26', '2021-06-12 20:35:26', NULL),
(365, 1, 448, 473, '2021-06-12 20:35:26', '2021-06-12 20:35:26', NULL),
(366, 1, 363, 535, '2021-06-12 20:35:26', '2021-06-12 20:35:26', NULL),
(367, 3, 40, 407, '2021-06-12 20:35:26', '2021-06-12 20:35:26', NULL),
(368, 2, 136, 296, '2021-06-12 20:35:26', '2021-06-12 20:35:26', NULL),
(369, 3, 152, 683, '2021-06-12 20:35:26', '2021-06-12 20:35:26', NULL),
(370, 2, 797, 777, '2021-06-12 20:35:26', '2021-06-12 20:35:26', NULL),
(371, 2, 151, 344, '2021-06-12 20:35:26', '2021-06-12 20:35:26', NULL),
(372, 1, 335, 795, '2021-06-12 20:35:26', '2021-06-12 20:35:26', NULL),
(373, 3, 899, 525, '2021-06-12 20:35:26', '2021-06-12 20:35:26', NULL),
(374, 3, 830, 204, '2021-06-12 20:35:26', '2021-06-12 20:35:26', NULL),
(375, 2, 940, 58, '2021-06-12 20:35:26', '2021-06-12 20:35:26', NULL),
(376, 3, 378, 780, '2021-06-12 20:35:26', '2021-06-12 20:35:26', NULL),
(377, 2, 482, 604, '2021-06-12 20:35:26', '2021-06-12 20:35:26', NULL),
(378, 1, 267, 859, '2021-06-12 20:35:26', '2021-06-12 20:35:26', NULL),
(379, 3, 938, 853, '2021-06-12 20:35:26', '2021-06-12 20:35:26', NULL),
(380, 2, 470, 794, '2021-06-12 20:35:26', '2021-06-12 20:35:26', NULL),
(381, 3, 586, 638, '2021-06-12 20:35:26', '2021-06-12 20:35:26', NULL),
(382, 3, 323, 333, '2021-06-12 20:35:26', '2021-06-12 20:35:26', NULL),
(383, 1, 227, 231, '2021-06-12 20:35:26', '2021-06-12 20:35:26', NULL),
(384, 3, 111, 932, '2021-06-12 20:35:26', '2021-06-12 20:35:26', NULL),
(385, 2, 230, 991, '2021-06-12 20:35:26', '2021-06-12 20:35:26', NULL),
(386, 3, 144, 551, '2021-06-12 20:35:26', '2021-06-12 20:35:26', NULL),
(387, 3, 89, 308, '2021-06-12 20:35:26', '2021-06-12 20:35:26', NULL),
(388, 3, 569, 910, '2021-06-12 20:35:26', '2021-06-12 20:35:26', NULL),
(389, 1, 892, 88, '2021-06-12 20:35:26', '2021-06-12 20:35:26', NULL),
(390, 2, 570, 212, '2021-06-12 20:35:26', '2021-06-12 20:35:26', NULL),
(391, 2, 696, 870, '2021-06-12 20:35:26', '2021-06-12 20:35:26', NULL),
(392, 2, 970, 505, '2021-06-12 20:35:26', '2021-06-12 20:35:26', NULL),
(393, 1, 89, 472, '2021-06-12 20:35:26', '2021-06-12 20:35:26', NULL),
(394, 3, 250, 39, '2021-06-12 20:35:26', '2021-06-12 20:35:26', NULL),
(395, 1, 318, 906, '2021-06-12 20:35:26', '2021-06-12 20:35:26', NULL),
(396, 1, 880, 765, '2021-06-12 20:35:26', '2021-06-12 20:35:26', NULL),
(397, 3, 914, 931, '2021-06-12 20:35:26', '2021-06-12 20:35:26', NULL),
(398, 2, 905, 967, '2021-06-12 20:35:26', '2021-06-12 20:35:26', NULL),
(399, 1, 743, 856, '2021-06-12 20:35:26', '2021-06-12 20:35:26', NULL),
(400, 1, 365, 12, '2021-06-12 20:35:26', '2021-06-12 20:35:26', NULL),
(401, 1, 556, 284, '2021-06-12 20:35:26', '2021-06-12 20:35:26', NULL),
(402, 2, 726, 199, '2021-06-12 20:35:26', '2021-06-12 20:35:26', NULL),
(403, 1, 735, 72, '2021-06-12 20:35:26', '2021-06-12 20:35:26', NULL),
(404, 2, 491, 466, '2021-06-12 20:35:26', '2021-06-12 20:35:26', NULL),
(405, 3, 922, 125, '2021-06-12 20:35:26', '2021-06-12 20:35:26', NULL),
(406, 2, 104, 902, '2021-06-12 20:35:26', '2021-06-12 20:35:26', NULL),
(407, 2, 175, 353, '2021-06-12 20:35:26', '2021-06-12 20:35:26', NULL),
(408, 1, 431, 294, '2021-06-12 20:35:26', '2021-06-12 20:35:26', NULL),
(409, 2, 969, 780, '2021-06-12 20:35:26', '2021-06-12 20:35:26', NULL),
(410, 2, 534, 685, '2021-06-12 20:35:26', '2021-06-12 20:35:26', NULL),
(411, 2, 440, 165, '2021-06-12 20:35:26', '2021-06-12 20:35:26', NULL),
(412, 1, 841, 883, '2021-06-12 20:35:26', '2021-06-12 20:35:26', NULL),
(413, 3, 355, 961, '2021-06-12 20:35:26', '2021-06-12 20:35:26', NULL),
(414, 1, 974, 979, '2021-06-12 20:35:26', '2021-06-12 20:35:26', NULL),
(415, 3, 217, 345, '2021-06-12 20:35:26', '2021-06-12 20:35:26', NULL),
(416, 2, 411, 873, '2021-06-12 20:35:26', '2021-06-12 20:35:26', NULL),
(417, 3, 523, 719, '2021-06-12 20:35:26', '2021-06-12 20:35:26', NULL),
(418, 2, 832, 793, '2021-06-12 20:35:26', '2021-06-12 20:35:26', NULL),
(419, 3, 854, 506, '2021-06-12 20:35:26', '2021-06-12 20:35:26', NULL),
(420, 2, 581, 958, '2021-06-12 20:35:26', '2021-06-12 20:35:26', NULL),
(421, 1, 146, 170, '2021-06-12 20:35:26', '2021-06-12 20:35:26', NULL),
(422, 1, 672, 842, '2021-06-12 20:35:26', '2021-06-12 20:35:26', NULL),
(423, 2, 846, 736, '2021-06-12 20:35:26', '2021-06-12 20:35:26', NULL),
(424, 3, 663, 94, '2021-06-12 20:35:26', '2021-06-12 20:35:26', NULL),
(425, 3, 685, 931, '2021-06-12 20:35:26', '2021-06-12 20:35:26', NULL),
(426, 2, 496, 653, '2021-06-12 20:35:26', '2021-06-12 20:35:26', NULL),
(427, 3, 91, 85, '2021-06-12 20:35:26', '2021-06-12 20:35:26', NULL),
(428, 3, 77, 243, '2021-06-12 20:35:26', '2021-06-12 20:35:26', NULL),
(429, 2, 71, 12, '2021-06-12 20:35:26', '2021-06-12 20:35:26', NULL),
(430, 3, 823, 958, '2021-06-12 20:35:26', '2021-06-12 20:35:26', NULL),
(431, 1, 240, 558, '2021-06-12 20:35:26', '2021-06-12 20:35:26', NULL),
(432, 2, 488, 907, '2021-06-12 20:35:26', '2021-06-12 20:35:26', NULL),
(433, 1, 958, 611, '2021-06-12 20:35:26', '2021-06-12 20:35:26', NULL),
(434, 1, 468, 802, '2021-06-12 20:35:26', '2021-06-12 20:35:26', NULL),
(435, 1, 138, 355, '2021-06-12 20:35:26', '2021-06-12 20:35:26', NULL),
(436, 3, 988, 545, '2021-06-12 20:35:26', '2021-06-12 20:35:26', NULL),
(437, 2, 137, 319, '2021-06-12 20:35:26', '2021-06-12 20:35:26', NULL),
(438, 2, 285, 950, '2021-06-12 20:35:26', '2021-06-12 20:35:26', NULL),
(439, 3, 475, 951, '2021-06-12 20:35:26', '2021-06-12 20:35:26', NULL),
(440, 2, 894, 480, '2021-06-12 20:35:26', '2021-06-12 20:35:26', NULL),
(441, 1, 445, 760, '2021-06-12 20:35:26', '2021-06-12 20:35:26', NULL),
(442, 2, 239, 914, '2021-06-12 20:35:26', '2021-06-12 20:35:26', NULL),
(443, 1, 885, 711, '2021-06-12 20:35:26', '2021-06-12 20:35:26', NULL),
(444, 2, 47, 994, '2021-06-12 20:35:26', '2021-06-12 20:35:26', NULL),
(445, 3, 358, 481, '2021-06-12 20:35:26', '2021-06-12 20:35:26', NULL),
(446, 1, 130, 679, '2021-06-12 20:35:26', '2021-06-12 20:35:26', NULL),
(447, 3, 14, 927, '2021-06-12 20:35:26', '2021-06-12 20:35:26', NULL),
(448, 1, 146, 494, '2021-06-12 20:35:26', '2021-06-12 20:35:26', NULL),
(449, 3, 267, 806, '2021-06-12 20:35:26', '2021-06-12 20:35:26', NULL),
(450, 2, 387, 358, '2021-06-12 20:35:26', '2021-06-12 20:35:26', NULL),
(451, 1, 603, 102, '2021-06-12 20:35:26', '2021-06-12 20:35:26', NULL),
(452, 3, 687, 786, '2021-06-12 20:35:26', '2021-06-12 20:35:26', NULL),
(453, 2, 9, 866, '2021-06-12 20:35:26', '2021-06-12 20:35:26', NULL),
(454, 2, 945, 421, '2021-06-12 20:35:26', '2021-06-12 20:35:26', NULL),
(455, 2, 951, 247, '2021-06-12 20:35:26', '2021-06-12 20:35:26', NULL),
(456, 1, 636, 680, '2021-06-12 20:35:26', '2021-06-12 20:35:26', NULL),
(457, 3, 207, 651, '2021-06-12 20:35:26', '2021-06-12 20:35:26', NULL),
(458, 2, 768, 984, '2021-06-12 20:35:26', '2021-06-12 20:35:26', NULL),
(459, 3, 123, 952, '2021-06-12 20:35:26', '2021-06-12 20:35:26', NULL),
(460, 1, 764, 35, '2021-06-12 20:35:26', '2021-06-12 20:35:26', NULL),
(461, 3, 947, 699, '2021-06-12 20:35:26', '2021-06-12 20:35:26', NULL),
(462, 3, 44, 718, '2021-06-12 20:35:26', '2021-06-12 20:35:26', NULL),
(463, 3, 227, 253, '2021-06-12 20:35:26', '2021-06-12 20:35:26', NULL),
(464, 3, 449, 847, '2021-06-12 20:35:26', '2021-06-12 20:35:26', NULL),
(465, 2, 548, 720, '2021-06-12 20:35:26', '2021-06-12 20:35:26', NULL),
(466, 1, 654, 377, '2021-06-12 20:35:26', '2021-06-12 20:35:26', NULL),
(467, 1, 735, 606, '2021-06-12 20:35:26', '2021-06-12 20:35:26', NULL),
(468, 3, 85, 674, '2021-06-12 20:35:26', '2021-06-12 20:35:26', NULL),
(469, 1, 135, 283, '2021-06-12 20:35:26', '2021-06-12 20:35:26', NULL),
(470, 3, 151, 750, '2021-06-12 20:35:26', '2021-06-12 20:35:26', NULL),
(471, 1, 782, 442, '2021-06-12 20:35:26', '2021-06-12 20:35:26', NULL),
(472, 2, 767, 686, '2021-06-12 20:35:26', '2021-06-12 20:35:26', NULL),
(473, 2, 810, 760, '2021-06-12 20:35:26', '2021-06-12 20:35:26', NULL),
(474, 1, 240, 764, '2021-06-12 20:35:26', '2021-06-12 20:35:26', NULL),
(475, 1, 751, 794, '2021-06-12 20:35:26', '2021-06-12 20:35:26', NULL),
(476, 3, 850, 704, '2021-06-12 20:35:26', '2021-06-12 20:35:26', NULL),
(477, 1, 840, 283, '2021-06-12 20:35:26', '2021-06-12 20:35:26', NULL),
(478, 2, 423, 120, '2021-06-12 20:35:26', '2021-06-12 20:35:26', NULL),
(479, 1, 237, 275, '2021-06-12 20:35:26', '2021-06-12 20:35:26', NULL),
(480, 1, 672, 622, '2021-06-12 20:35:26', '2021-06-12 20:35:26', NULL),
(481, 2, 245, 975, '2021-06-12 20:35:26', '2021-06-12 20:35:26', NULL),
(482, 3, 995, 213, '2021-06-12 20:35:26', '2021-06-12 20:35:26', NULL),
(483, 3, 3, 589, '2021-06-12 20:35:26', '2021-06-12 20:35:26', NULL),
(484, 2, 844, 452, '2021-06-12 20:35:26', '2021-06-12 20:35:26', NULL),
(485, 3, 81, 558, '2021-06-12 20:35:26', '2021-06-12 20:35:26', NULL),
(486, 1, 947, 415, '2021-06-12 20:35:27', '2021-06-12 20:35:27', NULL),
(487, 3, 637, 584, '2021-06-12 20:35:27', '2021-06-12 20:35:27', NULL),
(488, 2, 529, 844, '2021-06-12 20:35:27', '2021-06-12 20:35:27', NULL),
(489, 3, 567, 826, '2021-06-12 20:35:27', '2021-06-12 20:35:27', NULL),
(490, 3, 439, 407, '2021-06-12 20:35:27', '2021-06-12 20:35:27', NULL),
(491, 3, 901, 683, '2021-06-12 20:35:27', '2021-06-12 20:35:27', NULL),
(492, 2, 100, 342, '2021-06-12 20:35:27', '2021-06-12 20:35:27', NULL),
(493, 1, 863, 20, '2021-06-12 20:35:27', '2021-06-12 20:35:27', NULL),
(494, 1, 21, 13, '2021-06-12 20:35:27', '2021-06-12 20:35:27', NULL),
(495, 3, 823, 967, '2021-06-12 20:35:27', '2021-06-12 20:35:27', NULL),
(496, 3, 64, 349, '2021-06-12 20:35:27', '2021-06-12 20:35:27', NULL),
(497, 1, 900, 73, '2021-06-12 20:35:27', '2021-06-12 20:35:27', NULL),
(498, 3, 241, 299, '2021-06-12 20:35:27', '2021-06-12 20:35:27', NULL),
(499, 1, 273, 265, '2021-06-12 20:35:27', '2021-06-12 20:35:27', NULL),
(500, 2, 696, 746, '2021-06-12 20:35:27', '2021-06-12 20:35:27', NULL),
(501, 2, 72, 432, '2021-06-12 20:35:27', '2021-06-12 20:35:27', NULL),
(502, 2, 659, 284, '2021-06-12 20:35:27', '2021-06-12 20:35:27', NULL),
(503, 1, 587, 616, '2021-06-12 20:35:27', '2021-06-12 20:35:27', NULL),
(504, 2, 357, 117, '2021-06-12 20:35:27', '2021-06-12 20:35:27', NULL),
(505, 1, 156, 76, '2021-06-12 20:35:27', '2021-06-12 20:35:27', NULL),
(506, 3, 225, 667, '2021-06-12 20:35:27', '2021-06-12 20:35:27', NULL),
(507, 2, 627, 404, '2021-06-12 20:35:27', '2021-06-12 20:35:27', NULL),
(508, 2, 313, 857, '2021-06-12 20:35:27', '2021-06-12 20:35:27', NULL),
(509, 1, 316, 546, '2021-06-12 20:35:27', '2021-06-12 20:35:27', NULL),
(510, 1, 130, 94, '2021-06-12 20:35:27', '2021-06-12 20:35:27', NULL),
(511, 3, 968, 75, '2021-06-12 20:35:27', '2021-06-12 20:35:27', NULL),
(512, 2, 372, 428, '2021-06-12 20:35:27', '2021-06-12 20:35:27', NULL),
(513, 2, 872, 840, '2021-06-12 20:35:27', '2021-06-12 20:35:27', NULL),
(514, 2, 365, 704, '2021-06-12 20:35:27', '2021-06-12 20:35:27', NULL),
(515, 3, 374, 666, '2021-06-12 20:35:27', '2021-06-12 20:35:27', NULL),
(516, 2, 769, 674, '2021-06-12 20:35:27', '2021-06-12 20:35:27', NULL),
(517, 1, 924, 761, '2021-06-12 20:35:27', '2021-06-12 20:35:27', NULL),
(518, 3, 753, 363, '2021-06-12 20:35:27', '2021-06-12 20:35:27', NULL),
(519, 1, 805, 952, '2021-06-12 20:35:27', '2021-06-12 20:35:27', NULL),
(520, 3, 511, 388, '2021-06-12 20:35:27', '2021-06-12 20:35:27', NULL),
(521, 2, 693, 211, '2021-06-12 20:35:27', '2021-06-12 20:35:27', NULL),
(522, 2, 245, 556, '2021-06-12 20:35:27', '2021-06-12 20:35:27', NULL),
(523, 1, 698, 788, '2021-06-12 20:35:27', '2021-06-12 20:35:27', NULL),
(524, 2, 520, 586, '2021-06-12 20:35:27', '2021-06-12 20:35:27', NULL),
(525, 1, 297, 742, '2021-06-12 20:35:27', '2021-06-12 20:35:27', NULL),
(526, 3, 87, 899, '2021-06-12 20:35:27', '2021-06-12 20:35:27', NULL),
(527, 2, 184, 271, '2021-06-12 20:35:27', '2021-06-12 20:35:27', NULL),
(528, 2, 666, 366, '2021-06-12 20:35:27', '2021-06-12 20:35:27', NULL),
(529, 1, 808, 62, '2021-06-12 20:35:27', '2021-06-12 20:35:27', NULL),
(530, 3, 22, 383, '2021-06-12 20:35:27', '2021-06-12 20:35:27', NULL),
(531, 2, 687, 64, '2021-06-12 20:35:27', '2021-06-12 20:35:27', NULL),
(532, 1, 289, 323, '2021-06-12 20:35:27', '2021-06-12 20:35:27', NULL),
(533, 2, 893, 611, '2021-06-12 20:35:27', '2021-06-12 20:35:27', NULL),
(534, 3, 118, 13, '2021-06-12 20:35:27', '2021-06-12 20:35:27', NULL),
(535, 3, 808, 750, '2021-06-12 20:35:27', '2021-06-12 20:35:27', NULL),
(536, 2, 545, 475, '2021-06-12 20:35:27', '2021-06-12 20:35:27', NULL),
(537, 2, 667, 811, '2021-06-12 20:35:27', '2021-06-12 20:35:27', NULL),
(538, 1, 956, 35, '2021-06-12 20:35:27', '2021-06-12 20:35:27', NULL),
(539, 3, 331, 778, '2021-06-12 20:35:27', '2021-06-12 20:35:27', NULL),
(540, 3, 214, 404, '2021-06-12 20:35:27', '2021-06-12 20:35:27', NULL),
(541, 2, 730, 861, '2021-06-12 20:35:27', '2021-06-12 20:35:27', NULL),
(542, 2, 685, 69, '2021-06-12 20:35:27', '2021-06-12 20:35:27', NULL),
(543, 2, 427, 761, '2021-06-12 20:35:27', '2021-06-12 20:35:27', NULL),
(544, 2, 615, 203, '2021-06-12 20:35:27', '2021-06-12 20:35:27', NULL),
(545, 3, 1, 870, '2021-06-12 20:35:27', '2021-06-12 20:35:27', NULL),
(546, 2, 872, 460, '2021-06-12 20:35:27', '2021-06-12 20:35:27', NULL),
(547, 3, 71, 628, '2021-06-12 20:35:27', '2021-06-12 20:35:27', NULL),
(548, 1, 715, 208, '2021-06-12 20:35:27', '2021-06-12 20:35:27', NULL),
(549, 2, 863, 692, '2021-06-12 20:35:27', '2021-06-12 20:35:27', NULL),
(550, 2, 331, 437, '2021-06-12 20:35:27', '2021-06-12 20:35:27', NULL),
(551, 3, 871, 1000, '2021-06-12 20:35:27', '2021-06-12 20:35:27', NULL),
(552, 1, 770, 481, '2021-06-12 20:35:27', '2021-06-12 20:35:27', NULL),
(553, 1, 525, 326, '2021-06-12 20:35:27', '2021-06-12 20:35:27', NULL),
(554, 1, 558, 110, '2021-06-12 20:35:27', '2021-06-12 20:35:27', NULL),
(555, 2, 116, 242, '2021-06-12 20:35:27', '2021-06-12 20:35:27', NULL),
(556, 1, 313, 870, '2021-06-12 20:35:27', '2021-06-12 20:35:27', NULL),
(557, 3, 34, 789, '2021-06-12 20:35:27', '2021-06-12 20:35:27', NULL),
(558, 2, 123, 330, '2021-06-12 20:35:27', '2021-06-12 20:35:27', NULL),
(559, 2, 636, 646, '2021-06-12 20:35:27', '2021-06-12 20:35:27', NULL),
(560, 1, 451, 261, '2021-06-12 20:35:27', '2021-06-12 20:35:27', NULL),
(561, 2, 141, 682, '2021-06-12 20:35:27', '2021-06-12 20:35:27', NULL),
(562, 1, 169, 439, '2021-06-12 20:35:27', '2021-06-12 20:35:27', NULL),
(563, 2, 875, 130, '2021-06-12 20:35:27', '2021-06-12 20:35:27', NULL),
(564, 1, 730, 687, '2021-06-12 20:35:27', '2021-06-12 20:35:27', NULL),
(565, 1, 462, 845, '2021-06-12 20:35:27', '2021-06-12 20:35:27', NULL),
(566, 1, 987, 636, '2021-06-12 20:35:27', '2021-06-12 20:35:27', NULL),
(567, 2, 452, 272, '2021-06-12 20:35:27', '2021-06-12 20:35:27', NULL),
(568, 2, 352, 606, '2021-06-12 20:35:27', '2021-06-12 20:35:27', NULL),
(569, 1, 341, 96, '2021-06-12 20:35:27', '2021-06-12 20:35:27', NULL),
(570, 2, 118, 433, '2021-06-12 20:35:27', '2021-06-12 20:35:27', NULL),
(571, 2, 494, 126, '2021-06-12 20:35:27', '2021-06-12 20:35:27', NULL),
(572, 3, 567, 614, '2021-06-12 20:35:27', '2021-06-12 20:35:27', NULL),
(573, 3, 697, 992, '2021-06-12 20:35:27', '2021-06-12 20:35:27', NULL),
(574, 1, 478, 140, '2021-06-12 20:35:27', '2021-06-12 20:35:27', NULL),
(575, 3, 505, 730, '2021-06-12 20:35:27', '2021-06-12 20:35:27', NULL),
(576, 1, 362, 271, '2021-06-12 20:35:27', '2021-06-12 20:35:27', NULL),
(577, 1, 230, 570, '2021-06-12 20:35:27', '2021-06-12 20:35:27', NULL),
(578, 2, 805, 942, '2021-06-12 20:35:27', '2021-06-12 20:35:27', NULL),
(579, 2, 710, 714, '2021-06-12 20:35:27', '2021-06-12 20:35:27', NULL),
(580, 1, 967, 930, '2021-06-12 20:35:27', '2021-06-12 20:35:27', NULL),
(581, 1, 609, 682, '2021-06-12 20:35:27', '2021-06-12 20:35:27', NULL),
(582, 2, 561, 586, '2021-06-12 20:35:27', '2021-06-12 20:35:27', NULL),
(583, 1, 156, 603, '2021-06-12 20:35:27', '2021-06-12 20:35:27', NULL),
(584, 3, 242, 825, '2021-06-12 20:35:27', '2021-06-12 20:35:27', NULL),
(585, 1, 664, 159, '2021-06-12 20:35:27', '2021-06-12 20:35:27', NULL),
(586, 3, 542, 454, '2021-06-12 20:35:27', '2021-06-12 20:35:27', NULL),
(587, 2, 91, 267, '2021-06-12 20:35:27', '2021-06-12 20:35:27', NULL),
(588, 1, 535, 5, '2021-06-12 20:35:27', '2021-06-12 20:35:27', NULL),
(589, 1, 182, 71, '2021-06-12 20:35:27', '2021-06-12 20:35:27', NULL),
(590, 2, 246, 984, '2021-06-12 20:35:27', '2021-06-12 20:35:27', NULL),
(591, 2, 537, 729, '2021-06-12 20:35:27', '2021-06-12 20:35:27', NULL),
(592, 1, 437, 978, '2021-06-12 20:35:27', '2021-06-12 20:35:27', NULL),
(593, 1, 850, 101, '2021-06-12 20:35:27', '2021-06-12 20:35:27', NULL),
(594, 2, 337, 333, '2021-06-12 20:35:27', '2021-06-12 20:35:27', NULL),
(595, 2, 609, 598, '2021-06-12 20:35:27', '2021-06-12 20:35:27', NULL),
(596, 3, 900, 850, '2021-06-12 20:35:27', '2021-06-12 20:35:27', NULL),
(597, 2, 943, 322, '2021-06-12 20:35:27', '2021-06-12 20:35:27', NULL),
(598, 3, 856, 692, '2021-06-12 20:35:27', '2021-06-12 20:35:27', NULL),
(599, 3, 89, 148, '2021-06-12 20:35:27', '2021-06-12 20:35:27', NULL),
(600, 3, 732, 951, '2021-06-12 20:35:27', '2021-06-12 20:35:27', NULL),
(601, 2, 58, 57, '2021-06-12 20:35:27', '2021-06-12 20:35:27', NULL),
(602, 1, 261, 540, '2021-06-12 20:35:27', '2021-06-12 20:35:27', NULL),
(603, 1, 602, 525, '2021-06-12 20:35:27', '2021-06-12 20:35:27', NULL),
(604, 3, 227, 302, '2021-06-12 20:35:27', '2021-06-12 20:35:27', NULL),
(605, 2, 321, 276, '2021-06-12 20:35:27', '2021-06-12 20:35:27', NULL),
(606, 2, 489, 104, '2021-06-12 20:35:27', '2021-06-12 20:35:27', NULL),
(607, 2, 252, 66, '2021-06-12 20:35:27', '2021-06-12 20:35:27', NULL),
(608, 1, 808, 710, '2021-06-12 20:35:27', '2021-06-12 20:35:27', NULL),
(609, 3, 834, 677, '2021-06-12 20:35:27', '2021-06-12 20:35:27', NULL),
(610, 1, 987, 721, '2021-06-12 20:35:27', '2021-06-12 20:35:27', NULL),
(611, 1, 287, 703, '2021-06-12 20:35:27', '2021-06-12 20:35:27', NULL),
(612, 3, 640, 636, '2021-06-12 20:35:27', '2021-06-12 20:35:27', NULL),
(613, 1, 352, 60, '2021-06-12 20:35:27', '2021-06-12 20:35:27', NULL),
(614, 3, 810, 828, '2021-06-12 20:35:27', '2021-06-12 20:35:27', NULL),
(615, 1, 754, 399, '2021-06-12 20:35:27', '2021-06-12 20:35:27', NULL),
(616, 1, 927, 929, '2021-06-12 20:35:27', '2021-06-12 20:35:27', NULL),
(617, 1, 684, 683, '2021-06-12 20:35:27', '2021-06-12 20:35:27', NULL),
(618, 3, 934, 775, '2021-06-12 20:35:27', '2021-06-12 20:35:27', NULL),
(619, 1, 364, 159, '2021-06-12 20:35:27', '2021-06-12 20:35:27', NULL),
(620, 2, 175, 164, '2021-06-12 20:35:27', '2021-06-12 20:35:27', NULL),
(621, 2, 739, 517, '2021-06-12 20:35:27', '2021-06-12 20:35:27', NULL),
(622, 1, 627, 607, '2021-06-12 20:35:27', '2021-06-12 20:35:27', NULL),
(623, 3, 191, 387, '2021-06-12 20:35:27', '2021-06-12 20:35:27', NULL),
(624, 1, 14, 505, '2021-06-12 20:35:27', '2021-06-12 20:35:27', NULL),
(625, 3, 51, 75, '2021-06-12 20:35:27', '2021-06-12 20:35:27', NULL),
(626, 2, 975, 672, '2021-06-12 20:35:27', '2021-06-12 20:35:27', NULL),
(627, 3, 447, 929, '2021-06-12 20:35:27', '2021-06-12 20:35:27', NULL),
(628, 2, 572, 194, '2021-06-12 20:35:27', '2021-06-12 20:35:27', NULL),
(629, 3, 870, 633, '2021-06-12 20:35:27', '2021-06-12 20:35:27', NULL),
(630, 2, 197, 884, '2021-06-12 20:35:27', '2021-06-12 20:35:27', NULL),
(631, 1, 460, 470, '2021-06-12 20:35:27', '2021-06-12 20:35:27', NULL),
(632, 1, 321, 172, '2021-06-12 20:35:27', '2021-06-12 20:35:27', NULL),
(633, 1, 22, 977, '2021-06-12 20:35:27', '2021-06-12 20:35:27', NULL),
(634, 2, 973, 845, '2021-06-12 20:35:27', '2021-06-12 20:35:27', NULL),
(635, 2, 530, 255, '2021-06-12 20:35:27', '2021-06-12 20:35:27', NULL),
(636, 2, 131, 544, '2021-06-12 20:35:27', '2021-06-12 20:35:27', NULL),
(637, 3, 279, 154, '2021-06-12 20:35:27', '2021-06-12 20:35:27', NULL),
(638, 1, 503, 856, '2021-06-12 20:35:27', '2021-06-12 20:35:27', NULL),
(639, 1, 442, 773, '2021-06-12 20:35:27', '2021-06-12 20:35:27', NULL),
(640, 2, 268, 251, '2021-06-12 20:35:27', '2021-06-12 20:35:27', NULL),
(641, 1, 821, 753, '2021-06-12 20:35:27', '2021-06-12 20:35:27', NULL),
(642, 2, 762, 353, '2021-06-12 20:35:27', '2021-06-12 20:35:27', NULL),
(643, 2, 490, 664, '2021-06-12 20:35:27', '2021-06-12 20:35:27', NULL),
(644, 3, 193, 306, '2021-06-12 20:35:27', '2021-06-12 20:35:27', NULL),
(645, 1, 746, 813, '2021-06-12 20:35:27', '2021-06-12 20:35:27', NULL),
(646, 2, 415, 745, '2021-06-12 20:35:27', '2021-06-12 20:35:27', NULL),
(647, 3, 865, 789, '2021-06-12 20:35:27', '2021-06-12 20:35:27', NULL),
(648, 3, 900, 595, '2021-06-12 20:35:27', '2021-06-12 20:35:27', NULL),
(649, 3, 159, 582, '2021-06-12 20:35:27', '2021-06-12 20:35:27', NULL),
(650, 2, 495, 462, '2021-06-12 20:35:27', '2021-06-12 20:35:27', NULL),
(651, 3, 85, 554, '2021-06-12 20:35:27', '2021-06-12 20:35:27', NULL),
(652, 1, 554, 575, '2021-06-12 20:35:27', '2021-06-12 20:35:27', NULL),
(653, 2, 45, 821, '2021-06-12 20:35:27', '2021-06-12 20:35:27', NULL),
(654, 1, 871, 735, '2021-06-12 20:35:27', '2021-06-12 20:35:27', NULL),
(655, 3, 209, 852, '2021-06-12 20:35:27', '2021-06-12 20:35:27', NULL),
(656, 1, 321, 875, '2021-06-12 20:35:27', '2021-06-12 20:35:27', NULL),
(657, 1, 744, 720, '2021-06-12 20:35:27', '2021-06-12 20:35:27', NULL),
(658, 1, 300, 447, '2021-06-12 20:35:27', '2021-06-12 20:35:27', NULL),
(659, 3, 194, 498, '2021-06-12 20:35:27', '2021-06-12 20:35:27', NULL),
(660, 3, 324, 318, '2021-06-12 20:35:27', '2021-06-12 20:35:27', NULL),
(661, 2, 57, 981, '2021-06-12 20:35:27', '2021-06-12 20:35:27', NULL),
(662, 2, 774, 544, '2021-06-12 20:35:27', '2021-06-12 20:35:27', NULL),
(663, 3, 177, 165, '2021-06-12 20:35:27', '2021-06-12 20:35:27', NULL),
(664, 3, 147, 707, '2021-06-12 20:35:27', '2021-06-12 20:35:27', NULL),
(665, 1, 38, 558, '2021-06-12 20:35:27', '2021-06-12 20:35:27', NULL),
(666, 1, 301, 694, '2021-06-12 20:35:27', '2021-06-12 20:35:27', NULL),
(667, 2, 254, 549, '2021-06-12 20:35:27', '2021-06-12 20:35:27', NULL),
(668, 2, 432, 606, '2021-06-12 20:35:27', '2021-06-12 20:35:27', NULL),
(669, 1, 192, 362, '2021-06-12 20:35:27', '2021-06-12 20:35:27', NULL),
(670, 3, 701, 997, '2021-06-12 20:35:27', '2021-06-12 20:35:27', NULL),
(671, 2, 990, 869, '2021-06-12 20:35:28', '2021-06-12 20:35:28', NULL),
(672, 3, 517, 892, '2021-06-12 20:35:28', '2021-06-12 20:35:28', NULL),
(673, 3, 888, 29, '2021-06-12 20:35:28', '2021-06-12 20:35:28', NULL),
(674, 3, 919, 332, '2021-06-12 20:35:28', '2021-06-12 20:35:28', NULL),
(675, 1, 506, 100, '2021-06-12 20:35:28', '2021-06-12 20:35:28', NULL),
(676, 1, 959, 246, '2021-06-12 20:35:28', '2021-06-12 20:35:28', NULL),
(677, 3, 521, 727, '2021-06-12 20:35:28', '2021-06-12 20:35:28', NULL),
(678, 2, 509, 945, '2021-06-12 20:35:28', '2021-06-12 20:35:28', NULL),
(679, 1, 771, 268, '2021-06-12 20:35:28', '2021-06-12 20:35:28', NULL),
(680, 3, 799, 757, '2021-06-12 20:35:28', '2021-06-12 20:35:28', NULL),
(681, 1, 656, 635, '2021-06-12 20:35:28', '2021-06-12 20:35:28', NULL),
(682, 3, 437, 865, '2021-06-12 20:35:28', '2021-06-12 20:35:28', NULL),
(683, 1, 894, 205, '2021-06-12 20:35:28', '2021-06-12 20:35:28', NULL),
(684, 2, 577, 709, '2021-06-12 20:35:28', '2021-06-12 20:35:28', NULL),
(685, 1, 459, 896, '2021-06-12 20:35:28', '2021-06-12 20:35:28', NULL),
(686, 2, 209, 615, '2021-06-12 20:35:28', '2021-06-12 20:35:28', NULL),
(687, 2, 942, 647, '2021-06-12 20:35:28', '2021-06-12 20:35:28', NULL),
(688, 1, 359, 517, '2021-06-12 20:35:28', '2021-06-12 20:35:28', NULL),
(689, 1, 761, 569, '2021-06-12 20:35:28', '2021-06-12 20:35:28', NULL),
(690, 3, 894, 274, '2021-06-12 20:35:28', '2021-06-12 20:35:28', NULL),
(691, 2, 9, 46, '2021-06-12 20:35:28', '2021-06-12 20:35:28', NULL),
(692, 3, 551, 523, '2021-06-12 20:35:28', '2021-06-12 20:35:28', NULL),
(693, 1, 427, 463, '2021-06-12 20:35:28', '2021-06-12 20:35:28', NULL),
(694, 3, 507, 325, '2021-06-12 20:35:28', '2021-06-12 20:35:28', NULL),
(695, 3, 307, 66, '2021-06-12 20:35:28', '2021-06-12 20:35:28', NULL),
(696, 1, 582, 406, '2021-06-12 20:35:28', '2021-06-12 20:35:28', NULL),
(697, 2, 858, 100, '2021-06-12 20:35:28', '2021-06-12 20:35:28', NULL),
(698, 2, 488, 433, '2021-06-12 20:35:28', '2021-06-12 20:35:28', NULL),
(699, 2, 12, 55, '2021-06-12 20:35:28', '2021-06-12 20:35:28', NULL),
(700, 1, 600, 229, '2021-06-12 20:35:28', '2021-06-12 20:35:28', NULL),
(701, 3, 707, 209, '2021-06-12 20:35:28', '2021-06-12 20:35:28', NULL),
(702, 3, 35, 469, '2021-06-12 20:35:28', '2021-06-12 20:35:28', NULL),
(703, 2, 522, 943, '2021-06-12 20:35:28', '2021-06-12 20:35:28', NULL),
(704, 3, 913, 34, '2021-06-12 20:35:28', '2021-06-12 20:35:28', NULL),
(705, 2, 600, 509, '2021-06-12 20:35:28', '2021-06-12 20:35:28', NULL),
(706, 2, 798, 307, '2021-06-12 20:35:28', '2021-06-12 20:35:28', NULL),
(707, 3, 987, 127, '2021-06-12 20:35:28', '2021-06-12 20:35:28', NULL),
(708, 1, 236, 92, '2021-06-12 20:35:28', '2021-06-12 20:35:28', NULL),
(709, 2, 632, 234, '2021-06-12 20:35:28', '2021-06-12 20:35:28', NULL),
(710, 2, 674, 449, '2021-06-12 20:35:28', '2021-06-12 20:35:28', NULL),
(711, 1, 634, 262, '2021-06-12 20:35:28', '2021-06-12 20:35:28', NULL),
(712, 1, 806, 13, '2021-06-12 20:35:28', '2021-06-12 20:35:28', NULL),
(713, 3, 974, 30, '2021-06-12 20:35:28', '2021-06-12 20:35:28', NULL),
(714, 1, 780, 865, '2021-06-12 20:35:28', '2021-06-12 20:35:28', NULL),
(715, 2, 69, 996, '2021-06-12 20:35:28', '2021-06-12 20:35:28', NULL),
(716, 3, 421, 828, '2021-06-12 20:35:28', '2021-06-12 20:35:28', NULL);
INSERT INTO `transactions` (`id`, `quantity`, `buyer_id`, `product_id`, `created_at`, `updated_at`, `deleted_at`) VALUES
(717, 1, 929, 794, '2021-06-12 20:35:28', '2021-06-12 20:35:28', NULL),
(718, 2, 76, 531, '2021-06-12 20:35:28', '2021-06-12 20:35:28', NULL),
(719, 1, 839, 771, '2021-06-12 20:35:28', '2021-06-12 20:35:28', NULL),
(720, 3, 36, 785, '2021-06-12 20:35:28', '2021-06-12 20:35:28', NULL),
(721, 3, 117, 494, '2021-06-12 20:35:28', '2021-06-12 20:35:28', NULL),
(722, 2, 551, 662, '2021-06-12 20:35:28', '2021-06-12 20:35:28', NULL),
(723, 2, 419, 521, '2021-06-12 20:35:28', '2021-06-12 20:35:28', NULL),
(724, 1, 498, 160, '2021-06-12 20:35:28', '2021-06-12 20:35:28', NULL),
(725, 1, 179, 582, '2021-06-12 20:35:28', '2021-06-12 20:35:28', NULL),
(726, 1, 571, 362, '2021-06-12 20:35:28', '2021-06-12 20:35:28', NULL),
(727, 1, 885, 75, '2021-06-12 20:35:28', '2021-06-12 20:35:28', NULL),
(728, 2, 584, 138, '2021-06-12 20:35:28', '2021-06-12 20:35:28', NULL),
(729, 1, 218, 967, '2021-06-12 20:35:28', '2021-06-12 20:35:28', NULL),
(730, 3, 24, 374, '2021-06-12 20:35:28', '2021-06-12 20:35:28', NULL),
(731, 2, 565, 817, '2021-06-12 20:35:28', '2021-06-12 20:35:28', NULL),
(732, 3, 285, 674, '2021-06-12 20:35:28', '2021-06-12 20:35:28', NULL),
(733, 1, 450, 751, '2021-06-12 20:35:28', '2021-06-12 20:35:28', NULL),
(734, 1, 909, 497, '2021-06-12 20:35:28', '2021-06-12 20:35:28', NULL),
(735, 1, 420, 410, '2021-06-12 20:35:28', '2021-06-12 20:35:28', NULL),
(736, 3, 876, 324, '2021-06-12 20:35:28', '2021-06-12 20:35:28', NULL),
(737, 3, 636, 892, '2021-06-12 20:35:28', '2021-06-12 20:35:28', NULL),
(738, 1, 958, 506, '2021-06-12 20:35:28', '2021-06-12 20:35:28', NULL),
(739, 3, 684, 305, '2021-06-12 20:35:28', '2021-06-12 20:35:28', NULL),
(740, 3, 368, 232, '2021-06-12 20:35:28', '2021-06-12 20:35:28', NULL),
(741, 2, 438, 383, '2021-06-12 20:35:28', '2021-06-12 20:35:28', NULL),
(742, 2, 266, 359, '2021-06-12 20:35:28', '2021-06-12 20:35:28', NULL),
(743, 2, 633, 640, '2021-06-12 20:35:28', '2021-06-12 20:35:28', NULL),
(744, 2, 588, 85, '2021-06-12 20:35:28', '2021-06-12 20:35:28', NULL),
(745, 2, 362, 10, '2021-06-12 20:35:28', '2021-06-12 20:35:28', NULL),
(746, 1, 33, 597, '2021-06-12 20:35:28', '2021-06-12 20:35:28', NULL),
(747, 1, 505, 274, '2021-06-12 20:35:28', '2021-06-12 20:35:28', NULL),
(748, 1, 498, 313, '2021-06-12 20:35:28', '2021-06-12 20:35:28', NULL),
(749, 3, 536, 69, '2021-06-12 20:35:28', '2021-06-12 20:35:28', NULL),
(750, 2, 769, 544, '2021-06-12 20:35:28', '2021-06-12 20:35:28', NULL),
(751, 3, 164, 945, '2021-06-12 20:35:28', '2021-06-12 20:35:28', NULL),
(752, 3, 541, 617, '2021-06-12 20:35:28', '2021-06-12 20:35:28', NULL),
(753, 1, 923, 945, '2021-06-12 20:35:28', '2021-06-12 20:35:28', NULL),
(754, 1, 730, 964, '2021-06-12 20:35:28', '2021-06-12 20:35:28', NULL),
(755, 3, 74, 247, '2021-06-12 20:35:28', '2021-06-12 20:35:28', NULL),
(756, 2, 958, 380, '2021-06-12 20:35:28', '2021-06-12 20:35:28', NULL),
(757, 2, 489, 289, '2021-06-12 20:35:28', '2021-06-12 20:35:28', NULL),
(758, 3, 302, 679, '2021-06-12 20:35:28', '2021-06-12 20:35:28', NULL),
(759, 3, 400, 674, '2021-06-12 20:35:28', '2021-06-12 20:35:28', NULL),
(760, 1, 492, 256, '2021-06-12 20:35:28', '2021-06-12 20:35:28', NULL),
(761, 1, 229, 463, '2021-06-12 20:35:28', '2021-06-12 20:35:28', NULL),
(762, 1, 883, 608, '2021-06-12 20:35:28', '2021-06-12 20:35:28', NULL),
(763, 1, 657, 126, '2021-06-12 20:35:28', '2021-06-12 20:35:28', NULL),
(764, 1, 477, 606, '2021-06-12 20:35:28', '2021-06-12 20:35:28', NULL),
(765, 1, 105, 10, '2021-06-12 20:35:28', '2021-06-12 20:35:28', NULL),
(766, 3, 371, 153, '2021-06-12 20:35:28', '2021-06-12 20:35:28', NULL),
(767, 3, 554, 203, '2021-06-12 20:35:28', '2021-06-12 20:35:28', NULL),
(768, 2, 402, 755, '2021-06-12 20:35:28', '2021-06-12 20:35:28', NULL),
(769, 3, 848, 316, '2021-06-12 20:35:28', '2021-06-12 20:35:28', NULL),
(770, 1, 407, 690, '2021-06-12 20:35:28', '2021-06-12 20:35:28', NULL),
(771, 2, 574, 497, '2021-06-12 20:35:28', '2021-06-12 20:35:28', NULL),
(772, 2, 932, 431, '2021-06-12 20:35:28', '2021-06-12 20:35:28', NULL),
(773, 2, 43, 35, '2021-06-12 20:35:28', '2021-06-12 20:35:28', NULL),
(774, 3, 308, 129, '2021-06-12 20:35:28', '2021-06-12 20:35:28', NULL),
(775, 1, 196, 161, '2021-06-12 20:35:28', '2021-06-12 20:35:28', NULL),
(776, 2, 400, 467, '2021-06-12 20:35:28', '2021-06-12 20:35:28', NULL),
(777, 1, 397, 769, '2021-06-12 20:35:28', '2021-06-12 20:35:28', NULL),
(778, 1, 811, 527, '2021-06-12 20:35:28', '2021-06-12 20:35:28', NULL),
(779, 1, 641, 790, '2021-06-12 20:35:28', '2021-06-12 20:35:28', NULL),
(780, 1, 686, 477, '2021-06-12 20:35:28', '2021-06-12 20:35:28', NULL),
(781, 3, 955, 995, '2021-06-12 20:35:28', '2021-06-12 20:35:28', NULL),
(782, 1, 170, 361, '2021-06-12 20:35:28', '2021-06-12 20:35:28', NULL),
(783, 2, 538, 220, '2021-06-12 20:35:28', '2021-06-12 20:35:28', NULL),
(784, 2, 412, 880, '2021-06-12 20:35:28', '2021-06-12 20:35:28', NULL),
(785, 3, 551, 270, '2021-06-12 20:35:28', '2021-06-12 20:35:28', NULL),
(786, 1, 793, 769, '2021-06-12 20:35:28', '2021-06-12 20:35:28', NULL),
(787, 3, 298, 965, '2021-06-12 20:35:28', '2021-06-12 20:35:28', NULL),
(788, 1, 48, 877, '2021-06-12 20:35:28', '2021-06-12 20:35:28', NULL),
(789, 1, 485, 277, '2021-06-12 20:35:28', '2021-06-12 20:35:28', NULL),
(790, 1, 615, 28, '2021-06-12 20:35:28', '2021-06-12 20:35:28', NULL),
(791, 2, 952, 804, '2021-06-12 20:35:28', '2021-06-12 20:35:28', NULL),
(792, 1, 746, 838, '2021-06-12 20:35:28', '2021-06-12 20:35:28', NULL),
(793, 2, 525, 727, '2021-06-12 20:35:28', '2021-06-12 20:35:28', NULL),
(794, 3, 420, 47, '2021-06-12 20:35:28', '2021-06-12 20:35:28', NULL),
(795, 2, 61, 690, '2021-06-12 20:35:28', '2021-06-12 20:35:28', NULL),
(796, 3, 567, 343, '2021-06-12 20:35:28', '2021-06-12 20:35:28', NULL),
(797, 2, 236, 233, '2021-06-12 20:35:28', '2021-06-12 20:35:28', NULL),
(798, 3, 370, 460, '2021-06-12 20:35:28', '2021-06-12 20:35:28', NULL),
(799, 2, 509, 932, '2021-06-12 20:35:28', '2021-06-12 20:35:28', NULL),
(800, 2, 456, 270, '2021-06-12 20:35:28', '2021-06-12 20:35:28', NULL),
(801, 1, 804, 647, '2021-06-12 20:35:28', '2021-06-12 20:35:28', NULL),
(802, 1, 450, 843, '2021-06-12 20:35:28', '2021-06-12 20:35:28', NULL),
(803, 2, 574, 702, '2021-06-12 20:35:28', '2021-06-12 20:35:28', NULL),
(804, 3, 459, 182, '2021-06-12 20:35:28', '2021-06-12 20:35:28', NULL),
(805, 2, 244, 321, '2021-06-12 20:35:28', '2021-06-12 20:35:28', NULL),
(806, 1, 755, 359, '2021-06-12 20:35:28', '2021-06-12 20:35:28', NULL),
(807, 3, 755, 933, '2021-06-12 20:35:28', '2021-06-12 20:35:28', NULL),
(808, 3, 803, 498, '2021-06-12 20:35:28', '2021-06-12 20:35:28', NULL),
(809, 2, 481, 831, '2021-06-12 20:35:28', '2021-06-12 20:35:28', NULL),
(810, 1, 911, 517, '2021-06-12 20:35:28', '2021-06-12 20:35:28', NULL),
(811, 1, 285, 404, '2021-06-12 20:35:28', '2021-06-12 20:35:28', NULL),
(812, 3, 208, 676, '2021-06-12 20:35:28', '2021-06-12 20:35:28', NULL),
(813, 1, 595, 900, '2021-06-12 20:35:28', '2021-06-12 20:35:28', NULL),
(814, 1, 222, 46, '2021-06-12 20:35:28', '2021-06-12 20:35:28', NULL),
(815, 1, 721, 754, '2021-06-12 20:35:28', '2021-06-12 20:35:28', NULL),
(816, 3, 635, 912, '2021-06-12 20:35:28', '2021-06-12 20:35:28', NULL),
(817, 2, 231, 484, '2021-06-12 20:35:28', '2021-06-12 20:35:28', NULL),
(818, 2, 614, 73, '2021-06-12 20:35:28', '2021-06-12 20:35:28', NULL),
(819, 3, 196, 397, '2021-06-12 20:35:28', '2021-06-12 20:35:28', NULL),
(820, 2, 172, 99, '2021-06-12 20:35:28', '2021-06-12 20:35:28', NULL),
(821, 2, 868, 251, '2021-06-12 20:35:28', '2021-06-12 20:35:28', NULL),
(822, 2, 916, 66, '2021-06-12 20:35:28', '2021-06-12 20:35:28', NULL),
(823, 3, 27, 933, '2021-06-12 20:35:28', '2021-06-12 20:35:28', NULL),
(824, 1, 661, 662, '2021-06-12 20:35:28', '2021-06-12 20:35:28', NULL),
(825, 2, 608, 430, '2021-06-12 20:35:28', '2021-06-12 20:35:28', NULL),
(826, 2, 737, 779, '2021-06-12 20:35:28', '2021-06-12 20:35:28', NULL),
(827, 2, 901, 130, '2021-06-12 20:35:28', '2021-06-12 20:35:28', NULL),
(828, 2, 342, 296, '2021-06-12 20:35:28', '2021-06-12 20:35:28', NULL),
(829, 2, 75, 342, '2021-06-12 20:35:28', '2021-06-12 20:35:28', NULL),
(830, 3, 35, 692, '2021-06-12 20:35:28', '2021-06-12 20:35:28', NULL),
(831, 1, 509, 883, '2021-06-12 20:35:28', '2021-06-12 20:35:28', NULL),
(832, 1, 673, 238, '2021-06-12 20:35:28', '2021-06-12 20:35:28', NULL),
(833, 2, 844, 432, '2021-06-12 20:35:28', '2021-06-12 20:35:28', NULL),
(834, 1, 137, 788, '2021-06-12 20:35:28', '2021-06-12 20:35:28', NULL),
(835, 1, 121, 270, '2021-06-12 20:35:28', '2021-06-12 20:35:28', NULL),
(836, 2, 919, 599, '2021-06-12 20:35:28', '2021-06-12 20:35:28', NULL),
(837, 1, 273, 917, '2021-06-12 20:35:28', '2021-06-12 20:35:28', NULL),
(838, 1, 167, 190, '2021-06-12 20:35:28', '2021-06-12 20:35:28', NULL),
(839, 3, 533, 718, '2021-06-12 20:35:28', '2021-06-12 20:35:28', NULL),
(840, 1, 841, 931, '2021-06-12 20:35:28', '2021-06-12 20:35:28', NULL),
(841, 3, 962, 523, '2021-06-12 20:35:28', '2021-06-12 20:35:28', NULL),
(842, 3, 999, 58, '2021-06-12 20:35:28', '2021-06-12 20:35:28', NULL),
(843, 2, 750, 726, '2021-06-12 20:35:28', '2021-06-12 20:35:28', NULL),
(844, 3, 484, 399, '2021-06-12 20:35:28', '2021-06-12 20:35:28', NULL),
(845, 1, 300, 814, '2021-06-12 20:35:28', '2021-06-12 20:35:28', NULL),
(846, 1, 307, 984, '2021-06-12 20:35:28', '2021-06-12 20:35:28', NULL),
(847, 1, 778, 145, '2021-06-12 20:35:28', '2021-06-12 20:35:28', NULL),
(848, 3, 304, 370, '2021-06-12 20:35:28', '2021-06-12 20:35:28', NULL),
(849, 3, 310, 23, '2021-06-12 20:35:28', '2021-06-12 20:35:28', NULL),
(850, 2, 823, 417, '2021-06-12 20:35:28', '2021-06-12 20:35:28', NULL),
(851, 2, 169, 879, '2021-06-12 20:35:28', '2021-06-12 20:35:28', NULL),
(852, 1, 886, 350, '2021-06-12 20:35:28', '2021-06-12 20:35:28', NULL),
(853, 1, 632, 746, '2021-06-12 20:35:28', '2021-06-12 20:35:28', NULL),
(854, 1, 276, 230, '2021-06-12 20:35:28', '2021-06-12 20:35:28', NULL),
(855, 3, 659, 424, '2021-06-12 20:35:28', '2021-06-12 20:35:28', NULL),
(856, 3, 754, 509, '2021-06-12 20:35:29', '2021-06-12 20:35:29', NULL),
(857, 1, 208, 521, '2021-06-12 20:35:29', '2021-06-12 20:35:29', NULL),
(858, 3, 370, 589, '2021-06-12 20:35:29', '2021-06-12 20:35:29', NULL),
(859, 3, 329, 927, '2021-06-12 20:35:29', '2021-06-12 20:35:29', NULL),
(860, 1, 738, 68, '2021-06-12 20:35:29', '2021-06-12 20:35:29', NULL),
(861, 1, 720, 829, '2021-06-12 20:35:29', '2021-06-12 20:35:29', NULL),
(862, 3, 576, 344, '2021-06-12 20:35:29', '2021-06-12 20:35:29', NULL),
(863, 3, 351, 797, '2021-06-12 20:35:29', '2021-06-12 20:35:29', NULL),
(864, 3, 697, 577, '2021-06-12 20:35:29', '2021-06-12 20:35:29', NULL),
(865, 3, 933, 734, '2021-06-12 20:35:29', '2021-06-12 20:35:29', NULL),
(866, 2, 42, 182, '2021-06-12 20:35:29', '2021-06-12 20:35:29', NULL),
(867, 1, 998, 965, '2021-06-12 20:35:29', '2021-06-12 20:35:29', NULL),
(868, 1, 681, 876, '2021-06-12 20:35:29', '2021-06-12 20:35:29', NULL),
(869, 3, 705, 608, '2021-06-12 20:35:29', '2021-06-12 20:35:29', NULL),
(870, 3, 781, 996, '2021-06-12 20:35:29', '2021-06-12 20:35:29', NULL),
(871, 2, 643, 524, '2021-06-12 20:35:29', '2021-06-12 20:35:29', NULL),
(872, 1, 805, 604, '2021-06-12 20:35:29', '2021-06-12 20:35:29', NULL),
(873, 3, 460, 616, '2021-06-12 20:35:29', '2021-06-12 20:35:29', NULL),
(874, 1, 789, 129, '2021-06-12 20:35:29', '2021-06-12 20:35:29', NULL),
(875, 1, 692, 469, '2021-06-12 20:35:29', '2021-06-12 20:35:29', NULL),
(876, 3, 143, 264, '2021-06-12 20:35:29', '2021-06-12 20:35:29', NULL),
(877, 1, 336, 318, '2021-06-12 20:35:29', '2021-06-12 20:35:29', NULL),
(878, 1, 297, 534, '2021-06-12 20:35:29', '2021-06-12 20:35:29', NULL),
(879, 3, 659, 455, '2021-06-12 20:35:29', '2021-06-12 20:35:29', NULL),
(880, 3, 375, 289, '2021-06-12 20:35:29', '2021-06-12 20:35:29', NULL),
(881, 3, 163, 634, '2021-06-12 20:35:29', '2021-06-12 20:35:29', NULL),
(882, 1, 1, 225, '2021-06-12 20:35:29', '2021-06-12 20:35:29', NULL),
(883, 3, 71, 442, '2021-06-12 20:35:29', '2021-06-12 20:35:29', NULL),
(884, 2, 251, 599, '2021-06-12 20:35:29', '2021-06-12 20:35:29', NULL),
(885, 3, 363, 716, '2021-06-12 20:35:29', '2021-06-12 20:35:29', NULL),
(886, 1, 43, 601, '2021-06-12 20:35:29', '2021-06-12 20:35:29', NULL),
(887, 2, 445, 404, '2021-06-12 20:35:29', '2021-06-12 20:35:29', NULL),
(888, 2, 647, 861, '2021-06-12 20:35:29', '2021-06-12 20:35:29', NULL),
(889, 1, 754, 387, '2021-06-12 20:35:29', '2021-06-12 20:35:29', NULL),
(890, 3, 553, 595, '2021-06-12 20:35:29', '2021-06-12 20:35:29', NULL),
(891, 2, 130, 301, '2021-06-12 20:35:29', '2021-06-12 20:35:29', NULL),
(892, 2, 155, 674, '2021-06-12 20:35:29', '2021-06-12 20:35:29', NULL),
(893, 3, 92, 464, '2021-06-12 20:35:29', '2021-06-12 20:35:29', NULL),
(894, 3, 763, 740, '2021-06-12 20:35:29', '2021-06-12 20:35:29', NULL),
(895, 3, 691, 843, '2021-06-12 20:35:29', '2021-06-12 20:35:29', NULL),
(896, 3, 431, 847, '2021-06-12 20:35:29', '2021-06-12 20:35:29', NULL),
(897, 2, 665, 789, '2021-06-12 20:35:29', '2021-06-12 20:35:29', NULL),
(898, 2, 970, 992, '2021-06-12 20:35:29', '2021-06-12 20:35:29', NULL),
(899, 2, 339, 211, '2021-06-12 20:35:29', '2021-06-12 20:35:29', NULL),
(900, 2, 285, 871, '2021-06-12 20:35:29', '2021-06-12 20:35:29', NULL),
(901, 3, 362, 676, '2021-06-12 20:35:29', '2021-06-12 20:35:29', NULL),
(902, 2, 54, 870, '2021-06-12 20:35:29', '2021-06-12 20:35:29', NULL),
(903, 2, 324, 789, '2021-06-12 20:35:29', '2021-06-12 20:35:29', NULL),
(904, 3, 273, 680, '2021-06-12 20:35:29', '2021-06-12 20:35:29', NULL),
(905, 3, 600, 358, '2021-06-12 20:35:29', '2021-06-12 20:35:29', NULL),
(906, 3, 329, 160, '2021-06-12 20:35:29', '2021-06-12 20:35:29', NULL),
(907, 2, 184, 788, '2021-06-12 20:35:29', '2021-06-12 20:35:29', NULL),
(908, 3, 681, 266, '2021-06-12 20:35:29', '2021-06-12 20:35:29', NULL),
(909, 2, 836, 178, '2021-06-12 20:35:29', '2021-06-12 20:35:29', NULL),
(910, 3, 608, 595, '2021-06-12 20:35:29', '2021-06-12 20:35:29', NULL),
(911, 1, 326, 511, '2021-06-12 20:35:29', '2021-06-12 20:35:29', NULL),
(912, 3, 766, 669, '2021-06-12 20:35:29', '2021-06-12 20:35:29', NULL),
(913, 3, 116, 746, '2021-06-12 20:35:29', '2021-06-12 20:35:29', NULL),
(914, 3, 284, 847, '2021-06-12 20:35:29', '2021-06-12 20:35:29', NULL),
(915, 3, 946, 569, '2021-06-12 20:35:29', '2021-06-12 20:35:29', NULL),
(916, 3, 305, 662, '2021-06-12 20:35:29', '2021-06-12 20:35:29', NULL),
(917, 3, 119, 601, '2021-06-12 20:35:29', '2021-06-12 20:35:29', NULL),
(918, 3, 140, 508, '2021-06-12 20:35:29', '2021-06-12 20:35:29', NULL),
(919, 3, 75, 582, '2021-06-12 20:35:29', '2021-06-12 20:35:29', NULL),
(920, 1, 691, 347, '2021-06-12 20:35:29', '2021-06-12 20:35:29', NULL),
(921, 1, 182, 20, '2021-06-12 20:35:29', '2021-06-12 20:35:29', NULL),
(922, 3, 215, 721, '2021-06-12 20:35:29', '2021-06-12 20:35:29', NULL),
(923, 3, 693, 126, '2021-06-12 20:35:29', '2021-06-12 20:35:29', NULL),
(924, 2, 606, 616, '2021-06-12 20:35:29', '2021-06-12 20:35:29', NULL),
(925, 1, 106, 123, '2021-06-12 20:35:29', '2021-06-12 20:35:29', NULL),
(926, 2, 917, 969, '2021-06-12 20:35:29', '2021-06-12 20:35:29', NULL),
(927, 2, 308, 859, '2021-06-12 20:35:29', '2021-06-12 20:35:29', NULL),
(928, 1, 641, 914, '2021-06-12 20:35:29', '2021-06-12 20:35:29', NULL),
(929, 1, 695, 232, '2021-06-12 20:35:29', '2021-06-12 20:35:29', NULL),
(930, 3, 285, 661, '2021-06-12 20:35:29', '2021-06-12 20:35:29', NULL),
(931, 2, 328, 769, '2021-06-12 20:35:29', '2021-06-12 20:35:29', NULL),
(932, 2, 290, 938, '2021-06-12 20:35:29', '2021-06-12 20:35:29', NULL),
(933, 2, 762, 100, '2021-06-12 20:35:29', '2021-06-12 20:35:29', NULL),
(934, 1, 679, 631, '2021-06-12 20:35:29', '2021-06-12 20:35:29', NULL),
(935, 2, 480, 213, '2021-06-12 20:35:29', '2021-06-12 20:35:29', NULL),
(936, 2, 942, 686, '2021-06-12 20:35:29', '2021-06-12 20:35:29', NULL),
(937, 1, 725, 512, '2021-06-12 20:35:29', '2021-06-12 20:35:29', NULL),
(938, 3, 200, 660, '2021-06-12 20:35:29', '2021-06-12 20:35:29', NULL),
(939, 1, 850, 635, '2021-06-12 20:35:29', '2021-06-12 20:35:29', NULL),
(940, 2, 42, 13, '2021-06-12 20:35:29', '2021-06-12 20:35:29', NULL),
(941, 3, 124, 183, '2021-06-12 20:35:29', '2021-06-12 20:35:29', NULL),
(942, 3, 804, 408, '2021-06-12 20:35:29', '2021-06-12 20:35:29', NULL),
(943, 3, 487, 64, '2021-06-12 20:35:29', '2021-06-12 20:35:29', NULL),
(944, 1, 267, 27, '2021-06-12 20:35:29', '2021-06-12 20:35:29', NULL),
(945, 3, 24, 447, '2021-06-12 20:35:29', '2021-06-12 20:35:29', NULL),
(946, 2, 892, 254, '2021-06-12 20:35:29', '2021-06-12 20:35:29', NULL),
(947, 1, 839, 676, '2021-06-12 20:35:29', '2021-06-12 20:35:29', NULL),
(948, 3, 126, 931, '2021-06-12 20:35:29', '2021-06-12 20:35:29', NULL),
(949, 2, 539, 523, '2021-06-12 20:35:29', '2021-06-12 20:35:29', NULL),
(950, 1, 663, 668, '2021-06-12 20:35:29', '2021-06-12 20:35:29', NULL),
(951, 1, 447, 199, '2021-06-12 20:35:29', '2021-06-12 20:35:29', NULL),
(952, 2, 134, 419, '2021-06-12 20:35:29', '2021-06-12 20:35:29', NULL),
(953, 1, 285, 553, '2021-06-12 20:35:29', '2021-06-12 20:35:29', NULL),
(954, 1, 888, 776, '2021-06-12 20:35:29', '2021-06-12 20:35:29', NULL),
(955, 1, 2, 586, '2021-06-12 20:35:29', '2021-06-12 20:35:29', NULL),
(956, 3, 503, 127, '2021-06-12 20:35:29', '2021-06-12 20:35:29', NULL),
(957, 1, 233, 983, '2021-06-12 20:35:29', '2021-06-12 20:35:29', NULL),
(958, 2, 613, 743, '2021-06-12 20:35:29', '2021-06-12 20:35:29', NULL),
(959, 1, 379, 274, '2021-06-12 20:35:29', '2021-06-12 20:35:29', NULL),
(960, 1, 183, 672, '2021-06-12 20:35:29', '2021-06-12 20:35:29', NULL),
(961, 2, 482, 3, '2021-06-12 20:35:29', '2021-06-12 20:35:29', NULL),
(962, 2, 319, 20, '2021-06-12 20:35:29', '2021-06-12 20:35:29', NULL),
(963, 2, 437, 307, '2021-06-12 20:35:29', '2021-06-12 20:35:29', NULL),
(964, 1, 729, 339, '2021-06-12 20:35:29', '2021-06-12 20:35:29', NULL),
(965, 1, 418, 896, '2021-06-12 20:35:29', '2021-06-12 20:35:29', NULL),
(966, 1, 176, 474, '2021-06-12 20:35:29', '2021-06-12 20:35:29', NULL),
(967, 3, 129, 141, '2021-06-12 20:35:29', '2021-06-12 20:35:29', NULL),
(968, 3, 202, 213, '2021-06-12 20:35:29', '2021-06-12 20:35:29', NULL),
(969, 3, 99, 901, '2021-06-12 20:35:29', '2021-06-12 20:35:29', NULL),
(970, 2, 501, 870, '2021-06-12 20:35:29', '2021-06-12 20:35:29', NULL),
(971, 3, 437, 30, '2021-06-12 20:35:29', '2021-06-12 20:35:29', NULL),
(972, 3, 12, 10, '2021-06-12 20:35:29', '2021-06-12 20:35:29', NULL),
(973, 2, 80, 58, '2021-06-12 20:35:29', '2021-06-12 20:35:29', NULL),
(974, 3, 601, 609, '2021-06-12 20:35:29', '2021-06-12 20:35:29', NULL),
(975, 2, 823, 916, '2021-06-12 20:35:29', '2021-06-12 20:35:29', NULL),
(976, 1, 291, 647, '2021-06-12 20:35:29', '2021-06-12 20:35:29', NULL),
(977, 2, 63, 525, '2021-06-12 20:35:29', '2021-06-12 20:35:29', NULL),
(978, 2, 897, 746, '2021-06-12 20:35:29', '2021-06-12 20:35:29', NULL),
(979, 2, 342, 74, '2021-06-12 20:35:29', '2021-06-12 20:35:29', NULL),
(980, 3, 924, 99, '2021-06-12 20:35:29', '2021-06-12 20:35:29', NULL),
(981, 2, 458, 480, '2021-06-12 20:35:29', '2021-06-12 20:35:29', NULL),
(982, 1, 860, 575, '2021-06-12 20:35:29', '2021-06-12 20:35:29', NULL),
(983, 2, 808, 862, '2021-06-12 20:35:29', '2021-06-12 20:35:29', NULL),
(984, 3, 943, 572, '2021-06-12 20:35:29', '2021-06-12 20:35:29', NULL),
(985, 2, 244, 816, '2021-06-12 20:35:29', '2021-06-12 20:35:29', NULL),
(986, 3, 485, 826, '2021-06-12 20:35:29', '2021-06-12 20:35:29', NULL),
(987, 1, 984, 24, '2021-06-12 20:35:29', '2021-06-12 20:35:29', NULL),
(988, 3, 487, 892, '2021-06-12 20:35:29', '2021-06-12 20:35:29', NULL),
(989, 2, 330, 564, '2021-06-12 20:35:29', '2021-06-12 20:35:29', NULL),
(990, 3, 312, 981, '2021-06-12 20:35:29', '2021-06-12 20:35:29', NULL),
(991, 2, 766, 939, '2021-06-12 20:35:29', '2021-06-12 20:35:29', NULL),
(992, 3, 631, 860, '2021-06-12 20:35:29', '2021-06-12 20:35:29', NULL),
(993, 2, 704, 471, '2021-06-12 20:35:29', '2021-06-12 20:35:29', NULL),
(994, 2, 226, 885, '2021-06-12 20:35:29', '2021-06-12 20:35:29', NULL),
(995, 1, 397, 992, '2021-06-12 20:35:29', '2021-06-12 20:35:29', NULL),
(996, 1, 250, 600, '2021-06-12 20:35:29', '2021-06-12 20:35:29', NULL),
(997, 3, 629, 586, '2021-06-12 20:35:29', '2021-06-12 20:35:29', NULL),
(998, 2, 188, 872, '2021-06-12 20:35:29', '2021-06-12 20:35:29', NULL),
(999, 3, 636, 552, '2021-06-12 20:35:29', '2021-06-12 20:35:29', NULL),
(1000, 1, 411, 53, '2021-06-12 20:35:29', '2021-06-12 20:35:29', NULL);

-- --------------------------------------------------------

--
-- Table structure for table `users`
--

CREATE TABLE `users` (
  `id` int(10) UNSIGNED NOT NULL,
  `name` varchar(191) COLLATE utf8mb4_unicode_ci NOT NULL,
  `email` varchar(191) COLLATE utf8mb4_unicode_ci NOT NULL,
  `password` varchar(191) COLLATE utf8mb4_unicode_ci NOT NULL,
  `remember_token` varchar(100) COLLATE utf8mb4_unicode_ci DEFAULT NULL,
  `verified` varchar(191) COLLATE utf8mb4_unicode_ci NOT NULL DEFAULT '0',
  `verification_token` varchar(191) COLLATE utf8mb4_unicode_ci DEFAULT NULL,
  `admin` varchar(191) COLLATE utf8mb4_unicode_ci NOT NULL DEFAULT 'false',
  `created_at` timestamp NULL DEFAULT NULL,
  `updated_at` timestamp NULL DEFAULT NULL,
  `deleted_at` timestamp NULL DEFAULT NULL
) ENGINE=InnoDB DEFAULT CHARSET=utf8mb4 COLLATE=utf8mb4_unicode_ci;

--
-- Dumping data for table `users`
--

INSERT INTO `users` (`id`, `name`, `email`, `password`, `remember_token`, `verified`, `verification_token`, `admin`, `created_at`, `updated_at`, `deleted_at`) VALUES
(1, 'dr. kyra donnelly iv', 'murphy.conn@example.org', '$2y$10$TKh8H1.PfQx37YgCzwiKb.KjNyWgaHb9cbcoQgdIVFlYg7B77UdFm', 'Txs85HaDMW', '0', 'rjsQ1Lu0Y4UD75Ts6c9NvmEV9GPVkRaShaVLJ84X', 'false', '2021-06-12 20:34:23', '2021-06-12 20:42:16', '2021-06-12 20:42:16'),
(2, 'percival mayert dds', 'cindy.swaniawski@example.com', '$2y$10$TKh8H1.PfQx37YgCzwiKb.KjNyWgaHb9cbcoQgdIVFlYg7B77UdFm', 'TQYM9D1cSA', '0', 'L8moSG3G6P04GiUpBfFZaQWIxVFTFzOZMhzYhISq', 'false', '2021-06-12 20:34:23', '2021-06-12 20:34:23', NULL),
(3, 'rosemary fahey', 'wellington06@example.org', '$2y$10$TKh8H1.PfQx37YgCzwiKb.KjNyWgaHb9cbcoQgdIVFlYg7B77UdFm', '4AVDnyj2DQ', '0', '2u6pIxRbU7M4xK48fPRLYB46DWG4aWEMWcRXYTCH', 'true', '2021-06-12 20:34:23', '2021-06-12 20:34:23', NULL),
(4, 'dillan tillman', 'cgrant@example.org', '$2y$10$TKh8H1.PfQx37YgCzwiKb.KjNyWgaHb9cbcoQgdIVFlYg7B77UdFm', '3IbDd5b6OK', '0', '8SfDVm0wNn16LMTDP6jf3NSwUz4edlOZVfDercdz', 'false', '2021-06-12 20:34:23', '2021-06-12 20:34:23', NULL),
(5, 'joy lynch', 'marion95@example.org', '$2y$10$TKh8H1.PfQx37YgCzwiKb.KjNyWgaHb9cbcoQgdIVFlYg7B77UdFm', 'LdD1LBjAHy', '0', '4jm12UenuEOP7zGdC22UkSdtEopYKHIsrRA1eZGE', 'false', '2021-06-12 20:34:23', '2021-06-12 20:34:23', NULL),
(6, 'mr. delbert konopelski iii', 'judd96@example.org', '$2y$10$TKh8H1.PfQx37YgCzwiKb.KjNyWgaHb9cbcoQgdIVFlYg7B77UdFm', 'G2ZsjttB0i', '1', NULL, 'false', '2021-06-12 20:34:23', '2021-06-12 20:34:23', NULL),
(7, 'mrs. melody deckow', 'cronin.ricardo@example.com', '$2y$10$TKh8H1.PfQx37YgCzwiKb.KjNyWgaHb9cbcoQgdIVFlYg7B77UdFm', 'Wqis3nQFAt', '0', 'QK7DaDMegF9ANYFOXKD4OHbQy4xrfBlKagP4w3SH', 'true', '2021-06-12 20:34:23', '2021-06-12 20:34:23', NULL),
(8, 'xavier gorczany', 'oreilly.garrett@example.org', '$2y$10$TKh8H1.PfQx37YgCzwiKb.KjNyWgaHb9cbcoQgdIVFlYg7B77UdFm', 'SHn8FR1EZP', '0', 'LSHdhOx7Vv5v6PRO2CzHDMr91gtYKz0G9VlAPjTx', 'false', '2021-06-12 20:34:23', '2021-06-12 20:34:23', NULL),
(9, 'ms. abigale jenkins dds', 'gonzalo.hintz@example.net', '$2y$10$TKh8H1.PfQx37YgCzwiKb.KjNyWgaHb9cbcoQgdIVFlYg7B77UdFm', 'bCLsYJaCq6', '1', NULL, 'true', '2021-06-12 20:34:23', '2021-06-12 20:34:23', NULL),
(10, 'adalberto langworth', 'jaquan.barrows@example.net', '$2y$10$TKh8H1.PfQx37YgCzwiKb.KjNyWgaHb9cbcoQgdIVFlYg7B77UdFm', 'VyTeUKCZFB', '0', 'kTmpgWUhLxwijJbxNgOHYh921hu6nmw5CEVwKj8N', 'true', '2021-06-12 20:34:23', '2021-06-12 20:34:23', NULL),
(11, 'prof. freddy toy iii', 'vidal.cartwright@example.net', '$2y$10$TKh8H1.PfQx37YgCzwiKb.KjNyWgaHb9cbcoQgdIVFlYg7B77UdFm', 'qQyPZKhKoe', '0', 'WLHcTmH2Mk7YhMrVZ72JeqhkQIWNkGmyUfRO4KTv', 'true', '2021-06-12 20:34:23', '2021-06-12 20:34:23', NULL),
(12, 'benton hessel', 'frankie34@example.com', '$2y$10$TKh8H1.PfQx37YgCzwiKb.KjNyWgaHb9cbcoQgdIVFlYg7B77UdFm', 'CByYcW8VtU', '0', 'CuaOuEIudyaCHa9dyyd0jCKXk9R13zdGAXYkto9J', 'false', '2021-06-12 20:34:23', '2021-06-12 20:34:23', NULL),
(13, 'nils veum', 'medhurst.dorcas@example.com', '$2y$10$TKh8H1.PfQx37YgCzwiKb.KjNyWgaHb9cbcoQgdIVFlYg7B77UdFm', 'r7N5SgNYRi', '1', NULL, 'false', '2021-06-12 20:34:23', '2021-06-12 20:34:23', NULL),
(14, 'mr. lonny russel phd', 'annalise.spencer@example.net', '$2y$10$TKh8H1.PfQx37YgCzwiKb.KjNyWgaHb9cbcoQgdIVFlYg7B77UdFm', 'QJ6xSg8iTz', '1', NULL, 'true', '2021-06-12 20:34:23', '2021-06-12 20:34:23', NULL),
(15, 'dr. anthony mitchell', 'tbecker@example.net', '$2y$10$TKh8H1.PfQx37YgCzwiKb.KjNyWgaHb9cbcoQgdIVFlYg7B77UdFm', 'XkHoglo68W', '0', 'yV9xX4X6CoAvIb2cCIdHn0sPEBvWaq8S56BUqSOy', 'false', '2021-06-12 20:34:23', '2021-06-12 20:34:23', NULL),
(16, 'curtis kshlerin dds', 'hquitzon@example.org', '$2y$10$TKh8H1.PfQx37YgCzwiKb.KjNyWgaHb9cbcoQgdIVFlYg7B77UdFm', 'AVp6Q2mRPe', '0', 'QDmnTMkzYL3lMM3IBphvj9YF3qnwJxG1MkFUVe8Y', 'false', '2021-06-12 20:34:23', '2021-06-12 20:34:23', NULL),
(17, 'ophelia feil', 'koss.jermain@example.com', '$2y$10$TKh8H1.PfQx37YgCzwiKb.KjNyWgaHb9cbcoQgdIVFlYg7B77UdFm', 'sjvOJtMzBE', '1', NULL, 'false', '2021-06-12 20:34:23', '2021-06-12 20:34:23', NULL),
(18, 'kayleigh bernier ii', 'zula48@example.net', '$2y$10$TKh8H1.PfQx37YgCzwiKb.KjNyWgaHb9cbcoQgdIVFlYg7B77UdFm', 'JEZRzUhDgc', '1', NULL, 'true', '2021-06-12 20:34:23', '2021-06-12 20:34:23', NULL),
(19, 'noel mckenzie', 'stephania.hammes@example.net', '$2y$10$TKh8H1.PfQx37YgCzwiKb.KjNyWgaHb9cbcoQgdIVFlYg7B77UdFm', 'IDv69qTTpO', '1', NULL, 'false', '2021-06-12 20:34:23', '2021-06-12 20:34:23', NULL),
(20, 'mr. nelson lubowitz', 'ufranecki@example.org', '$2y$10$TKh8H1.PfQx37YgCzwiKb.KjNyWgaHb9cbcoQgdIVFlYg7B77UdFm', 'QlYTzlLivy', '0', '6xcpCvG1gIOyLwwq9f4oFIzu9UYoUhG4zFogLIZd', 'true', '2021-06-12 20:34:23', '2021-06-12 20:34:23', NULL),
(21, 'dewitt bednar', 'abshire.annie@example.com', '$2y$10$TKh8H1.PfQx37YgCzwiKb.KjNyWgaHb9cbcoQgdIVFlYg7B77UdFm', '2blEUPJMkE', '0', 'delyT3p79EKZAWRWfXthsC1hycsuDclUBmgBpYB5', 'true', '2021-06-12 20:34:23', '2021-06-12 20:34:23', NULL),
(22, 'dr. orion d\'amore', 'celestine28@example.net', '$2y$10$TKh8H1.PfQx37YgCzwiKb.KjNyWgaHb9cbcoQgdIVFlYg7B77UdFm', 'yuO6FrLaIk', '0', 'K91vwx2ZVIUxhGQSWZaOM6e6qOwAzdsvmYRWennh', 'false', '2021-06-12 20:34:23', '2021-06-12 20:34:23', NULL),
(23, 'jewel mohr', 'alison05@example.net', '$2y$10$TKh8H1.PfQx37YgCzwiKb.KjNyWgaHb9cbcoQgdIVFlYg7B77UdFm', 'A8M7wcWmpy', '1', NULL, 'true', '2021-06-12 20:34:23', '2021-06-12 20:34:23', NULL),
(24, 'dr. romaine howe', 'wilhelmine.bradtke@example.org', '$2y$10$TKh8H1.PfQx37YgCzwiKb.KjNyWgaHb9cbcoQgdIVFlYg7B77UdFm', 'eezyQlNzk4', '0', 'k7tvJlB0DbZG15sLYblCkU1s02VjQHvC0kq1Ib0G', 'false', '2021-06-12 20:34:23', '2021-06-12 20:34:23', NULL),
(25, 'sydnee hermiston', 'dixie19@example.org', '$2y$10$TKh8H1.PfQx37YgCzwiKb.KjNyWgaHb9cbcoQgdIVFlYg7B77UdFm', '256MxCbkHp', '0', '57S4nRWCMTNSubshNqP8d7sbidobwWOCXqE5VN4l', 'true', '2021-06-12 20:34:23', '2021-06-12 20:34:23', NULL),
(26, 'addie thompson', 'lowe.eldred@example.net', '$2y$10$TKh8H1.PfQx37YgCzwiKb.KjNyWgaHb9cbcoQgdIVFlYg7B77UdFm', 'GTnibIPiM8', '0', 'GCvimmyueiSv06hT4WJISsG3ic8t2AWHRrHGjuiS', 'true', '2021-06-12 20:34:23', '2021-06-12 20:34:23', NULL),
(27, 'dr. deshawn hilpert jr.', 'christina.kemmer@example.org', '$2y$10$TKh8H1.PfQx37YgCzwiKb.KjNyWgaHb9cbcoQgdIVFlYg7B77UdFm', 'JOHAY5P4Mt', '1', NULL, 'false', '2021-06-12 20:34:23', '2021-06-12 20:34:23', NULL),
(28, 'tania aufderhar sr.', 'langosh.ewell@example.net', '$2y$10$TKh8H1.PfQx37YgCzwiKb.KjNyWgaHb9cbcoQgdIVFlYg7B77UdFm', 'yFo6ry4xQs', '1', NULL, 'true', '2021-06-12 20:34:23', '2021-06-12 20:34:23', NULL),
(29, 'corrine murray md', 'axel48@example.org', '$2y$10$TKh8H1.PfQx37YgCzwiKb.KjNyWgaHb9cbcoQgdIVFlYg7B77UdFm', 'fLOEvqv6bi', '1', NULL, 'false', '2021-06-12 20:34:23', '2021-06-12 20:34:23', NULL),
(30, 'rosalyn o\'reilly', 'cortez.morar@example.org', '$2y$10$TKh8H1.PfQx37YgCzwiKb.KjNyWgaHb9cbcoQgdIVFlYg7B77UdFm', 'ypGC4gBWzs', '1', NULL, 'false', '2021-06-12 20:34:23', '2021-06-12 20:34:23', NULL),
(31, 'robyn lesch', 'wdibbert@example.net', '$2y$10$TKh8H1.PfQx37YgCzwiKb.KjNyWgaHb9cbcoQgdIVFlYg7B77UdFm', 'DSWmIuamyj', '0', '1b7lpJH6qYvOzXvlB9IOafD70gVTR4mazRBSQMa4', 'false', '2021-06-12 20:34:23', '2021-06-12 20:34:23', NULL),
(32, 'samara jerde dds', 'lea39@example.com', '$2y$10$TKh8H1.PfQx37YgCzwiKb.KjNyWgaHb9cbcoQgdIVFlYg7B77UdFm', '0bxipITm6y', '0', '8VnjJVnVa0t8zLnMYsb8nUTQrgyWZq340HgiskGD', 'false', '2021-06-12 20:34:23', '2021-06-12 20:34:23', NULL),
(33, 'prof. mellie wehner', 'fay.lonie@example.org', '$2y$10$TKh8H1.PfQx37YgCzwiKb.KjNyWgaHb9cbcoQgdIVFlYg7B77UdFm', 'iTGMjPXRA2', '0', 'vHxAqLEhYpemWaoxiWeGv0cOQlBuPDYfmWp4WZBy', 'true', '2021-06-12 20:34:23', '2021-06-12 20:34:23', NULL),
(34, 'dr. kenneth ernser', 'yessenia67@example.org', '$2y$10$TKh8H1.PfQx37YgCzwiKb.KjNyWgaHb9cbcoQgdIVFlYg7B77UdFm', 'WgN76RumhB', '1', NULL, 'true', '2021-06-12 20:34:23', '2021-06-12 20:34:23', NULL),
(35, 'alexandre howell', 'adolphus39@example.net', '$2y$10$TKh8H1.PfQx37YgCzwiKb.KjNyWgaHb9cbcoQgdIVFlYg7B77UdFm', 'BorfCkMIFc', '0', 'WrKG9N6DvkPbguesomb1MITAVYKnYCUsL9vO0Dvi', 'true', '2021-06-12 20:34:23', '2021-06-12 20:34:23', NULL),
(36, 'erich barton i', 'lemuel.macejkovic@example.org', '$2y$10$TKh8H1.PfQx37YgCzwiKb.KjNyWgaHb9cbcoQgdIVFlYg7B77UdFm', 'Xh9PBfhCjk', '1', NULL, 'false', '2021-06-12 20:34:23', '2021-06-12 20:34:23', NULL),
(37, 'rudy daniel', 'wschmitt@example.net', '$2y$10$TKh8H1.PfQx37YgCzwiKb.KjNyWgaHb9cbcoQgdIVFlYg7B77UdFm', 'cZhssVgWne', '0', '6KA6vlUcuTQqPAfWNzfI2D7etL4NsMbNgyOKIjKG', 'true', '2021-06-12 20:34:23', '2021-06-12 20:34:23', NULL),
(38, 'salvador emmerich', 'rusty.gerlach@example.com', '$2y$10$TKh8H1.PfQx37YgCzwiKb.KjNyWgaHb9cbcoQgdIVFlYg7B77UdFm', 'X1sg0EgJEb', '0', 'SIKRsiq8P2Pk0uP1r5XPGd2sfo9rQuuwrE3MNkKS', 'true', '2021-06-12 20:34:23', '2021-06-12 20:34:23', NULL),
(39, 'nova upton', 'rjenkins@example.com', '$2y$10$TKh8H1.PfQx37YgCzwiKb.KjNyWgaHb9cbcoQgdIVFlYg7B77UdFm', 'aPVJy8fypD', '0', 'iIFB781QhNaU7uvb8scRCfuITTxUAvPWjD1sSglS', 'false', '2021-06-12 20:34:23', '2021-06-12 20:34:23', NULL),
(40, 'mr. mikel mckenzie', 'rosina39@example.org', '$2y$10$TKh8H1.PfQx37YgCzwiKb.KjNyWgaHb9cbcoQgdIVFlYg7B77UdFm', 'NQI3KxXusc', '1', NULL, 'true', '2021-06-12 20:34:23', '2021-06-12 20:34:23', NULL),
(41, 'jaylen quitzon', 'kaden70@example.net', '$2y$10$TKh8H1.PfQx37YgCzwiKb.KjNyWgaHb9cbcoQgdIVFlYg7B77UdFm', 'lDKRq0MIhb', '0', 'bMzI2Mal8Ds7WZXNPbcj3dKSVpA6hm7IKNocF2ss', 'true', '2021-06-12 20:34:23', '2021-06-12 20:34:23', NULL),
(42, 'dr. modesto koch v', 'conn.brooks@example.com', '$2y$10$TKh8H1.PfQx37YgCzwiKb.KjNyWgaHb9cbcoQgdIVFlYg7B77UdFm', 'ptbFcMNjes', '1', NULL, 'true', '2021-06-12 20:34:23', '2021-06-12 20:34:23', NULL),
(43, 'rosalee kuhic', 'jabshire@example.com', '$2y$10$TKh8H1.PfQx37YgCzwiKb.KjNyWgaHb9cbcoQgdIVFlYg7B77UdFm', 'SlZA2mUMGz', '1', NULL, 'true', '2021-06-12 20:34:23', '2021-06-12 20:34:23', NULL),
(44, 'mr. branson cruickshank', 'daniella58@example.com', '$2y$10$TKh8H1.PfQx37YgCzwiKb.KjNyWgaHb9cbcoQgdIVFlYg7B77UdFm', '7h4YEKIQLm', '1', NULL, 'true', '2021-06-12 20:34:23', '2021-06-12 20:34:23', NULL),
(45, 'ms. brionna schumm', 'ullrich.susan@example.com', '$2y$10$TKh8H1.PfQx37YgCzwiKb.KjNyWgaHb9cbcoQgdIVFlYg7B77UdFm', 'Rj8UgVbAV0', '0', 'mwtvEcGgfide14WtY5vCzaG9hGu1zEZ2DMI7Vjr8', 'true', '2021-06-12 20:34:23', '2021-06-12 20:34:23', NULL),
(46, 'nannie stark i', 'rey.homenick@example.com', '$2y$10$TKh8H1.PfQx37YgCzwiKb.KjNyWgaHb9cbcoQgdIVFlYg7B77UdFm', 'jDPpz9iXn1', '0', 'oA4Hu9BtiAd3yJKlSVD4EkFLgV5XdBdkG2YNCtRr', 'false', '2021-06-12 20:34:23', '2021-06-12 20:34:23', NULL),
(47, 'elwyn davis', 'kuhlman.augustus@example.org', '$2y$10$TKh8H1.PfQx37YgCzwiKb.KjNyWgaHb9cbcoQgdIVFlYg7B77UdFm', '78MFGqdNik', '0', 'aeL3CzUr4JjijhvsAmXUgylphTqgugNIUaZz4Ble', 'false', '2021-06-12 20:34:23', '2021-06-12 20:34:23', NULL),
(48, 'ms. susanna hill ii', 'oreichert@example.net', '$2y$10$TKh8H1.PfQx37YgCzwiKb.KjNyWgaHb9cbcoQgdIVFlYg7B77UdFm', 'OLEps7rzeY', '0', 'eOkV5H4O6GtVRk93izUdroWDfWwE38mzAIbqpd3T', 'true', '2021-06-12 20:34:23', '2021-06-12 20:34:23', NULL),
(49, 'alvina windler i', 'mara.donnelly@example.com', '$2y$10$TKh8H1.PfQx37YgCzwiKb.KjNyWgaHb9cbcoQgdIVFlYg7B77UdFm', 'fu1jChcxxs', '1', NULL, 'false', '2021-06-12 20:34:23', '2021-06-12 20:34:23', NULL),
(50, 'edwina williamson', 'verda.breitenberg@example.net', '$2y$10$TKh8H1.PfQx37YgCzwiKb.KjNyWgaHb9cbcoQgdIVFlYg7B77UdFm', 'CRk7j1rhZh', '1', NULL, 'false', '2021-06-12 20:34:23', '2021-06-12 20:34:23', NULL),
(51, 'corine williamson jr.', 'meghan11@example.com', '$2y$10$TKh8H1.PfQx37YgCzwiKb.KjNyWgaHb9cbcoQgdIVFlYg7B77UdFm', '6F23HQtpLq', '0', 'VPPaO8lmT6pDduM4cdH3I1LRFxEX37KKGABNFS9f', 'false', '2021-06-12 20:34:23', '2021-06-12 20:34:23', NULL),
(52, 'dr. angus walsh', 'wgoyette@example.com', '$2y$10$TKh8H1.PfQx37YgCzwiKb.KjNyWgaHb9cbcoQgdIVFlYg7B77UdFm', 'vLfCD7WmEY', '0', '49Gl6kagjw9Kxl9BHl997VLpW25O9Gad4nbiBU0H', 'false', '2021-06-12 20:34:23', '2021-06-12 20:34:23', NULL),
(53, 'fannie dickinson jr.', 'nparisian@example.org', '$2y$10$TKh8H1.PfQx37YgCzwiKb.KjNyWgaHb9cbcoQgdIVFlYg7B77UdFm', 'awzIAQQm9l', '0', 'BV6t4etlXkjJKhmy9yLm5kaj1j7WQBqo2pstzug9', 'true', '2021-06-12 20:34:23', '2021-06-12 20:34:23', NULL),
(54, 'izabella rowe', 'bashirian.evans@example.org', '$2y$10$TKh8H1.PfQx37YgCzwiKb.KjNyWgaHb9cbcoQgdIVFlYg7B77UdFm', 'Cv6xP2cnp3', '1', NULL, 'true', '2021-06-12 20:34:23', '2021-06-12 20:34:23', NULL),
(55, 'korey hills', 'iking@example.org', '$2y$10$TKh8H1.PfQx37YgCzwiKb.KjNyWgaHb9cbcoQgdIVFlYg7B77UdFm', 'dd3zAdPyLx', '1', NULL, 'true', '2021-06-12 20:34:23', '2021-06-12 20:34:23', NULL),
(56, 'kaleb torp', 'arturo70@example.com', '$2y$10$TKh8H1.PfQx37YgCzwiKb.KjNyWgaHb9cbcoQgdIVFlYg7B77UdFm', 'X2vTppapb9', '0', 'gO86uwB5HqmWll1Tvk8k0c9tHfyWZ3MWSFqjnj5b', 'true', '2021-06-12 20:34:23', '2021-06-12 20:34:23', NULL),
(57, 'mr. geovanni schaefer', 'salvatore01@example.com', '$2y$10$TKh8H1.PfQx37YgCzwiKb.KjNyWgaHb9cbcoQgdIVFlYg7B77UdFm', 'ASVGnOC3KW', '0', 'daGV0CToo6EwCPbHKCMdrNGfsgumy089fADbjRX4', 'false', '2021-06-12 20:34:23', '2021-06-12 20:34:23', NULL),
(58, 'holden shields', 'prohaska.rebekah@example.com', '$2y$10$TKh8H1.PfQx37YgCzwiKb.KjNyWgaHb9cbcoQgdIVFlYg7B77UdFm', '62SQASo6HY', '0', 'G8OPiYHIcZ57LwbYJRBH3pGeYwXbW2h3nZqi5U4h', 'false', '2021-06-12 20:34:23', '2021-06-12 20:34:23', NULL),
(59, 'marcia sipes', 'dangelo07@example.net', '$2y$10$TKh8H1.PfQx37YgCzwiKb.KjNyWgaHb9cbcoQgdIVFlYg7B77UdFm', 'pjHSRzxA97', '0', 'FKW5MjMtFyZ3aQkwjM99F6YOPfFMUO0eBwR7Yz5l', 'true', '2021-06-12 20:34:23', '2021-06-12 20:34:23', NULL),
(60, 'lucius kirlin', 'torey99@example.com', '$2y$10$TKh8H1.PfQx37YgCzwiKb.KjNyWgaHb9cbcoQgdIVFlYg7B77UdFm', 'WdOc74ng3v', '0', 'pi4uzUVbNIkQXPQnkSvqC58l1u06xA9kiKbKsYKm', 'false', '2021-06-12 20:34:23', '2021-06-12 20:34:23', NULL),
(61, 'mr. abdiel schulist dvm', 'champlin.wilhelm@example.org', '$2y$10$TKh8H1.PfQx37YgCzwiKb.KjNyWgaHb9cbcoQgdIVFlYg7B77UdFm', '4j0lchPrjA', '0', 'HgaNtRnqXVE9RJu2O32ZX232nutiWrg0Ao0sHU7C', 'true', '2021-06-12 20:34:23', '2021-06-12 20:34:23', NULL),
(62, 'chadd kerluke', 'josianne71@example.com', '$2y$10$TKh8H1.PfQx37YgCzwiKb.KjNyWgaHb9cbcoQgdIVFlYg7B77UdFm', 'CIKabkFoun', '0', 'a2ItfW6eJOHoQOMuIVitg5hx9423rzR68ykd9XA5', 'true', '2021-06-12 20:34:23', '2021-06-12 20:34:23', NULL),
(63, 'zora nader', 'ekiehn@example.org', '$2y$10$TKh8H1.PfQx37YgCzwiKb.KjNyWgaHb9cbcoQgdIVFlYg7B77UdFm', 'Y7otpRSX5R', '0', '9HWTRDjqf0IkHFaeJ99ta7rkGejizwX7kgTtsg24', 'true', '2021-06-12 20:34:23', '2021-06-12 20:34:23', NULL),
(64, 'miss beaulah treutel dds', 'kendra28@example.org', '$2y$10$TKh8H1.PfQx37YgCzwiKb.KjNyWgaHb9cbcoQgdIVFlYg7B77UdFm', 'drELvTWAuI', '0', 'B9XjJiTBLd0RkIajYND8GfcSCOwxzzsshSBuuPA2', 'false', '2021-06-12 20:34:23', '2021-06-12 20:34:23', NULL),
(65, 'juliana kilback', 'stanton.vladimir@example.net', '$2y$10$TKh8H1.PfQx37YgCzwiKb.KjNyWgaHb9cbcoQgdIVFlYg7B77UdFm', 'Ux5r6kjqDm', '0', '0wfL1OWIa5I2xIXkz9hgConB16djq5w993iPGd3K', 'true', '2021-06-12 20:34:23', '2021-06-12 20:34:23', NULL),
(66, 'mrs. elsie fay dds', 'ngusikowski@example.com', '$2y$10$TKh8H1.PfQx37YgCzwiKb.KjNyWgaHb9cbcoQgdIVFlYg7B77UdFm', 'pV7sKM2c4B', '0', 'A9DABy4Y7Rvf2IxsZofhliIgKaN3kZmdJOTSXeym', 'true', '2021-06-12 20:34:23', '2021-06-12 20:34:23', NULL),
(67, 'laury dicki', 'einar.kohler@example.com', '$2y$10$TKh8H1.PfQx37YgCzwiKb.KjNyWgaHb9cbcoQgdIVFlYg7B77UdFm', 'A04pGqdou0', '0', 'wqdduKx5iEIEnbY3eL4Uq8VcHTbraAKAv6w8CXRz', 'false', '2021-06-12 20:34:23', '2021-06-12 20:34:23', NULL),
(68, 'moriah osinski', 'macie58@example.org', '$2y$10$TKh8H1.PfQx37YgCzwiKb.KjNyWgaHb9cbcoQgdIVFlYg7B77UdFm', 'Ia2aPWd6Tk', '0', 'nfNlpIuYy0vzvoGF6RXc6du69J90cCdfu3IJSFCC', 'false', '2021-06-12 20:34:23', '2021-06-12 20:34:23', NULL),
(69, 'felix doyle', 'rylee42@example.com', '$2y$10$TKh8H1.PfQx37YgCzwiKb.KjNyWgaHb9cbcoQgdIVFlYg7B77UdFm', 'Q5xNnNgHZM', '1', NULL, 'false', '2021-06-12 20:34:23', '2021-06-12 20:34:23', NULL),
(70, 'elijah fisher', 'xmcdermott@example.net', '$2y$10$TKh8H1.PfQx37YgCzwiKb.KjNyWgaHb9cbcoQgdIVFlYg7B77UdFm', 'tGA71FTWvU', '1', NULL, 'false', '2021-06-12 20:34:23', '2021-06-12 20:34:23', NULL),
(71, 'ernie vandervort', 'stroman.harry@example.net', '$2y$10$TKh8H1.PfQx37YgCzwiKb.KjNyWgaHb9cbcoQgdIVFlYg7B77UdFm', 'BOwFivXE9d', '0', 'QYmG0mdXxyZdd6fgyTzpxcMdrA1XFrgjZeAjKhEH', 'false', '2021-06-12 20:34:23', '2021-06-12 20:34:23', NULL),
(72, 'rhianna morissette', 'adolphus.hilpert@example.com', '$2y$10$TKh8H1.PfQx37YgCzwiKb.KjNyWgaHb9cbcoQgdIVFlYg7B77UdFm', 'X4pGTyY42Q', '1', NULL, 'false', '2021-06-12 20:34:23', '2021-06-12 20:34:23', NULL),
(73, 'darren kreiger', 'ularkin@example.org', '$2y$10$TKh8H1.PfQx37YgCzwiKb.KjNyWgaHb9cbcoQgdIVFlYg7B77UdFm', 'i6FfJm0ikS', '0', 'O1t6cyv8ux6nkgkUsBZGAwjkcgj53Kfbf7SOOMDL', 'false', '2021-06-12 20:34:23', '2021-06-12 20:34:23', NULL),
(74, 'prof. flo hamill v', 'shyann11@example.net', '$2y$10$TKh8H1.PfQx37YgCzwiKb.KjNyWgaHb9cbcoQgdIVFlYg7B77UdFm', 'nIBloA2mZK', '0', 'Xwdgm2ddaKTODD7GJ4uAUE6I6KJNXoxIlKGw8Sy9', 'true', '2021-06-12 20:34:23', '2021-06-12 20:34:23', NULL),
(75, 'gina heller ii', 'schulist.kevin@example.com', '$2y$10$TKh8H1.PfQx37YgCzwiKb.KjNyWgaHb9cbcoQgdIVFlYg7B77UdFm', 'vO95gMg1KH', '1', NULL, 'false', '2021-06-12 20:34:23', '2021-06-12 20:34:23', NULL),
(76, 'dr. blair waelchi', 'joanne.greenfelder@example.com', '$2y$10$TKh8H1.PfQx37YgCzwiKb.KjNyWgaHb9cbcoQgdIVFlYg7B77UdFm', 'HmhuyHLOQo', '0', 'YO32jAu0drtL1ekV0Mp4EX8JTtNRYvYSYid9x9DJ', 'false', '2021-06-12 20:34:23', '2021-06-12 20:34:23', NULL),
(77, 'mrs. pearl hayes', 'rath.dax@example.net', '$2y$10$TKh8H1.PfQx37YgCzwiKb.KjNyWgaHb9cbcoQgdIVFlYg7B77UdFm', 'pde5N00iLM', '0', 'x21eATuykBfJULoRzhBtqAuNv68wbxeLDVwQEwCx', 'false', '2021-06-12 20:34:23', '2021-06-12 20:34:23', NULL),
(78, 'amelia hermann', 'ibechtelar@example.com', '$2y$10$TKh8H1.PfQx37YgCzwiKb.KjNyWgaHb9cbcoQgdIVFlYg7B77UdFm', 'RnsIrQpwP0', '0', 'FdztMaO14Yfsn6Xlvsk65H5e87w0XpwiTQFsTDZT', 'false', '2021-06-12 20:34:23', '2021-06-12 20:34:23', NULL),
(79, 'lazaro ratke', 'jones.clementina@example.com', '$2y$10$TKh8H1.PfQx37YgCzwiKb.KjNyWgaHb9cbcoQgdIVFlYg7B77UdFm', '4JS9JleE9s', '0', 'wdkt0rLwgyNNPA0162VGrMb3L5ebYUHODKu9L2Uw', 'false', '2021-06-12 20:34:23', '2021-06-12 20:34:23', NULL),
(80, 'mrs. nellie hane iii', 'ghoppe@example.com', '$2y$10$TKh8H1.PfQx37YgCzwiKb.KjNyWgaHb9cbcoQgdIVFlYg7B77UdFm', 'UIahBw2YxH', '0', 'VcbM7LJuviCq0MXmx7sXjEmnOzhhz6tNCozmD4HZ', 'false', '2021-06-12 20:34:23', '2021-06-12 20:34:23', NULL),
(81, 'elaina pagac', 'watsica.marley@example.com', '$2y$10$TKh8H1.PfQx37YgCzwiKb.KjNyWgaHb9cbcoQgdIVFlYg7B77UdFm', 'tQXVGjpUP7', '1', NULL, 'false', '2021-06-12 20:34:23', '2021-06-12 20:34:23', NULL),
(82, 'freida herman', 'vquitzon@example.org', '$2y$10$TKh8H1.PfQx37YgCzwiKb.KjNyWgaHb9cbcoQgdIVFlYg7B77UdFm', '4Iasmlpj8Z', '1', NULL, 'true', '2021-06-12 20:34:23', '2021-06-12 20:34:23', NULL),
(83, 'joana deckow', 'merlin50@example.net', '$2y$10$TKh8H1.PfQx37YgCzwiKb.KjNyWgaHb9cbcoQgdIVFlYg7B77UdFm', 'XV9rGqxcIc', '0', '0QPyhHBeG8rRL9Ep3GyLEW0wQP8HicwR8LIr2GOI', 'true', '2021-06-12 20:34:23', '2021-06-12 20:34:23', NULL),
(84, 'shayna franecki', 'alayna39@example.net', '$2y$10$TKh8H1.PfQx37YgCzwiKb.KjNyWgaHb9cbcoQgdIVFlYg7B77UdFm', 'cGvtLhSh9g', '1', NULL, 'true', '2021-06-12 20:34:23', '2021-06-12 20:34:23', NULL),
(85, 'noelia macejkovic', 'thiel.jaylin@example.com', '$2y$10$TKh8H1.PfQx37YgCzwiKb.KjNyWgaHb9cbcoQgdIVFlYg7B77UdFm', 'lN0SRaq8L8', '0', 'ggjo9tZoE3DkstRmAJd5hPElo9BBIQXAVb86Ypq8', 'false', '2021-06-12 20:34:23', '2021-06-12 20:34:23', NULL),
(86, 'hipolito bartell dds', 'rmayert@example.net', '$2y$10$TKh8H1.PfQx37YgCzwiKb.KjNyWgaHb9cbcoQgdIVFlYg7B77UdFm', 'rYMOiBqhZv', '0', 'CXpWcGdiCN2PWKUetT8TU8Ajk4MnBUfxnhrXO8x3', 'false', '2021-06-12 20:34:23', '2021-06-12 20:34:23', NULL),
(87, 'zachariah zemlak', 'rowe.lue@example.com', '$2y$10$TKh8H1.PfQx37YgCzwiKb.KjNyWgaHb9cbcoQgdIVFlYg7B77UdFm', 'o9wCUBLwLA', '1', NULL, 'false', '2021-06-12 20:34:23', '2021-06-12 20:34:23', NULL),
(88, 'katlynn nicolas', 'leone03@example.com', '$2y$10$TKh8H1.PfQx37YgCzwiKb.KjNyWgaHb9cbcoQgdIVFlYg7B77UdFm', 'HjZ4xXnZzR', '0', 'njyyyVbsW8JBs26tSq8WAvj8Ngh37YkUr4r7bA63', 'true', '2021-06-12 20:34:23', '2021-06-12 20:34:23', NULL),
(89, 'uriah quigley iv', 'dorn@example.com', '$2y$10$TKh8H1.PfQx37YgCzwiKb.KjNyWgaHb9cbcoQgdIVFlYg7B77UdFm', 'F9Hwe4qWzT', '0', 'xAggEVAUJgyFkrRHqgFgfNQ43yhZbDI9hWuC3mM4', 'false', '2021-06-12 20:34:23', '2021-06-12 20:34:23', NULL),
(90, 'dr. cordell willms i', 'cbaumbach@example.org', '$2y$10$TKh8H1.PfQx37YgCzwiKb.KjNyWgaHb9cbcoQgdIVFlYg7B77UdFm', '8S9Skx7tRi', '1', NULL, 'true', '2021-06-12 20:34:23', '2021-06-12 20:34:23', NULL),
(91, 'patience cummings dvm', 'mueller.jaclyn@example.org', '$2y$10$TKh8H1.PfQx37YgCzwiKb.KjNyWgaHb9cbcoQgdIVFlYg7B77UdFm', 'RlyBqBtXas', '1', NULL, 'true', '2021-06-12 20:34:23', '2021-06-12 20:34:23', NULL),
(92, 'sydney reichert dvm', 'bruce.runolfsson@example.com', '$2y$10$TKh8H1.PfQx37YgCzwiKb.KjNyWgaHb9cbcoQgdIVFlYg7B77UdFm', 'NE39Rz0Y9Z', '0', 'dyoSVuwBHlKBhnOofwllMkL0mg1gn3g2GhHNry2u', 'true', '2021-06-12 20:34:23', '2021-06-12 20:34:23', NULL),
(93, 'kristy anderson', 'mary87@example.org', '$2y$10$TKh8H1.PfQx37YgCzwiKb.KjNyWgaHb9cbcoQgdIVFlYg7B77UdFm', 'F5rEPqVsT6', '1', NULL, 'false', '2021-06-12 20:34:23', '2021-06-12 20:34:23', NULL),
(94, 'prof. dayana cremin jr.', 'umante@example.org', '$2y$10$TKh8H1.PfQx37YgCzwiKb.KjNyWgaHb9cbcoQgdIVFlYg7B77UdFm', 'MKHYO5Ukiy', '1', NULL, 'false', '2021-06-12 20:34:23', '2021-06-12 20:34:23', NULL),
(95, 'talia denesik', 'orn.vickie@example.com', '$2y$10$TKh8H1.PfQx37YgCzwiKb.KjNyWgaHb9cbcoQgdIVFlYg7B77UdFm', '2zXxklEiSO', '0', '2hVom39izPygjAOHVcNEApzA4NP2TE03FNuozpvv', 'true', '2021-06-12 20:34:23', '2021-06-12 20:34:23', NULL),
(96, 'torrey lebsack', 'isac.gusikowski@example.net', '$2y$10$TKh8H1.PfQx37YgCzwiKb.KjNyWgaHb9cbcoQgdIVFlYg7B77UdFm', 'IGFnBCwvvl', '0', 'NImILKqB7kHtzKwxhb2EvgikddmNurS7ftYDL1EY', 'false', '2021-06-12 20:34:23', '2021-06-12 20:34:23', NULL),
(97, 'kendra wolff ii', 'kylee.heidenreich@example.com', '$2y$10$TKh8H1.PfQx37YgCzwiKb.KjNyWgaHb9cbcoQgdIVFlYg7B77UdFm', 'ATaOXTfybu', '1', NULL, 'true', '2021-06-12 20:34:23', '2021-06-12 20:34:23', NULL),
(98, 'melba hirthe', 'isatterfield@example.com', '$2y$10$TKh8H1.PfQx37YgCzwiKb.KjNyWgaHb9cbcoQgdIVFlYg7B77UdFm', 'am8d99A2M6', '1', NULL, 'true', '2021-06-12 20:34:23', '2021-06-12 20:34:23', NULL),
(99, 'prof. jennings mcglynn v', 'mccullough.mustafa@example.org', '$2y$10$TKh8H1.PfQx37YgCzwiKb.KjNyWgaHb9cbcoQgdIVFlYg7B77UdFm', 'jVmFXt97ae', '0', 'p46Kr5nKKtrLAxhJuibiNdIYCsvHf1jSEAaFwR5m', 'true', '2021-06-12 20:34:23', '2021-06-12 20:34:23', NULL),
(100, 'mr. armani sipes dds', 'shill@example.com', '$2y$10$TKh8H1.PfQx37YgCzwiKb.KjNyWgaHb9cbcoQgdIVFlYg7B77UdFm', 'H7clR0Grkb', '1', NULL, 'true', '2021-06-12 20:34:23', '2021-06-12 20:34:23', NULL),
(101, 'juvenal greenholt', 'kohler.rosalyn@example.org', '$2y$10$TKh8H1.PfQx37YgCzwiKb.KjNyWgaHb9cbcoQgdIVFlYg7B77UdFm', 'pSul7hsuMC', '0', 'XbFiN9YXnmaU56y9OgMWcaBN2Ll07efoCJnQ9X8C', 'true', '2021-06-12 20:34:23', '2021-06-12 20:34:23', NULL),
(102, 'wilbert mills', 'hdickinson@example.com', '$2y$10$TKh8H1.PfQx37YgCzwiKb.KjNyWgaHb9cbcoQgdIVFlYg7B77UdFm', '9qHZTVX61E', '1', NULL, 'true', '2021-06-12 20:34:23', '2021-06-12 20:34:23', NULL),
(103, 'prof. alvis schinner md', 'andreanne32@example.org', '$2y$10$TKh8H1.PfQx37YgCzwiKb.KjNyWgaHb9cbcoQgdIVFlYg7B77UdFm', 'P3j2aQYLY0', '0', 'uVqAO2is3GMYv4ei0AUHXgdwmnJ80SLuIg5yXB5G', 'true', '2021-06-12 20:34:23', '2021-06-12 20:34:23', NULL),
(104, 'arvilla lubowitz iv', 'xstracke@example.com', '$2y$10$TKh8H1.PfQx37YgCzwiKb.KjNyWgaHb9cbcoQgdIVFlYg7B77UdFm', 'pFOdqWtVEW', '0', 'db9fd8NrjIllfOCWwfUvkP9RVh3NFkxReJsUWwcB', 'true', '2021-06-12 20:34:23', '2021-06-12 20:34:23', NULL),
(105, 'mya buckridge', 'freddy.predovic@example.net', '$2y$10$TKh8H1.PfQx37YgCzwiKb.KjNyWgaHb9cbcoQgdIVFlYg7B77UdFm', 'ePkrEUwlpv', '0', 'Ap9VeRoXiLlntDJqjspiggfqlMaGNduJbrbR3Tcu', 'true', '2021-06-12 20:34:23', '2021-06-12 20:34:23', NULL),
(106, 'jaylan jacobi sr.', 'xmorar@example.org', '$2y$10$TKh8H1.PfQx37YgCzwiKb.KjNyWgaHb9cbcoQgdIVFlYg7B77UdFm', 'soePBlyiw8', '1', NULL, 'false', '2021-06-12 20:34:23', '2021-06-12 20:34:23', NULL),
(107, 'thea haag', 'hope.bednar@example.org', '$2y$10$TKh8H1.PfQx37YgCzwiKb.KjNyWgaHb9cbcoQgdIVFlYg7B77UdFm', 'PAB3LzJIGu', '0', 'moye0eTLw8sUgdl8dFKGrHeBZJgmB2DISuXkJyQ1', 'true', '2021-06-12 20:34:23', '2021-06-12 20:34:23', NULL),
(108, 'dr. katherine durgan', 'shermiston@example.org', '$2y$10$TKh8H1.PfQx37YgCzwiKb.KjNyWgaHb9cbcoQgdIVFlYg7B77UdFm', 'kfdYKTvzfs', '0', 'FkUL9OpCtYgqqAfJLLF54xzjT7WJHsaC98bqzPcW', 'false', '2021-06-12 20:34:23', '2021-06-12 20:34:23', NULL),
(109, 'miss shanny kohler jr.', 'brekke.taya@example.net', '$2y$10$TKh8H1.PfQx37YgCzwiKb.KjNyWgaHb9cbcoQgdIVFlYg7B77UdFm', '5f9GmHNkf7', '1', NULL, 'false', '2021-06-12 20:34:23', '2021-06-12 20:34:23', NULL),
(110, 'garnett heaney', 'braeden.carroll@example.com', '$2y$10$TKh8H1.PfQx37YgCzwiKb.KjNyWgaHb9cbcoQgdIVFlYg7B77UdFm', 'Q87AeQLBQY', '1', NULL, 'true', '2021-06-12 20:34:23', '2021-06-12 20:34:23', NULL),
(111, 'ms. adah davis', 'hrogahn@example.net', '$2y$10$TKh8H1.PfQx37YgCzwiKb.KjNyWgaHb9cbcoQgdIVFlYg7B77UdFm', 'dnexPkb2iu', '1', NULL, 'true', '2021-06-12 20:34:23', '2021-06-12 20:34:23', NULL),
(112, 'kenyatta morissette', 'oreilly.verdie@example.org', '$2y$10$TKh8H1.PfQx37YgCzwiKb.KjNyWgaHb9cbcoQgdIVFlYg7B77UdFm', '6zdL0fnNd5', '1', NULL, 'false', '2021-06-12 20:34:23', '2021-06-12 20:34:23', NULL),
(113, 'sydney metz', 'baumbach.marlen@example.org', '$2y$10$TKh8H1.PfQx37YgCzwiKb.KjNyWgaHb9cbcoQgdIVFlYg7B77UdFm', '4oXerp2Gwb', '0', 'fHF7LS7fGUJp7W3RJ2DI2UPomY4b5GCn49nfMggp', 'false', '2021-06-12 20:34:23', '2021-06-12 20:34:23', NULL),
(114, 'trevor fahey', 'schoen.erin@example.com', '$2y$10$TKh8H1.PfQx37YgCzwiKb.KjNyWgaHb9cbcoQgdIVFlYg7B77UdFm', 'SPdXiIL4L1', '1', NULL, 'false', '2021-06-12 20:34:23', '2021-06-12 20:34:23', NULL),
(115, 'prof. theodore kreiger', 'mike42@example.org', '$2y$10$TKh8H1.PfQx37YgCzwiKb.KjNyWgaHb9cbcoQgdIVFlYg7B77UdFm', 'hB1wbieK8S', '1', NULL, 'false', '2021-06-12 20:34:23', '2021-06-12 20:34:23', NULL),
(116, 'prof. jayne kilback', 'camryn.schulist@example.org', '$2y$10$TKh8H1.PfQx37YgCzwiKb.KjNyWgaHb9cbcoQgdIVFlYg7B77UdFm', '1q3gLXzEvd', '1', NULL, 'true', '2021-06-12 20:34:23', '2021-06-12 20:34:23', NULL),
(117, 'mafalda cronin', 'hamill.khalil@example.com', '$2y$10$TKh8H1.PfQx37YgCzwiKb.KjNyWgaHb9cbcoQgdIVFlYg7B77UdFm', 'FwyRJpLXrD', '1', NULL, 'false', '2021-06-12 20:34:23', '2021-06-12 20:34:23', NULL),
(118, 'tavares schuster', 'linda.konopelski@example.net', '$2y$10$TKh8H1.PfQx37YgCzwiKb.KjNyWgaHb9cbcoQgdIVFlYg7B77UdFm', 'XDcnyhf3ua', '1', NULL, 'false', '2021-06-12 20:34:23', '2021-06-12 20:34:23', NULL),
(119, 'dr. junius swaniawski', 'rdaugherty@example.org', '$2y$10$TKh8H1.PfQx37YgCzwiKb.KjNyWgaHb9cbcoQgdIVFlYg7B77UdFm', 'tzQt9XN2U0', '0', 'oTJzL6GEsAsMqQbSPvEK3qudfZsdQlQpjZ5J7kqq', 'false', '2021-06-12 20:34:23', '2021-06-12 20:34:23', NULL),
(120, 'stacy schamberger', 'jkiehn@example.com', '$2y$10$TKh8H1.PfQx37YgCzwiKb.KjNyWgaHb9cbcoQgdIVFlYg7B77UdFm', 'f5XvjYzgRH', '0', 'yUB6VNKvZZZoEQ0rowjVgTQZi86brAZ210V0oWPM', 'false', '2021-06-12 20:34:23', '2021-06-12 20:34:23', NULL),
(121, 'cassidy okuneva', 'bins.marcelle@example.net', '$2y$10$TKh8H1.PfQx37YgCzwiKb.KjNyWgaHb9cbcoQgdIVFlYg7B77UdFm', 'lyie2xaTQ9', '1', NULL, 'true', '2021-06-12 20:34:23', '2021-06-12 20:34:23', NULL),
(122, 'prof. genoveva fahey', 'baby.hyatt@example.org', '$2y$10$TKh8H1.PfQx37YgCzwiKb.KjNyWgaHb9cbcoQgdIVFlYg7B77UdFm', '50NjH2SeQy', '0', 'ASpp8ocCJA1dQyuXEg0RRqoy6yHXE8GTx1e3J0EZ', 'false', '2021-06-12 20:34:23', '2021-06-12 20:34:23', NULL),
(123, 'phyllis d\'amore', 'mraz.coy@example.net', '$2y$10$TKh8H1.PfQx37YgCzwiKb.KjNyWgaHb9cbcoQgdIVFlYg7B77UdFm', 'OgaOkutsu3', '0', 'OrzqbU9LeGghzJiSyjSU08ZdZ05cBHnEwqEZFvWf', 'false', '2021-06-12 20:34:24', '2021-06-12 20:34:24', NULL),
(124, 'dr. ansel hansen dds', 'murphy12@example.com', '$2y$10$TKh8H1.PfQx37YgCzwiKb.KjNyWgaHb9cbcoQgdIVFlYg7B77UdFm', 'k9ZSeg1oXB', '0', 'gd0DxXwQZObOmvc4wZNpVFVXwPd0q8p74OJt7mRB', 'true', '2021-06-12 20:34:24', '2021-06-12 20:34:24', NULL),
(125, 'petra schmidt', 'conn.thora@example.com', '$2y$10$TKh8H1.PfQx37YgCzwiKb.KjNyWgaHb9cbcoQgdIVFlYg7B77UdFm', 'YtUgFBHjTG', '1', NULL, 'false', '2021-06-12 20:34:24', '2021-06-12 20:34:24', NULL),
(126, 'prof. jermain bernier ii', 'xryan@example.net', '$2y$10$TKh8H1.PfQx37YgCzwiKb.KjNyWgaHb9cbcoQgdIVFlYg7B77UdFm', '6BNRCQg3hY', '0', 'qjYNg7kbP5XfE3GJe8FcxEFpfs4EEG11IS6fTeIN', 'false', '2021-06-12 20:34:24', '2021-06-12 20:34:24', NULL),
(127, 'alana ratke', 'vicente18@example.net', '$2y$10$TKh8H1.PfQx37YgCzwiKb.KjNyWgaHb9cbcoQgdIVFlYg7B77UdFm', 'qGW4OrcmHU', '1', NULL, 'true', '2021-06-12 20:34:24', '2021-06-12 20:34:24', NULL),
(128, 'caesar medhurst', 'gutkowski.barbara@example.org', '$2y$10$TKh8H1.PfQx37YgCzwiKb.KjNyWgaHb9cbcoQgdIVFlYg7B77UdFm', 'oWGLWK6129', '1', NULL, 'false', '2021-06-12 20:34:24', '2021-06-12 20:34:24', NULL),
(129, 'santino hamill sr.', 'halie45@example.org', '$2y$10$TKh8H1.PfQx37YgCzwiKb.KjNyWgaHb9cbcoQgdIVFlYg7B77UdFm', '0NgfQcNS6V', '0', 'b3B22U7w4omz3HuxWMmkfwGzkNfspM4we5EdCi8x', 'true', '2021-06-12 20:34:24', '2021-06-12 20:34:24', NULL),
(130, 'jameson hagenes', 'bridgette.baumbach@example.com', '$2y$10$TKh8H1.PfQx37YgCzwiKb.KjNyWgaHb9cbcoQgdIVFlYg7B77UdFm', 'cCUjPMQIqp', '0', 'cN0TcNkoscWkfAFs6KHeuaCECh5ZhHJWnROmzHgf', 'false', '2021-06-12 20:34:24', '2021-06-12 20:34:24', NULL),
(131, 'jimmie hintz', 'kristian81@example.net', '$2y$10$TKh8H1.PfQx37YgCzwiKb.KjNyWgaHb9cbcoQgdIVFlYg7B77UdFm', 'E5Wew8O0rO', '0', 's8Tifa8cFTifq5bYT1rKiY4KrOrhTKez1xofHYhS', 'true', '2021-06-12 20:34:24', '2021-06-12 20:34:24', NULL),
(132, 'deanna kessler', 'ufunk@example.com', '$2y$10$TKh8H1.PfQx37YgCzwiKb.KjNyWgaHb9cbcoQgdIVFlYg7B77UdFm', '4oZjLFYYsN', '0', 'A1LmbPDp8F2WbqMikoi1JXkkMseyfxxM4dnIpew9', 'true', '2021-06-12 20:34:24', '2021-06-12 20:34:24', NULL),
(133, 'cecelia paucek', 'hodkiewicz.octavia@example.org', '$2y$10$TKh8H1.PfQx37YgCzwiKb.KjNyWgaHb9cbcoQgdIVFlYg7B77UdFm', 'E6fFSc3wz1', '1', NULL, 'false', '2021-06-12 20:34:24', '2021-06-12 20:34:24', NULL),
(134, 'kaleb bins', 'dgoyette@example.com', '$2y$10$TKh8H1.PfQx37YgCzwiKb.KjNyWgaHb9cbcoQgdIVFlYg7B77UdFm', 'jqqiYhsQU4', '1', NULL, 'true', '2021-06-12 20:34:24', '2021-06-12 20:34:24', NULL),
(135, 'kory lindgren', 'mzieme@example.org', '$2y$10$TKh8H1.PfQx37YgCzwiKb.KjNyWgaHb9cbcoQgdIVFlYg7B77UdFm', 'AD8ArAGjv7', '1', NULL, 'true', '2021-06-12 20:34:24', '2021-06-12 20:34:24', NULL),
(136, 'dr. raymundo shields iii', 'magdalen.roberts@example.org', '$2y$10$TKh8H1.PfQx37YgCzwiKb.KjNyWgaHb9cbcoQgdIVFlYg7B77UdFm', 'SxaeSZb45d', '1', NULL, 'true', '2021-06-12 20:34:24', '2021-06-12 20:34:24', NULL),
(137, 'ottis bruen', 'iswaniawski@example.org', '$2y$10$TKh8H1.PfQx37YgCzwiKb.KjNyWgaHb9cbcoQgdIVFlYg7B77UdFm', 'sbFVaNUDGh', '0', 'kggY3AJ8v6f7DuaYzq9iDvtPi8BsJVwkxxp9ZOYW', 'true', '2021-06-12 20:34:24', '2021-06-12 20:34:24', NULL),
(138, 'brandi wilkinson', 'zemlak.benjamin@example.com', '$2y$10$TKh8H1.PfQx37YgCzwiKb.KjNyWgaHb9cbcoQgdIVFlYg7B77UdFm', 'cDeeTwUSX0', '1', NULL, 'true', '2021-06-12 20:34:24', '2021-06-12 20:34:24', NULL),
(139, 'hilda denesik', 'ulangosh@example.com', '$2y$10$TKh8H1.PfQx37YgCzwiKb.KjNyWgaHb9cbcoQgdIVFlYg7B77UdFm', 'FdVSj8sdd8', '1', NULL, 'false', '2021-06-12 20:34:24', '2021-06-12 20:34:24', NULL),
(140, 'trevor prohaska', 'cicero58@example.net', '$2y$10$TKh8H1.PfQx37YgCzwiKb.KjNyWgaHb9cbcoQgdIVFlYg7B77UdFm', 'vlH308eQWd', '0', 'wQZtrvSepTb5kfnoRBQPjzk8YCjtrPaxd350olFO', 'true', '2021-06-12 20:34:24', '2021-06-12 20:34:24', NULL),
(141, 'ms. jackie schmeler', 'kertzmann.ellis@example.org', '$2y$10$TKh8H1.PfQx37YgCzwiKb.KjNyWgaHb9cbcoQgdIVFlYg7B77UdFm', 'GLEJNG9ZP6', '0', 'w1o9Wm3hyzcAixVqnrItHZthQY1H0hpg0VyRjOZG', 'false', '2021-06-12 20:34:24', '2021-06-12 20:34:24', NULL),
(142, 'thelma kassulke', 'greichert@example.org', '$2y$10$TKh8H1.PfQx37YgCzwiKb.KjNyWgaHb9cbcoQgdIVFlYg7B77UdFm', 'ezno9rgVW4', '0', 'lN8gU5JmArgZkAuNmRDkYnxoSFyeXcQ1c0rl7npC', 'false', '2021-06-12 20:34:24', '2021-06-12 20:34:24', NULL),
(143, 'mr. grayson wyman', 'wellington08@example.net', '$2y$10$TKh8H1.PfQx37YgCzwiKb.KjNyWgaHb9cbcoQgdIVFlYg7B77UdFm', 'SmB0OGp1qu', '1', NULL, 'true', '2021-06-12 20:34:24', '2021-06-12 20:34:24', NULL),
(144, 'camden moore', 'tharvey@example.org', '$2y$10$TKh8H1.PfQx37YgCzwiKb.KjNyWgaHb9cbcoQgdIVFlYg7B77UdFm', 'gk9jK4NdC9', '1', NULL, 'true', '2021-06-12 20:34:24', '2021-06-12 20:34:24', NULL),
(145, 'prof. ignacio stoltenberg i', 'beier.ansel@example.com', '$2y$10$TKh8H1.PfQx37YgCzwiKb.KjNyWgaHb9cbcoQgdIVFlYg7B77UdFm', 'lb5y0WnXwn', '0', 'cCeqo7PxIP13T0w0pU3k1ZjmuG5rE68YwqpQbJNQ', 'false', '2021-06-12 20:34:24', '2021-06-12 20:34:24', NULL),
(146, 'elinor becker', 'tavares.stoltenberg@example.net', '$2y$10$TKh8H1.PfQx37YgCzwiKb.KjNyWgaHb9cbcoQgdIVFlYg7B77UdFm', 'WTXdTmR4lw', '1', NULL, 'false', '2021-06-12 20:34:24', '2021-06-12 20:34:24', NULL),
(147, 'dr. margarita kiehn', 'yhickle@example.org', '$2y$10$TKh8H1.PfQx37YgCzwiKb.KjNyWgaHb9cbcoQgdIVFlYg7B77UdFm', 'Mbn96LlCkz', '0', 'L1sTuX9y85o5BeyM2NlLjEqDdwxaVF5kiEOltwAb', 'true', '2021-06-12 20:34:24', '2021-06-12 20:34:24', NULL),
(148, 'mortimer bruen', 'abshire.boyd@example.net', '$2y$10$TKh8H1.PfQx37YgCzwiKb.KjNyWgaHb9cbcoQgdIVFlYg7B77UdFm', 'iUIz0sa8Rw', '0', 'VSJo1ua2H0iJkfsFywFOOkyrkGnQuqXGiOGFy440', 'true', '2021-06-12 20:34:24', '2021-06-12 20:34:24', NULL),
(149, 'demond stamm iv', 'ricky76@example.org', '$2y$10$TKh8H1.PfQx37YgCzwiKb.KjNyWgaHb9cbcoQgdIVFlYg7B77UdFm', 'xJkYkMz2Fq', '1', NULL, 'false', '2021-06-12 20:34:24', '2021-06-12 20:34:24', NULL),
(150, 'lenora brekke', 'zora.mills@example.com', '$2y$10$TKh8H1.PfQx37YgCzwiKb.KjNyWgaHb9cbcoQgdIVFlYg7B77UdFm', 'wa7VT5THXi', '0', '4mMjXBu03cxRdBXqpaQbJP1y4A8N8J2w43mbKcKp', 'true', '2021-06-12 20:34:24', '2021-06-12 20:34:24', NULL),
(151, 'summer lebsack', 'vokuneva@example.net', '$2y$10$TKh8H1.PfQx37YgCzwiKb.KjNyWgaHb9cbcoQgdIVFlYg7B77UdFm', 'R4KsXSA9Ry', '0', 'zoaL9xkVSV1BaIb8rlW7HhpWll6iobrUueUwBdjp', 'true', '2021-06-12 20:34:24', '2021-06-12 20:34:24', NULL),
(152, 'brice jacobson dds', 'derrick36@example.com', '$2y$10$TKh8H1.PfQx37YgCzwiKb.KjNyWgaHb9cbcoQgdIVFlYg7B77UdFm', 'PaNsbCZEqI', '1', NULL, 'false', '2021-06-12 20:34:24', '2021-06-12 20:34:24', NULL),
(153, 'ms. jaunita nolan', 'norene54@example.com', '$2y$10$TKh8H1.PfQx37YgCzwiKb.KjNyWgaHb9cbcoQgdIVFlYg7B77UdFm', 'isispJe6UL', '1', NULL, 'true', '2021-06-12 20:34:24', '2021-06-12 20:34:24', NULL),
(154, 'houston hoppe', 'alvera90@example.net', '$2y$10$TKh8H1.PfQx37YgCzwiKb.KjNyWgaHb9cbcoQgdIVFlYg7B77UdFm', 'y3dcq557uF', '1', NULL, 'false', '2021-06-12 20:34:24', '2021-06-12 20:34:24', NULL),
(155, 'mr. sedrick nader dvm', 'shana.greenfelder@example.org', '$2y$10$TKh8H1.PfQx37YgCzwiKb.KjNyWgaHb9cbcoQgdIVFlYg7B77UdFm', 'RzMG9xL7UE', '1', NULL, 'false', '2021-06-12 20:34:24', '2021-06-12 20:34:24', NULL),
(156, 'prof. miles carter', 'grimes.alisa@example.org', '$2y$10$TKh8H1.PfQx37YgCzwiKb.KjNyWgaHb9cbcoQgdIVFlYg7B77UdFm', 'I6f2JFTcvw', '0', 'xf37wn0vdmVWUxrJt6VZxXHyLWNkq7Soaju7H0rE', 'false', '2021-06-12 20:34:24', '2021-06-12 20:34:24', NULL),
(157, 'kariane cremin', 'plangosh@example.com', '$2y$10$TKh8H1.PfQx37YgCzwiKb.KjNyWgaHb9cbcoQgdIVFlYg7B77UdFm', 'gGsIUHISUF', '0', 'e02aMKTqMI5vCQoLA8BLPRyHbVUYbP5FicFxxo8j', 'true', '2021-06-12 20:34:24', '2021-06-12 20:34:24', NULL),
(158, 'axel buckridge', 'tgaylord@example.com', '$2y$10$TKh8H1.PfQx37YgCzwiKb.KjNyWgaHb9cbcoQgdIVFlYg7B77UdFm', 'DfvcMDm3ED', '1', NULL, 'true', '2021-06-12 20:34:24', '2021-06-12 20:34:24', NULL),
(159, 'ollie morar jr.', 'rfeil@example.net', '$2y$10$TKh8H1.PfQx37YgCzwiKb.KjNyWgaHb9cbcoQgdIVFlYg7B77UdFm', 'v1nU7L2Aux', '0', 'YKnwCQcxZ0GU2FQfMDksyEcD4COTHAl02kmWorDj', 'true', '2021-06-12 20:34:24', '2021-06-12 20:34:24', NULL),
(160, 'dr. augustine lindgren', 'schumm.jacky@example.net', '$2y$10$TKh8H1.PfQx37YgCzwiKb.KjNyWgaHb9cbcoQgdIVFlYg7B77UdFm', 'LO5mHrce3P', '1', NULL, 'true', '2021-06-12 20:34:24', '2021-06-12 20:34:24', NULL),
(161, 'dr. dorcas farrell', 'bergstrom.keely@example.org', '$2y$10$TKh8H1.PfQx37YgCzwiKb.KjNyWgaHb9cbcoQgdIVFlYg7B77UdFm', '2FykZri5Fl', '0', 'LhdhdI6mmiomNIdm3eN37wWIOutIQKi4puQOqcef', 'false', '2021-06-12 20:34:24', '2021-06-12 20:34:24', NULL),
(162, 'jarred stroman', 'keaton.kiehn@example.org', '$2y$10$TKh8H1.PfQx37YgCzwiKb.KjNyWgaHb9cbcoQgdIVFlYg7B77UdFm', 'vGu1iuP7df', '1', NULL, 'true', '2021-06-12 20:34:24', '2021-06-12 20:34:24', NULL),
(163, 'ms. luz bayer', 'dallin23@example.net', '$2y$10$TKh8H1.PfQx37YgCzwiKb.KjNyWgaHb9cbcoQgdIVFlYg7B77UdFm', '35taXvgOML', '0', '4ND6kyUbuetYh5W7kHbYrlAVDoXPF7O8xMujN1XD', 'false', '2021-06-12 20:34:24', '2021-06-12 20:34:24', NULL),
(164, 'dr. jakob toy md', 'candelario.fadel@example.com', '$2y$10$TKh8H1.PfQx37YgCzwiKb.KjNyWgaHb9cbcoQgdIVFlYg7B77UdFm', 'o9St3Pncqi', '0', 't8ngzLCnEkviIhrn3F4Kn4c4XOdhXODlIA557CNF', 'false', '2021-06-12 20:34:24', '2021-06-12 20:34:24', NULL),
(165, 'casandra gorczany iii', 'ncronin@example.net', '$2y$10$TKh8H1.PfQx37YgCzwiKb.KjNyWgaHb9cbcoQgdIVFlYg7B77UdFm', 'WISQ4bsW8Y', '1', NULL, 'false', '2021-06-12 20:34:24', '2021-06-12 20:34:24', NULL),
(166, 'jennyfer stamm', 'demario40@example.net', '$2y$10$TKh8H1.PfQx37YgCzwiKb.KjNyWgaHb9cbcoQgdIVFlYg7B77UdFm', 'YN96pF1cMO', '1', NULL, 'false', '2021-06-12 20:34:24', '2021-06-12 20:34:24', NULL),
(167, 'miss camilla schmitt', 'reilly.mayert@example.org', '$2y$10$TKh8H1.PfQx37YgCzwiKb.KjNyWgaHb9cbcoQgdIVFlYg7B77UdFm', 'Hm8MLQfpJA', '0', '7S8SMT4nJhVBM79q7UFgSFE8ogpMRYuya1Ti8zmu', 'true', '2021-06-12 20:34:24', '2021-06-12 20:34:24', NULL),
(168, 'jamar schultz phd', 'metz.eloy@example.net', '$2y$10$TKh8H1.PfQx37YgCzwiKb.KjNyWgaHb9cbcoQgdIVFlYg7B77UdFm', 'RWQMJ7Fe9U', '0', '1iXoN4K04u8mAkRV8UKbr6dhOADOKtB05vxUiSPm', 'false', '2021-06-12 20:34:24', '2021-06-12 20:34:24', NULL),
(169, 'yadira gerlach', 'sipes.jayda@example.net', '$2y$10$TKh8H1.PfQx37YgCzwiKb.KjNyWgaHb9cbcoQgdIVFlYg7B77UdFm', 'HM5tkr5n4p', '1', NULL, 'true', '2021-06-12 20:34:24', '2021-06-12 20:34:24', NULL),
(170, 'gracie leannon', 'dleuschke@example.com', '$2y$10$TKh8H1.PfQx37YgCzwiKb.KjNyWgaHb9cbcoQgdIVFlYg7B77UdFm', 'Zst79uTlfy', '1', NULL, 'false', '2021-06-12 20:34:24', '2021-06-12 20:34:24', NULL),
(171, 'ken leannon phd', 'whitney19@example.com', '$2y$10$TKh8H1.PfQx37YgCzwiKb.KjNyWgaHb9cbcoQgdIVFlYg7B77UdFm', 'X2NN8bLtjB', '1', NULL, 'true', '2021-06-12 20:34:24', '2021-06-12 20:34:24', NULL),
(172, 'stephon wuckert jr.', 'sean.tremblay@example.net', '$2y$10$TKh8H1.PfQx37YgCzwiKb.KjNyWgaHb9cbcoQgdIVFlYg7B77UdFm', 'HV0ybAKWBx', '0', 'WQVfUIKmpr0VXG4DOTaWXrmOgTKe208KpwH0XHMU', 'true', '2021-06-12 20:34:24', '2021-06-12 20:34:24', NULL),
(173, 'lazaro kohler', 'jhessel@example.net', '$2y$10$TKh8H1.PfQx37YgCzwiKb.KjNyWgaHb9cbcoQgdIVFlYg7B77UdFm', 'TzIunMd6Mm', '1', NULL, 'false', '2021-06-12 20:34:24', '2021-06-12 20:34:24', NULL),
(174, 'branson kulas', 'magdalen.brekke@example.org', '$2y$10$TKh8H1.PfQx37YgCzwiKb.KjNyWgaHb9cbcoQgdIVFlYg7B77UdFm', 'xkW96Hk919', '1', NULL, 'true', '2021-06-12 20:34:24', '2021-06-12 20:34:24', NULL),
(175, 'milan johns', 'tmraz@example.org', '$2y$10$TKh8H1.PfQx37YgCzwiKb.KjNyWgaHb9cbcoQgdIVFlYg7B77UdFm', 'Qts4JMxij8', '0', 'UXxKUs3dsosny6AZeKY2ahwAQgxyrV6xsyGOE1D1', 'true', '2021-06-12 20:34:24', '2021-06-12 20:34:24', NULL),
(176, 'leonor little', 'denesik.carolina@example.org', '$2y$10$TKh8H1.PfQx37YgCzwiKb.KjNyWgaHb9cbcoQgdIVFlYg7B77UdFm', 'TbL2fGwMla', '0', '4iZRTHcGBSdHKUnxCkVMVa5v98GW3vRWtgo0RdUv', 'true', '2021-06-12 20:34:24', '2021-06-12 20:34:24', NULL),
(177, 'lavada corwin', 'crona.bernhard@example.org', '$2y$10$TKh8H1.PfQx37YgCzwiKb.KjNyWgaHb9cbcoQgdIVFlYg7B77UdFm', 'zGg4wktEP6', '0', '1v9JjNlCaQcV7BLesfLY4yWVXhp0clUKHaW6wHF2', 'false', '2021-06-12 20:34:24', '2021-06-12 20:34:24', NULL),
(178, 'bernhard schimmel', 'bwolff@example.org', '$2y$10$TKh8H1.PfQx37YgCzwiKb.KjNyWgaHb9cbcoQgdIVFlYg7B77UdFm', 'nIo2Rus7Rw', '1', NULL, 'true', '2021-06-12 20:34:24', '2021-06-12 20:34:24', NULL),
(179, 'elenora swaniawski dvm', 'champlin.casimer@example.net', '$2y$10$TKh8H1.PfQx37YgCzwiKb.KjNyWgaHb9cbcoQgdIVFlYg7B77UdFm', 'MilsOwzkFz', '0', 's5D70BcQt0PffaNmkfUEO9G8wk8vdz6tp0lFQRxj', 'true', '2021-06-12 20:34:24', '2021-06-12 20:34:24', NULL),
(180, 'unique johnston', 'towne.diamond@example.org', '$2y$10$TKh8H1.PfQx37YgCzwiKb.KjNyWgaHb9cbcoQgdIVFlYg7B77UdFm', '7eweURgmWM', '1', NULL, 'true', '2021-06-12 20:34:24', '2021-06-12 20:34:24', NULL),
(181, 'ethyl pouros', 'witting.damien@example.net', '$2y$10$TKh8H1.PfQx37YgCzwiKb.KjNyWgaHb9cbcoQgdIVFlYg7B77UdFm', 'kIsatMGmps', '0', 'RUhmxCRiAoXBXfvaGzt7bw9571zFavjGbMzjAVZw', 'true', '2021-06-12 20:34:24', '2021-06-12 20:34:24', NULL),
(182, 'jacklyn ziemann', 'rickie62@example.com', '$2y$10$TKh8H1.PfQx37YgCzwiKb.KjNyWgaHb9cbcoQgdIVFlYg7B77UdFm', 'FX73ep1Wf2', '0', 'NBJfiwd1sL7mJ70gANFdzpuQq7jJX13XA2EOpSAp', 'false', '2021-06-12 20:34:24', '2021-06-12 20:34:24', NULL),
(183, 'alex robel dvm', 'raheem.kunze@example.net', '$2y$10$TKh8H1.PfQx37YgCzwiKb.KjNyWgaHb9cbcoQgdIVFlYg7B77UdFm', 'ETnBugPGMb', '1', NULL, 'true', '2021-06-12 20:34:24', '2021-06-12 20:34:24', NULL),
(184, 'daisha o\'reilly i', 'xdickinson@example.com', '$2y$10$TKh8H1.PfQx37YgCzwiKb.KjNyWgaHb9cbcoQgdIVFlYg7B77UdFm', 'ngx3UOBCXS', '0', 'WtlEzxCTJASh5C9FkNX0CucbgbOsRcYW1oOe6Q6A', 'false', '2021-06-12 20:34:24', '2021-06-12 20:34:24', NULL),
(185, 'hermina bechtelar', 'leopold08@example.net', '$2y$10$TKh8H1.PfQx37YgCzwiKb.KjNyWgaHb9cbcoQgdIVFlYg7B77UdFm', 'wedmWvVI9a', '0', 'kKsKtIUYcB1zMlnNfK1WB88DktjIbdBclB8zStuH', 'false', '2021-06-12 20:34:24', '2021-06-12 20:34:24', NULL),
(186, 'bettie conroy sr.', 'nitzsche.max@example.org', '$2y$10$TKh8H1.PfQx37YgCzwiKb.KjNyWgaHb9cbcoQgdIVFlYg7B77UdFm', '2zXJvd0V4B', '1', NULL, 'false', '2021-06-12 20:34:24', '2021-06-12 20:34:24', NULL),
(187, 'godfrey grady iii', 'howell.cheyenne@example.org', '$2y$10$TKh8H1.PfQx37YgCzwiKb.KjNyWgaHb9cbcoQgdIVFlYg7B77UdFm', 'wvuSrwsIMM', '1', NULL, 'true', '2021-06-12 20:34:24', '2021-06-12 20:34:24', NULL),
(188, 'yesenia lind', 'bridie.ondricka@example.net', '$2y$10$TKh8H1.PfQx37YgCzwiKb.KjNyWgaHb9cbcoQgdIVFlYg7B77UdFm', 'pe2mIpMBV1', '1', NULL, 'true', '2021-06-12 20:34:24', '2021-06-12 20:34:24', NULL),
(189, 'nannie schaden dvm', 'mkoepp@example.net', '$2y$10$TKh8H1.PfQx37YgCzwiKb.KjNyWgaHb9cbcoQgdIVFlYg7B77UdFm', 'ez8xILeK4C', '1', NULL, 'true', '2021-06-12 20:34:24', '2021-06-12 20:34:24', NULL),
(190, 'kamille beier', 'hildegard.keeling@example.net', '$2y$10$TKh8H1.PfQx37YgCzwiKb.KjNyWgaHb9cbcoQgdIVFlYg7B77UdFm', '8CYdPeYqZ8', '1', NULL, 'false', '2021-06-12 20:34:24', '2021-06-12 20:34:24', NULL),
(191, 'earl cremin', 'yhettinger@example.com', '$2y$10$TKh8H1.PfQx37YgCzwiKb.KjNyWgaHb9cbcoQgdIVFlYg7B77UdFm', '8JzVuy2Uut', '0', 'tBsKyqOSVAIVj1rBIrcma44jvGNOwUEeCUkWzagB', 'true', '2021-06-12 20:34:24', '2021-06-12 20:34:24', NULL),
(192, 'felton mertz md', 'misty.rau@example.org', '$2y$10$TKh8H1.PfQx37YgCzwiKb.KjNyWgaHb9cbcoQgdIVFlYg7B77UdFm', '7Yn52ySVmx', '1', NULL, 'false', '2021-06-12 20:34:24', '2021-06-12 20:34:24', NULL),
(193, 'jacques ziemann phd', 'sipes.claire@example.com', '$2y$10$TKh8H1.PfQx37YgCzwiKb.KjNyWgaHb9cbcoQgdIVFlYg7B77UdFm', 'EevwSr6L6w', '0', 'T3GlPEhiMXHgO5dpbyNYPeAIRZGBKb5Yh6bNzEL5', 'true', '2021-06-12 20:34:24', '2021-06-12 20:34:24', NULL),
(194, 'jeff simonis md', 'mohr.fredy@example.net', '$2y$10$TKh8H1.PfQx37YgCzwiKb.KjNyWgaHb9cbcoQgdIVFlYg7B77UdFm', 'Zrsa2ubjtc', '1', NULL, 'false', '2021-06-12 20:34:24', '2021-06-12 20:34:24', NULL),
(195, 'jayne mccullough iii', 'leilani98@example.com', '$2y$10$TKh8H1.PfQx37YgCzwiKb.KjNyWgaHb9cbcoQgdIVFlYg7B77UdFm', 'YgVWXasNdE', '0', 'gNmys5Wo0EOhaKSFBiuREH9QKJoKsSVO01ZVQdTc', 'false', '2021-06-12 20:34:24', '2021-06-12 20:34:24', NULL),
(196, 'matt langosh jr.', 'sporer.chesley@example.org', '$2y$10$TKh8H1.PfQx37YgCzwiKb.KjNyWgaHb9cbcoQgdIVFlYg7B77UdFm', 'g6sbY2cpJ4', '0', 'PVIqACXExCKtWFOtYy5hS7ceRZZCvztDxsnEgL1s', 'true', '2021-06-12 20:34:24', '2021-06-12 20:34:24', NULL),
(197, 'miss trudie kautzer dvm', 'stanford87@example.net', '$2y$10$TKh8H1.PfQx37YgCzwiKb.KjNyWgaHb9cbcoQgdIVFlYg7B77UdFm', 'VNn9wWFdIi', '0', 'UmVtgagJVg0kWhQVxrgPh3Y0SSHrsCdSJb6dON84', 'true', '2021-06-12 20:34:24', '2021-06-12 20:34:24', NULL),
(198, 'arvilla green', 'jaskolski.lamont@example.com', '$2y$10$TKh8H1.PfQx37YgCzwiKb.KjNyWgaHb9cbcoQgdIVFlYg7B77UdFm', 'vkEDp6ZyNW', '1', NULL, 'false', '2021-06-12 20:34:24', '2021-06-12 20:34:24', NULL),
(199, 'mr. kristoffer anderson', 'zoila.rath@example.com', '$2y$10$TKh8H1.PfQx37YgCzwiKb.KjNyWgaHb9cbcoQgdIVFlYg7B77UdFm', 'dp7BPwXsW6', '1', NULL, 'true', '2021-06-12 20:34:24', '2021-06-12 20:34:24', NULL),
(200, 'lexi berge', 'reilly.margarett@example.net', '$2y$10$TKh8H1.PfQx37YgCzwiKb.KjNyWgaHb9cbcoQgdIVFlYg7B77UdFm', 'gHavrk1npT', '1', NULL, 'false', '2021-06-12 20:34:24', '2021-06-12 20:34:24', NULL),
(201, 'dr. shana russel ii', 'hand.abner@example.org', '$2y$10$TKh8H1.PfQx37YgCzwiKb.KjNyWgaHb9cbcoQgdIVFlYg7B77UdFm', '7jDQryqe2s', '0', 'ZSAIuOCdnhsFdVLlXrLZpDxgRtk8SJY3IKzT6nK0', 'true', '2021-06-12 20:34:24', '2021-06-12 20:34:24', NULL),
(202, 'dr. armani veum', 'beatty.griffin@example.org', '$2y$10$TKh8H1.PfQx37YgCzwiKb.KjNyWgaHb9cbcoQgdIVFlYg7B77UdFm', 'q8Z1IbnCo7', '0', 't2YecRHs7iq3hS4S0GzqB9thLKi4LYGbWToIKVGQ', 'false', '2021-06-12 20:34:24', '2021-06-12 20:34:24', NULL),
(203, 'justine effertz', 'alan77@example.net', '$2y$10$TKh8H1.PfQx37YgCzwiKb.KjNyWgaHb9cbcoQgdIVFlYg7B77UdFm', 'zXva3d0c09', '1', NULL, 'false', '2021-06-12 20:34:24', '2021-06-12 20:34:24', NULL),
(204, 'earlene deckow', 'tito09@example.net', '$2y$10$TKh8H1.PfQx37YgCzwiKb.KjNyWgaHb9cbcoQgdIVFlYg7B77UdFm', 'MUqLLz9lZN', '1', NULL, 'false', '2021-06-12 20:34:24', '2021-06-12 20:34:24', NULL),
(205, 'maiya bernier', 'ollie.fadel@example.net', '$2y$10$TKh8H1.PfQx37YgCzwiKb.KjNyWgaHb9cbcoQgdIVFlYg7B77UdFm', 'KZWNFlZB7E', '1', NULL, 'true', '2021-06-12 20:34:24', '2021-06-12 20:34:24', NULL),
(206, 'mr. guiseppe schamberger', 'hill.elroy@example.org', '$2y$10$TKh8H1.PfQx37YgCzwiKb.KjNyWgaHb9cbcoQgdIVFlYg7B77UdFm', 'eVae4YXUtc', '1', NULL, 'false', '2021-06-12 20:34:24', '2021-06-12 20:34:24', NULL),
(207, 'sally murray', 'pasquale.reynolds@example.org', '$2y$10$TKh8H1.PfQx37YgCzwiKb.KjNyWgaHb9cbcoQgdIVFlYg7B77UdFm', 'krVNhxrtUA', '1', NULL, 'true', '2021-06-12 20:34:24', '2021-06-12 20:34:24', NULL),
(208, 'adrain kris', 'leila.turcotte@example.net', '$2y$10$TKh8H1.PfQx37YgCzwiKb.KjNyWgaHb9cbcoQgdIVFlYg7B77UdFm', 'f8TAXiRYNN', '0', 'aeFgMb6mGz4AYHRIxQIncjaImBl4ulvpkn1XbeOk', 'true', '2021-06-12 20:34:24', '2021-06-12 20:34:24', NULL),
(209, 'mozell jerde', 'stella64@example.net', '$2y$10$TKh8H1.PfQx37YgCzwiKb.KjNyWgaHb9cbcoQgdIVFlYg7B77UdFm', 'WalmA1Y3hG', '1', NULL, 'false', '2021-06-12 20:34:24', '2021-06-12 20:34:24', NULL),
(210, 'ellen bailey', 'kaitlin.terry@example.com', '$2y$10$TKh8H1.PfQx37YgCzwiKb.KjNyWgaHb9cbcoQgdIVFlYg7B77UdFm', 'k4eCLEkdkH', '1', NULL, 'false', '2021-06-12 20:34:24', '2021-06-12 20:34:24', NULL),
(211, 'mr. grover hayes', 'schaden.tyrell@example.org', '$2y$10$TKh8H1.PfQx37YgCzwiKb.KjNyWgaHb9cbcoQgdIVFlYg7B77UdFm', 'Iu9BbZyzTR', '0', '64mhVLRPdKtkyYpKi7t6oFM1cJJB3cEje5hqhumb', 'false', '2021-06-12 20:34:24', '2021-06-12 20:34:24', NULL),
(212, 'emiliano abshire', 'emie.hegmann@example.com', '$2y$10$TKh8H1.PfQx37YgCzwiKb.KjNyWgaHb9cbcoQgdIVFlYg7B77UdFm', 'CkJCqxpBpL', '1', NULL, 'false', '2021-06-12 20:34:24', '2021-06-12 20:34:24', NULL),
(213, 'prof. bertram boyle dds', 'heaney.christine@example.net', '$2y$10$TKh8H1.PfQx37YgCzwiKb.KjNyWgaHb9cbcoQgdIVFlYg7B77UdFm', 'cGK7LMFGjf', '0', 'Ny0YZ0ZjJ4WDlSpuvSEmrjJ2IXKTexTpqhLQDEAm', 'true', '2021-06-12 20:34:24', '2021-06-12 20:34:24', NULL),
(214, 'christop altenwerth', 'missouri.hoppe@example.net', '$2y$10$TKh8H1.PfQx37YgCzwiKb.KjNyWgaHb9cbcoQgdIVFlYg7B77UdFm', '40b1jHJ7Z1', '1', NULL, 'true', '2021-06-12 20:34:24', '2021-06-12 20:34:24', NULL),
(215, 'dr. ezekiel nikolaus', 'oconnelly@example.com', '$2y$10$TKh8H1.PfQx37YgCzwiKb.KjNyWgaHb9cbcoQgdIVFlYg7B77UdFm', '6M6wR9RNft', '1', NULL, 'true', '2021-06-12 20:34:24', '2021-06-12 20:34:24', NULL),
(216, 'christelle king', 'cgulgowski@example.net', '$2y$10$TKh8H1.PfQx37YgCzwiKb.KjNyWgaHb9cbcoQgdIVFlYg7B77UdFm', 'YMeaHcc9YM', '1', NULL, 'true', '2021-06-12 20:34:24', '2021-06-12 20:34:24', NULL),
(217, 'garret kemmer', 'wmcclure@example.org', '$2y$10$TKh8H1.PfQx37YgCzwiKb.KjNyWgaHb9cbcoQgdIVFlYg7B77UdFm', '3mQihLzV5L', '0', 'IdDHrK0vCNWbOIqaFqi125goQsOpKVGTWdwgQmjE', 'false', '2021-06-12 20:34:24', '2021-06-12 20:34:24', NULL),
(218, 'leda bogan', 'lela00@example.org', '$2y$10$TKh8H1.PfQx37YgCzwiKb.KjNyWgaHb9cbcoQgdIVFlYg7B77UdFm', 'zlouSdybAp', '0', 'jMLKfu7K287Q2Fk5j8VNFTHbQD40kV6cYd3Wdx8W', 'false', '2021-06-12 20:34:24', '2021-06-12 20:34:24', NULL),
(219, 'oran hessel', 'bettye.kohler@example.net', '$2y$10$TKh8H1.PfQx37YgCzwiKb.KjNyWgaHb9cbcoQgdIVFlYg7B77UdFm', 'FwX7Wtatum', '1', NULL, 'true', '2021-06-12 20:34:24', '2021-06-12 20:34:24', NULL),
(220, 'lonnie schuster', 'gabrielle35@example.com', '$2y$10$TKh8H1.PfQx37YgCzwiKb.KjNyWgaHb9cbcoQgdIVFlYg7B77UdFm', 'pJE8ENzadJ', '1', NULL, 'false', '2021-06-12 20:34:24', '2021-06-12 20:34:24', NULL),
(221, 'mr. noah denesik', 'sherwood44@example.net', '$2y$10$TKh8H1.PfQx37YgCzwiKb.KjNyWgaHb9cbcoQgdIVFlYg7B77UdFm', 'dSMMaRqCQb', '1', NULL, 'false', '2021-06-12 20:34:24', '2021-06-12 20:34:24', NULL),
(222, 'dr. kiera graham dvm', 'jkutch@example.com', '$2y$10$TKh8H1.PfQx37YgCzwiKb.KjNyWgaHb9cbcoQgdIVFlYg7B77UdFm', 'H1ftJu5pWW', '1', NULL, 'true', '2021-06-12 20:34:24', '2021-06-12 20:34:24', NULL),
(223, 'dr. pearlie steuber', 'hugh.gusikowski@example.org', '$2y$10$TKh8H1.PfQx37YgCzwiKb.KjNyWgaHb9cbcoQgdIVFlYg7B77UdFm', 'Yg6gkd6EAp', '0', 'g2H3MMxd12ktSTZxPRxpjOTQwRxyxnzMmxhj6OsD', 'false', '2021-06-12 20:34:24', '2021-06-12 20:34:24', NULL),
(224, 'bridget kuvalis', 'casimer63@example.com', '$2y$10$TKh8H1.PfQx37YgCzwiKb.KjNyWgaHb9cbcoQgdIVFlYg7B77UdFm', 'zZqlvyQJCG', '0', 'zDV1VurzrqMvW9NB0sdtkVdPeWpTKdfSxbkCoLcu', 'false', '2021-06-12 20:34:24', '2021-06-12 20:34:24', NULL),
(225, 'ms. eldridge batz dvm', 'sonia.glover@example.org', '$2y$10$TKh8H1.PfQx37YgCzwiKb.KjNyWgaHb9cbcoQgdIVFlYg7B77UdFm', 'mzX6plzC8w', '0', '1lRiyfqZLi2C7tShSRq1SKsl60SsPf8j6atYISX1', 'true', '2021-06-12 20:34:24', '2021-06-12 20:34:24', NULL);
INSERT INTO `users` (`id`, `name`, `email`, `password`, `remember_token`, `verified`, `verification_token`, `admin`, `created_at`, `updated_at`, `deleted_at`) VALUES
(226, 'roosevelt nienow', 'marjolaine.johnson@example.net', '$2y$10$TKh8H1.PfQx37YgCzwiKb.KjNyWgaHb9cbcoQgdIVFlYg7B77UdFm', 'JvYYdwvEpt', '1', NULL, 'true', '2021-06-12 20:34:24', '2021-06-12 20:34:24', NULL),
(227, 'ardella fahey', 'beer.viva@example.net', '$2y$10$TKh8H1.PfQx37YgCzwiKb.KjNyWgaHb9cbcoQgdIVFlYg7B77UdFm', 'ImquzOyPf6', '1', NULL, 'false', '2021-06-12 20:34:24', '2021-06-12 20:34:24', NULL),
(228, 'blanca leannon', 'igorczany@example.org', '$2y$10$TKh8H1.PfQx37YgCzwiKb.KjNyWgaHb9cbcoQgdIVFlYg7B77UdFm', 'VVwsDdC4Ya', '0', 'xAhK4umsxVE7GjMA4po2LEclqDdtxjxgUlaKaAoN', 'true', '2021-06-12 20:34:24', '2021-06-12 20:34:24', NULL),
(229, 'sean kerluke sr.', 'ygraham@example.org', '$2y$10$TKh8H1.PfQx37YgCzwiKb.KjNyWgaHb9cbcoQgdIVFlYg7B77UdFm', 'NjBSYqz3k4', '1', NULL, 'false', '2021-06-12 20:34:24', '2021-06-12 20:34:24', NULL),
(230, 'kennith skiles', 'denesik.nicolette@example.com', '$2y$10$TKh8H1.PfQx37YgCzwiKb.KjNyWgaHb9cbcoQgdIVFlYg7B77UdFm', 'CM1PeeQ9mh', '1', NULL, 'true', '2021-06-12 20:34:24', '2021-06-12 20:34:24', NULL),
(231, 'charles blick', 'joanny44@example.net', '$2y$10$TKh8H1.PfQx37YgCzwiKb.KjNyWgaHb9cbcoQgdIVFlYg7B77UdFm', 'NSbtsDmeng', '0', 'bmnNUHIc2xlrtB67KoPxRpIZJGkNKWFcatu85qJn', 'true', '2021-06-12 20:34:24', '2021-06-12 20:34:24', NULL),
(232, 'stephanie prohaska', 'ubeier@example.com', '$2y$10$TKh8H1.PfQx37YgCzwiKb.KjNyWgaHb9cbcoQgdIVFlYg7B77UdFm', 'VcEo4MWf4Z', '1', NULL, 'true', '2021-06-12 20:34:24', '2021-06-12 20:34:24', NULL),
(233, 'demario bradtke dds', 'zsmith@example.org', '$2y$10$TKh8H1.PfQx37YgCzwiKb.KjNyWgaHb9cbcoQgdIVFlYg7B77UdFm', 'T3Xzry0DqJ', '1', NULL, 'true', '2021-06-12 20:34:24', '2021-06-12 20:34:24', NULL),
(234, 'dr. leilani witting', 'mitchell80@example.com', '$2y$10$TKh8H1.PfQx37YgCzwiKb.KjNyWgaHb9cbcoQgdIVFlYg7B77UdFm', 'c4YLsSSL11', '0', 'hmVL5eTXW6yChPmeCR5ulqNdrKevqAC2FhegmJ9n', 'true', '2021-06-12 20:34:24', '2021-06-12 20:34:24', NULL),
(235, 'cleve schuster', 'calista.armstrong@example.net', '$2y$10$TKh8H1.PfQx37YgCzwiKb.KjNyWgaHb9cbcoQgdIVFlYg7B77UdFm', 'CiEsYZCvKt', '1', NULL, 'true', '2021-06-12 20:34:24', '2021-06-12 20:34:24', NULL),
(236, 'maryse vonrueden', 'twatsica@example.org', '$2y$10$TKh8H1.PfQx37YgCzwiKb.KjNyWgaHb9cbcoQgdIVFlYg7B77UdFm', 'LemxoHIYI6', '0', 'k2QsbtEg4aXwn56srjXkMaI3MMLu9FuCFDH9y9ZC', 'true', '2021-06-12 20:34:24', '2021-06-12 20:34:24', NULL),
(237, 'stone glover', 'wolff.juston@example.net', '$2y$10$TKh8H1.PfQx37YgCzwiKb.KjNyWgaHb9cbcoQgdIVFlYg7B77UdFm', 'OsO8NhCBJh', '0', 'Rl5TsqfesduoIeFehUNhbR2M0YOfffpbxZt3edRP', 'false', '2021-06-12 20:34:24', '2021-06-12 20:34:24', NULL),
(238, 'emilie eichmann phd', 'reichert.herbert@example.net', '$2y$10$TKh8H1.PfQx37YgCzwiKb.KjNyWgaHb9cbcoQgdIVFlYg7B77UdFm', 'Oito09bWOa', '0', 'cBYvm2UtHCEBmPJnZ104dr7c1fYGDpfboGj9vFFA', 'true', '2021-06-12 20:34:24', '2021-06-12 20:34:24', NULL),
(239, 'theo borer ii', 'deonte27@example.org', '$2y$10$TKh8H1.PfQx37YgCzwiKb.KjNyWgaHb9cbcoQgdIVFlYg7B77UdFm', 'sgBEUEar9U', '1', NULL, 'true', '2021-06-12 20:34:24', '2021-06-12 20:34:24', NULL),
(240, 'nola doyle', 'tmayert@example.com', '$2y$10$TKh8H1.PfQx37YgCzwiKb.KjNyWgaHb9cbcoQgdIVFlYg7B77UdFm', 'eplslgSGho', '1', NULL, 'false', '2021-06-12 20:34:24', '2021-06-12 20:34:24', NULL),
(241, 'jamarcus beahan', 'lempi.stoltenberg@example.com', '$2y$10$TKh8H1.PfQx37YgCzwiKb.KjNyWgaHb9cbcoQgdIVFlYg7B77UdFm', 'RECtX0yqPU', '1', NULL, 'false', '2021-06-12 20:34:24', '2021-06-12 20:34:24', NULL),
(242, 'rosalinda dooley', 'orrin81@example.net', '$2y$10$TKh8H1.PfQx37YgCzwiKb.KjNyWgaHb9cbcoQgdIVFlYg7B77UdFm', '6qqE6FcWNs', '0', 'UsHWYWXjpZnbeK5w8bpbA0CpTQoDxuNSuD2XnPqf', 'true', '2021-06-12 20:34:24', '2021-06-12 20:34:24', NULL),
(243, 'luciano jaskolski jr.', 'vaughn.halvorson@example.net', '$2y$10$TKh8H1.PfQx37YgCzwiKb.KjNyWgaHb9cbcoQgdIVFlYg7B77UdFm', 'JENXCnjXmG', '0', 'Dk361Ib628ebgL9gz6dmGTVy71MtY6oGiacEPZhA', 'false', '2021-06-12 20:34:24', '2021-06-12 20:34:24', NULL),
(244, 'prof. tyler heaney i', 'panderson@example.net', '$2y$10$TKh8H1.PfQx37YgCzwiKb.KjNyWgaHb9cbcoQgdIVFlYg7B77UdFm', 'xXieUjcihk', '0', 'DKn11zh0I4tRoyzaRjhEfsd9fpOOGoTYjOeWUMR3', 'true', '2021-06-12 20:34:24', '2021-06-12 20:34:24', NULL),
(245, 'zelma turcotte', 'vernie.ortiz@example.org', '$2y$10$TKh8H1.PfQx37YgCzwiKb.KjNyWgaHb9cbcoQgdIVFlYg7B77UdFm', 'EDbGSlg4lb', '1', NULL, 'true', '2021-06-12 20:34:24', '2021-06-12 20:34:24', NULL),
(246, 'gwendolyn gutmann', 'wintheiser.helen@example.net', '$2y$10$TKh8H1.PfQx37YgCzwiKb.KjNyWgaHb9cbcoQgdIVFlYg7B77UdFm', 'o2kn7BvORN', '0', 'hpnhdJC0eFudQ05X6Sf9wrg8fkUfyQvthOsVmbVR', 'true', '2021-06-12 20:34:24', '2021-06-12 20:34:24', NULL),
(247, 'aisha lindgren', 'dstoltenberg@example.net', '$2y$10$TKh8H1.PfQx37YgCzwiKb.KjNyWgaHb9cbcoQgdIVFlYg7B77UdFm', 'BlLt3sAbf2', '0', 'YwKaAJEmco6wtQbB93rt1FF7I8xV3YYc1NXff5k6', 'true', '2021-06-12 20:34:24', '2021-06-12 20:34:24', NULL),
(248, 'oliver adams', 'kuhic.margret@example.net', '$2y$10$TKh8H1.PfQx37YgCzwiKb.KjNyWgaHb9cbcoQgdIVFlYg7B77UdFm', 'O34Gvuf3N4', '0', 'RO5C1Rno2NsnswsJTpqLTgVwNqAa32VMzvL3tISP', 'false', '2021-06-12 20:34:25', '2021-06-12 20:34:25', NULL),
(249, 'mrs. marina dickinson iv', 'dillon.cassin@example.com', '$2y$10$TKh8H1.PfQx37YgCzwiKb.KjNyWgaHb9cbcoQgdIVFlYg7B77UdFm', 'fOq5NX78Kf', '1', NULL, 'true', '2021-06-12 20:34:25', '2021-06-12 20:34:25', NULL),
(250, 'abdullah larson', 'toni04@example.org', '$2y$10$TKh8H1.PfQx37YgCzwiKb.KjNyWgaHb9cbcoQgdIVFlYg7B77UdFm', 'gtasSluhNf', '1', NULL, 'false', '2021-06-12 20:34:25', '2021-06-12 20:34:25', NULL),
(251, 'mark jakubowski', 'enrico16@example.com', '$2y$10$TKh8H1.PfQx37YgCzwiKb.KjNyWgaHb9cbcoQgdIVFlYg7B77UdFm', 'k75yLIv3CW', '0', 'a4Yukuxk38FTg34COMEfARtSpn31ohQ2S7b3U9wG', 'true', '2021-06-12 20:34:25', '2021-06-12 20:34:25', NULL),
(252, 'krystal wintheiser', 'heathcote.dallin@example.org', '$2y$10$TKh8H1.PfQx37YgCzwiKb.KjNyWgaHb9cbcoQgdIVFlYg7B77UdFm', 'tQGlNeSHS4', '1', NULL, 'true', '2021-06-12 20:34:25', '2021-06-12 20:34:25', NULL),
(253, 'kyleigh barrows phd', 'roma.west@example.com', '$2y$10$TKh8H1.PfQx37YgCzwiKb.KjNyWgaHb9cbcoQgdIVFlYg7B77UdFm', 'iQUdeHiGWY', '0', 'dhabNBwIjuMeCGmhjzndALYyUy86aLdhg5Cqw5zB', 'true', '2021-06-12 20:34:25', '2021-06-12 20:34:25', NULL),
(254, 'mr. horacio hintz ii', 'lkoss@example.net', '$2y$10$TKh8H1.PfQx37YgCzwiKb.KjNyWgaHb9cbcoQgdIVFlYg7B77UdFm', '0MNl8rJ3FA', '0', 'emMsSKrxhXYqR8kcO9q25AdTwKtcdZodgxCvWRG5', 'false', '2021-06-12 20:34:25', '2021-06-12 20:34:25', NULL),
(255, 'tom hegmann', 'iwillms@example.net', '$2y$10$TKh8H1.PfQx37YgCzwiKb.KjNyWgaHb9cbcoQgdIVFlYg7B77UdFm', 'BEYgzPe7rR', '1', NULL, 'true', '2021-06-12 20:34:25', '2021-06-12 20:34:25', NULL),
(256, 'rubie bode', 'cartwright.zakary@example.org', '$2y$10$TKh8H1.PfQx37YgCzwiKb.KjNyWgaHb9cbcoQgdIVFlYg7B77UdFm', 'PrSOtwB6Ur', '0', 'KHTHdERb4U7HDWcErnNEldXtnYC5axlYYF1aG1FU', 'false', '2021-06-12 20:34:25', '2021-06-12 20:34:25', NULL),
(257, 'arthur haag', 'jaquan33@example.org', '$2y$10$TKh8H1.PfQx37YgCzwiKb.KjNyWgaHb9cbcoQgdIVFlYg7B77UdFm', 'rqzPog9bV1', '0', 'X658wMwdHYpKg2RRAzkZXuCjDMBVXvgOwSwhwOZU', 'true', '2021-06-12 20:34:25', '2021-06-12 20:34:25', NULL),
(258, 'cristina erdman', 'kristopher.ankunding@example.org', '$2y$10$TKh8H1.PfQx37YgCzwiKb.KjNyWgaHb9cbcoQgdIVFlYg7B77UdFm', 'HgowTJtBk9', '1', NULL, 'false', '2021-06-12 20:34:25', '2021-06-12 20:34:25', NULL),
(259, 'zakary heaney dvm', 'grace13@example.org', '$2y$10$TKh8H1.PfQx37YgCzwiKb.KjNyWgaHb9cbcoQgdIVFlYg7B77UdFm', 'FkCkohvmgM', '1', NULL, 'true', '2021-06-12 20:34:25', '2021-06-12 20:34:25', NULL),
(260, 'madison nader', 'cwindler@example.org', '$2y$10$TKh8H1.PfQx37YgCzwiKb.KjNyWgaHb9cbcoQgdIVFlYg7B77UdFm', 'R3G5IUFV6V', '0', 'papvHVqHBh5qC4OQ0haQVVyfehDlQdydzSE6swBA', 'false', '2021-06-12 20:34:25', '2021-06-12 20:34:25', NULL),
(261, 'sheldon kihn', 'walker.ebba@example.com', '$2y$10$TKh8H1.PfQx37YgCzwiKb.KjNyWgaHb9cbcoQgdIVFlYg7B77UdFm', 'i0X1c9VAxv', '1', NULL, 'false', '2021-06-12 20:34:25', '2021-06-12 20:34:25', NULL),
(262, 'hazel bruen', 'raymond66@example.org', '$2y$10$TKh8H1.PfQx37YgCzwiKb.KjNyWgaHb9cbcoQgdIVFlYg7B77UdFm', 'cZOpe6uvoY', '1', NULL, 'true', '2021-06-12 20:34:25', '2021-06-12 20:34:25', NULL),
(263, 'mrs. patsy schmidt dvm', 'melany99@example.com', '$2y$10$TKh8H1.PfQx37YgCzwiKb.KjNyWgaHb9cbcoQgdIVFlYg7B77UdFm', 'DE1YdUet65', '1', NULL, 'true', '2021-06-12 20:34:25', '2021-06-12 20:34:25', NULL),
(264, 'judge upton', 'ygoldner@example.net', '$2y$10$TKh8H1.PfQx37YgCzwiKb.KjNyWgaHb9cbcoQgdIVFlYg7B77UdFm', 'M9kkqHxGXY', '1', NULL, 'false', '2021-06-12 20:34:25', '2021-06-12 20:34:25', NULL),
(265, 'enrico haag', 'bbalistreri@example.com', '$2y$10$TKh8H1.PfQx37YgCzwiKb.KjNyWgaHb9cbcoQgdIVFlYg7B77UdFm', 'BJ5gOojn2P', '0', 'm7EBvBI3CAHgBBtNvhMOqX3eRKB3hqZARVz9TzVw', 'false', '2021-06-12 20:34:25', '2021-06-12 20:34:25', NULL),
(266, 'jaeden abshire', 'vincent91@example.net', '$2y$10$TKh8H1.PfQx37YgCzwiKb.KjNyWgaHb9cbcoQgdIVFlYg7B77UdFm', 'bokiT5zuC8', '1', NULL, 'false', '2021-06-12 20:34:25', '2021-06-12 20:34:25', NULL),
(267, 'gwendolyn marquardt', 'will94@example.com', '$2y$10$TKh8H1.PfQx37YgCzwiKb.KjNyWgaHb9cbcoQgdIVFlYg7B77UdFm', 'J3h4TEkRCS', '0', '8nQEfAlm0NgVwMt5Y3zF2t0t2qV16jHI4yLse0J9', 'false', '2021-06-12 20:34:25', '2021-06-12 20:34:25', NULL),
(268, 'dr. toy klein i', 'krenner@example.net', '$2y$10$TKh8H1.PfQx37YgCzwiKb.KjNyWgaHb9cbcoQgdIVFlYg7B77UdFm', '7Cj7mYD8wS', '0', 'M7byUKa7nhxKY8LRCnmqLxowGz1F7FL1FRFtlb82', 'true', '2021-06-12 20:34:25', '2021-06-12 20:34:25', NULL),
(269, 'cornelius beatty v', 'eoreilly@example.com', '$2y$10$TKh8H1.PfQx37YgCzwiKb.KjNyWgaHb9cbcoQgdIVFlYg7B77UdFm', 'LdW9w0rlgr', '0', 'RKiA9eLER1GGl0tVTYfCWiqcULkFpqdtiSnLx7ei', 'true', '2021-06-12 20:34:25', '2021-06-12 20:34:25', NULL),
(270, 'arne wolf', 'epollich@example.org', '$2y$10$TKh8H1.PfQx37YgCzwiKb.KjNyWgaHb9cbcoQgdIVFlYg7B77UdFm', 'OYvdoVp06x', '0', 'Y6vVIVoYF0vwSKe29SY9pzwuup0OPxDahpXvmMA2', 'true', '2021-06-12 20:34:25', '2021-06-12 20:34:25', NULL),
(271, 'ryan thompson', 'mcdermott.jayden@example.net', '$2y$10$TKh8H1.PfQx37YgCzwiKb.KjNyWgaHb9cbcoQgdIVFlYg7B77UdFm', 'Wos9VCB4Ip', '0', '8FVfr88RK15H4bIiXfgyquxqpLEudyVXiHfSznCT', 'false', '2021-06-12 20:34:25', '2021-06-12 20:34:25', NULL),
(272, 'leda gutmann', 'zokeefe@example.com', '$2y$10$TKh8H1.PfQx37YgCzwiKb.KjNyWgaHb9cbcoQgdIVFlYg7B77UdFm', 'fPXIjzbUNT', '0', 'Ocwy4PJXVu6hvqAVj55y54Z2seixdcZNwKJnLUaR', 'false', '2021-06-12 20:34:25', '2021-06-12 20:34:25', NULL),
(273, 'prof. rae terry iv', 'furman10@example.com', '$2y$10$TKh8H1.PfQx37YgCzwiKb.KjNyWgaHb9cbcoQgdIVFlYg7B77UdFm', 'n98ayjdsTY', '0', 'K3Lnmwfl9iQd3BpyeWxCUA9GyMT7h7H3xJ7FoPt8', 'true', '2021-06-12 20:34:25', '2021-06-12 20:34:25', NULL),
(274, 'dr. jameson schimmel', 'alek.bosco@example.org', '$2y$10$TKh8H1.PfQx37YgCzwiKb.KjNyWgaHb9cbcoQgdIVFlYg7B77UdFm', '6iwNdQeQjB', '1', NULL, 'false', '2021-06-12 20:34:25', '2021-06-12 20:34:25', NULL),
(275, 'delphia wiegand', 'sage.schiller@example.org', '$2y$10$TKh8H1.PfQx37YgCzwiKb.KjNyWgaHb9cbcoQgdIVFlYg7B77UdFm', 'qB0K3l1Fgk', '1', NULL, 'false', '2021-06-12 20:34:25', '2021-06-12 20:34:25', NULL),
(276, 'marty bins', 'tamara41@example.net', '$2y$10$TKh8H1.PfQx37YgCzwiKb.KjNyWgaHb9cbcoQgdIVFlYg7B77UdFm', 'JnilDYh7Of', '0', 'F6osDWSrVxRHnd2Xrr0Ff6Kbtr9Yylitb0x9oKsZ', 'true', '2021-06-12 20:34:25', '2021-06-12 20:34:25', NULL),
(277, 'brandy harber', 'uharris@example.net', '$2y$10$TKh8H1.PfQx37YgCzwiKb.KjNyWgaHb9cbcoQgdIVFlYg7B77UdFm', 'vbhsxdmwaP', '1', NULL, 'false', '2021-06-12 20:34:25', '2021-06-12 20:34:25', NULL),
(278, 'ms. agustina thompson iii', 'schowalter.gunnar@example.com', '$2y$10$TKh8H1.PfQx37YgCzwiKb.KjNyWgaHb9cbcoQgdIVFlYg7B77UdFm', 'vgV6zwLrVo', '1', NULL, 'false', '2021-06-12 20:34:25', '2021-06-12 20:34:25', NULL),
(279, 'tabitha shields', 'denesik.kristofer@example.org', '$2y$10$TKh8H1.PfQx37YgCzwiKb.KjNyWgaHb9cbcoQgdIVFlYg7B77UdFm', 'UgSKlfHK4f', '1', NULL, 'true', '2021-06-12 20:34:25', '2021-06-12 20:34:25', NULL),
(280, 'yazmin hessel', 'stark.tad@example.net', '$2y$10$TKh8H1.PfQx37YgCzwiKb.KjNyWgaHb9cbcoQgdIVFlYg7B77UdFm', 'wNsXThDx9f', '1', NULL, 'true', '2021-06-12 20:34:25', '2021-06-12 20:34:25', NULL),
(281, 'anne cummerata', 'hollis50@example.net', '$2y$10$TKh8H1.PfQx37YgCzwiKb.KjNyWgaHb9cbcoQgdIVFlYg7B77UdFm', 'sfkoWZMjPl', '1', NULL, 'true', '2021-06-12 20:34:25', '2021-06-12 20:34:25', NULL),
(282, 'zetta turcotte', 'bergstrom.chesley@example.net', '$2y$10$TKh8H1.PfQx37YgCzwiKb.KjNyWgaHb9cbcoQgdIVFlYg7B77UdFm', '5uqfiIBlZR', '1', NULL, 'false', '2021-06-12 20:34:25', '2021-06-12 20:34:25', NULL),
(283, 'miss burnice klocko', 'javon91@example.net', '$2y$10$TKh8H1.PfQx37YgCzwiKb.KjNyWgaHb9cbcoQgdIVFlYg7B77UdFm', 'ZeJI73Ysq5', '1', NULL, 'false', '2021-06-12 20:34:25', '2021-06-12 20:34:25', NULL),
(284, 'bella davis', 'flueilwitz@example.org', '$2y$10$TKh8H1.PfQx37YgCzwiKb.KjNyWgaHb9cbcoQgdIVFlYg7B77UdFm', 'sEckPEUrn8', '1', NULL, 'false', '2021-06-12 20:34:25', '2021-06-12 20:34:25', NULL),
(285, 'prof. helen gusikowski', 'block.connor@example.org', '$2y$10$TKh8H1.PfQx37YgCzwiKb.KjNyWgaHb9cbcoQgdIVFlYg7B77UdFm', 'Ft7FcUSTi8', '0', 'PgbxuPpdTubRSlesr3MEJFvpB1SbnwXotmcaFLr7', 'false', '2021-06-12 20:34:25', '2021-06-12 20:34:25', NULL),
(286, 'amira white', 'rice.chase@example.org', '$2y$10$TKh8H1.PfQx37YgCzwiKb.KjNyWgaHb9cbcoQgdIVFlYg7B77UdFm', 'wciegyfSOx', '1', NULL, 'true', '2021-06-12 20:34:25', '2021-06-12 20:34:25', NULL),
(287, 'shanel welch', 'aracely.gorczany@example.com', '$2y$10$TKh8H1.PfQx37YgCzwiKb.KjNyWgaHb9cbcoQgdIVFlYg7B77UdFm', '9VEgA6cgtu', '1', NULL, 'true', '2021-06-12 20:34:25', '2021-06-12 20:34:25', NULL),
(288, 'wilburn nikolaus', 'pauline.medhurst@example.net', '$2y$10$TKh8H1.PfQx37YgCzwiKb.KjNyWgaHb9cbcoQgdIVFlYg7B77UdFm', 'XnY5EwiorN', '0', 'CVjSqzTEFNcERDSslmctqowjiUcYaPBwYfo1pKv4', 'true', '2021-06-12 20:34:25', '2021-06-12 20:34:25', NULL),
(289, 'melany o\'keefe jr.', 'alba.lowe@example.com', '$2y$10$TKh8H1.PfQx37YgCzwiKb.KjNyWgaHb9cbcoQgdIVFlYg7B77UdFm', '4t3hOq6Vu1', '1', NULL, 'false', '2021-06-12 20:34:25', '2021-06-12 20:34:25', NULL),
(290, 'bennie veum', 'dixie75@example.org', '$2y$10$TKh8H1.PfQx37YgCzwiKb.KjNyWgaHb9cbcoQgdIVFlYg7B77UdFm', 'mZJYDHP1AP', '1', NULL, 'false', '2021-06-12 20:34:25', '2021-06-12 20:34:25', NULL),
(291, 'sallie rodriguez', 'ramona.schuster@example.net', '$2y$10$TKh8H1.PfQx37YgCzwiKb.KjNyWgaHb9cbcoQgdIVFlYg7B77UdFm', 'QJNarpF60f', '1', NULL, 'false', '2021-06-12 20:34:25', '2021-06-12 20:34:25', NULL),
(292, 'brandon romaguera', 'gmorissette@example.com', '$2y$10$TKh8H1.PfQx37YgCzwiKb.KjNyWgaHb9cbcoQgdIVFlYg7B77UdFm', 'KoQXHz1kyG', '1', NULL, 'false', '2021-06-12 20:34:25', '2021-06-12 20:34:25', NULL),
(293, 'mrs. anabelle little ii', 'nicolas.raoul@example.net', '$2y$10$TKh8H1.PfQx37YgCzwiKb.KjNyWgaHb9cbcoQgdIVFlYg7B77UdFm', 'vWhWx0162V', '1', NULL, 'false', '2021-06-12 20:34:25', '2021-06-12 20:34:25', NULL),
(294, 'emie torp i', 'jmonahan@example.org', '$2y$10$TKh8H1.PfQx37YgCzwiKb.KjNyWgaHb9cbcoQgdIVFlYg7B77UdFm', 'uYOqbLT5Y9', '1', NULL, 'false', '2021-06-12 20:34:25', '2021-06-12 20:34:25', NULL),
(295, 'mr. jayden kunze dvm', 'mckenzie.gerhold@example.com', '$2y$10$TKh8H1.PfQx37YgCzwiKb.KjNyWgaHb9cbcoQgdIVFlYg7B77UdFm', 'eTw35DK9hL', '0', 'Mqu1AKRJiap3afC5cF6XTdOH6O0WX12UQCK9ScME', 'false', '2021-06-12 20:34:25', '2021-06-12 20:34:25', NULL),
(296, 'misty powlowski', 'iblock@example.net', '$2y$10$TKh8H1.PfQx37YgCzwiKb.KjNyWgaHb9cbcoQgdIVFlYg7B77UdFm', 'aIFCk1WNdi', '1', NULL, 'true', '2021-06-12 20:34:25', '2021-06-12 20:34:25', NULL),
(297, 'lina rowe', 'luciano56@example.org', '$2y$10$TKh8H1.PfQx37YgCzwiKb.KjNyWgaHb9cbcoQgdIVFlYg7B77UdFm', 'dVT1grv8oh', '1', NULL, 'true', '2021-06-12 20:34:25', '2021-06-12 20:34:25', NULL),
(298, 'dudley howell', 'zelma17@example.net', '$2y$10$TKh8H1.PfQx37YgCzwiKb.KjNyWgaHb9cbcoQgdIVFlYg7B77UdFm', 'l903ycKKWl', '1', NULL, 'false', '2021-06-12 20:34:25', '2021-06-12 20:34:25', NULL),
(299, 'prof. dedrick denesik', 'keven77@example.com', '$2y$10$TKh8H1.PfQx37YgCzwiKb.KjNyWgaHb9cbcoQgdIVFlYg7B77UdFm', 'zOpPmnaIk8', '0', 'Kg4tOFH6OjEIZhbS9weApEi5WBOWRzanAK7sGRTK', 'false', '2021-06-12 20:34:25', '2021-06-12 20:34:25', NULL),
(300, 'laurence hills', 'hlabadie@example.com', '$2y$10$TKh8H1.PfQx37YgCzwiKb.KjNyWgaHb9cbcoQgdIVFlYg7B77UdFm', 'AAE6E5bAtY', '1', NULL, 'true', '2021-06-12 20:34:25', '2021-06-12 20:34:25', NULL),
(301, 'prof. lafayette heaney dvm', 'nklein@example.org', '$2y$10$TKh8H1.PfQx37YgCzwiKb.KjNyWgaHb9cbcoQgdIVFlYg7B77UdFm', 'rVG4dkgFNc', '1', NULL, 'false', '2021-06-12 20:34:25', '2021-06-12 20:34:25', NULL),
(302, 'ms. evie huels i', 'elsa.herman@example.net', '$2y$10$TKh8H1.PfQx37YgCzwiKb.KjNyWgaHb9cbcoQgdIVFlYg7B77UdFm', '72wsSS3sXk', '1', NULL, 'true', '2021-06-12 20:34:25', '2021-06-12 20:34:25', NULL),
(303, 'ara harris iv', 'wilson78@example.net', '$2y$10$TKh8H1.PfQx37YgCzwiKb.KjNyWgaHb9cbcoQgdIVFlYg7B77UdFm', 'IqLOyzb61v', '0', '3g7U6kSVqv8jfhK4upiarfvVYxuhISsL9cIFC9cS', 'true', '2021-06-12 20:34:25', '2021-06-12 20:34:25', NULL),
(304, 'dr. addie gerlach', 'santina43@example.com', '$2y$10$TKh8H1.PfQx37YgCzwiKb.KjNyWgaHb9cbcoQgdIVFlYg7B77UdFm', 'blYM9w7pZp', '0', 'nz1pTm1rzP1fz53b2PiOBYnXgd7O1Oo8gjiQA74k', 'false', '2021-06-12 20:34:25', '2021-06-12 20:34:25', NULL),
(305, 'augusta bechtelar dds', 'gkrajcik@example.net', '$2y$10$TKh8H1.PfQx37YgCzwiKb.KjNyWgaHb9cbcoQgdIVFlYg7B77UdFm', 'rLTGTuB0x4', '1', NULL, 'false', '2021-06-12 20:34:25', '2021-06-12 20:34:25', NULL),
(306, 'arjun fay', 'margie23@example.org', '$2y$10$TKh8H1.PfQx37YgCzwiKb.KjNyWgaHb9cbcoQgdIVFlYg7B77UdFm', 'Ye7miaKREH', '1', NULL, 'false', '2021-06-12 20:34:25', '2021-06-12 20:34:25', NULL),
(307, 'ivy leuschke ii', 'beatty.eleanora@example.net', '$2y$10$TKh8H1.PfQx37YgCzwiKb.KjNyWgaHb9cbcoQgdIVFlYg7B77UdFm', 'mEsHETrItJ', '0', 'mfZyzBJalxbrbMOnOogTJCbwYtMvlJAprnrB4xEF', 'true', '2021-06-12 20:34:25', '2021-06-12 20:34:25', NULL),
(308, 'annabell dietrich', 'tatum79@example.org', '$2y$10$TKh8H1.PfQx37YgCzwiKb.KjNyWgaHb9cbcoQgdIVFlYg7B77UdFm', 'yiCvflp5V6', '0', '1esiWpf4QqhpIcy2dXkJc7JPmGq3av0udlKHAlAB', 'true', '2021-06-12 20:34:25', '2021-06-12 20:34:25', NULL),
(309, 'myron mcglynn', 'znikolaus@example.com', '$2y$10$TKh8H1.PfQx37YgCzwiKb.KjNyWgaHb9cbcoQgdIVFlYg7B77UdFm', 'GPXLkWlHwB', '0', 'g5S5hHwNBWpcFCquCyd4adhnTlVXvYLh9esR2NIo', 'false', '2021-06-12 20:34:25', '2021-06-12 20:34:25', NULL),
(310, 'keegan parker ii', 'swolf@example.com', '$2y$10$TKh8H1.PfQx37YgCzwiKb.KjNyWgaHb9cbcoQgdIVFlYg7B77UdFm', 'SxWvuBEBbj', '1', NULL, 'true', '2021-06-12 20:34:25', '2021-06-12 20:34:25', NULL),
(311, 'ilene koelpin', 'oceane.grimes@example.net', '$2y$10$TKh8H1.PfQx37YgCzwiKb.KjNyWgaHb9cbcoQgdIVFlYg7B77UdFm', 'GbJXFgQFHI', '0', '0lyIICJRdn7Xaw0mtr55mQl7rZYFncxfsjHxewcE', 'true', '2021-06-12 20:34:25', '2021-06-12 20:34:25', NULL),
(312, 'boris volkman iii', 'jeffery.pouros@example.net', '$2y$10$TKh8H1.PfQx37YgCzwiKb.KjNyWgaHb9cbcoQgdIVFlYg7B77UdFm', 'XNEzALriHf', '0', 'ndTidQqaxRYeEwh1756PzLnmHxP8B3S2XdeUuq11', 'true', '2021-06-12 20:34:25', '2021-06-12 20:34:25', NULL),
(313, 'joelle mohr', 'jerrold.streich@example.com', '$2y$10$TKh8H1.PfQx37YgCzwiKb.KjNyWgaHb9cbcoQgdIVFlYg7B77UdFm', 'eZpVeiU8fW', '0', 'uSNEgXHTVoKON3joz2D86tmWWVG95o0RXOkpfwOR', 'false', '2021-06-12 20:34:25', '2021-06-12 20:34:25', NULL),
(314, 'mr. louie gislason', 'chesley.dach@example.net', '$2y$10$TKh8H1.PfQx37YgCzwiKb.KjNyWgaHb9cbcoQgdIVFlYg7B77UdFm', 'dwbflh7rcb', '0', 'ot8K2bmFlvINN9SQJmTTKvJuwvCqp2y1nWJdPf07', 'false', '2021-06-12 20:34:25', '2021-06-12 20:34:25', NULL),
(315, 'eula mitchell', 'tgleichner@example.org', '$2y$10$TKh8H1.PfQx37YgCzwiKb.KjNyWgaHb9cbcoQgdIVFlYg7B77UdFm', 'ltLhpUJyti', '0', 'nfxgTKKykOW33tUn2hrQa1Q4t4lv42j7moMpP2ib', 'true', '2021-06-12 20:34:25', '2021-06-12 20:34:25', NULL),
(316, 'prof. neil farrell', 'cormier.alexis@example.com', '$2y$10$TKh8H1.PfQx37YgCzwiKb.KjNyWgaHb9cbcoQgdIVFlYg7B77UdFm', 'ZvweBaUPjr', '1', NULL, 'false', '2021-06-12 20:34:25', '2021-06-12 20:34:25', NULL),
(317, 'reginald moore', 'jberge@example.org', '$2y$10$TKh8H1.PfQx37YgCzwiKb.KjNyWgaHb9cbcoQgdIVFlYg7B77UdFm', 'lEBmjR2Tr3', '1', NULL, 'false', '2021-06-12 20:34:25', '2021-06-12 20:34:25', NULL),
(318, 'mr. mike reichel sr.', 'fhane@example.com', '$2y$10$TKh8H1.PfQx37YgCzwiKb.KjNyWgaHb9cbcoQgdIVFlYg7B77UdFm', 'oR4b6vXkZQ', '0', 'BgLpz2Lu1JWSP6fggiesNZvF3Qisp6FzB4vkw8ve', 'true', '2021-06-12 20:34:25', '2021-06-12 20:34:25', NULL),
(319, 'gladys mckenzie', 'jacky.effertz@example.com', '$2y$10$TKh8H1.PfQx37YgCzwiKb.KjNyWgaHb9cbcoQgdIVFlYg7B77UdFm', 'zaNcPCocYs', '1', NULL, 'true', '2021-06-12 20:34:25', '2021-06-12 20:34:25', NULL),
(320, 'reanna mosciski', 'icasper@example.org', '$2y$10$TKh8H1.PfQx37YgCzwiKb.KjNyWgaHb9cbcoQgdIVFlYg7B77UdFm', '3bdVZLHhaY', '0', 'rCM3zQJmGkMSplbYcPl2nEPRL4nf8f7XE2NQwoVG', 'true', '2021-06-12 20:34:25', '2021-06-12 20:34:25', NULL),
(321, 'mayra fahey', 'zhyatt@example.com', '$2y$10$TKh8H1.PfQx37YgCzwiKb.KjNyWgaHb9cbcoQgdIVFlYg7B77UdFm', 'cej3ifc8hj', '0', '0fUzNxwURNomC927m5s6nUKkAEFFdPFA02FZh0M1', 'true', '2021-06-12 20:34:25', '2021-06-12 20:34:25', NULL),
(322, 'ms. daniela huel iv', 'robyn74@example.com', '$2y$10$TKh8H1.PfQx37YgCzwiKb.KjNyWgaHb9cbcoQgdIVFlYg7B77UdFm', 'OkLjn1ju93', '1', NULL, 'true', '2021-06-12 20:34:25', '2021-06-12 20:34:25', NULL),
(323, 'oma hyatt', 'zemlak.leon@example.net', '$2y$10$TKh8H1.PfQx37YgCzwiKb.KjNyWgaHb9cbcoQgdIVFlYg7B77UdFm', '58pelP27AQ', '0', 'saRbL3202vCRRnVdDr4I20OMNiDdPzfUewP4s2IG', 'false', '2021-06-12 20:34:25', '2021-06-12 20:34:25', NULL),
(324, 'otilia hahn', 'thintz@example.com', '$2y$10$TKh8H1.PfQx37YgCzwiKb.KjNyWgaHb9cbcoQgdIVFlYg7B77UdFm', '9AfMsILiL1', '1', NULL, 'false', '2021-06-12 20:34:25', '2021-06-12 20:34:25', NULL),
(325, 'caitlyn lockman i', 'kbergstrom@example.net', '$2y$10$TKh8H1.PfQx37YgCzwiKb.KjNyWgaHb9cbcoQgdIVFlYg7B77UdFm', 'YtlUae9OTj', '0', '3VnX54bUG5NJDoztEvAHKtcuglqMRu2fkVG2rKoB', 'false', '2021-06-12 20:34:25', '2021-06-12 20:34:25', NULL),
(326, 'mike jakubowski dvm', 'shannon.jacobs@example.com', '$2y$10$TKh8H1.PfQx37YgCzwiKb.KjNyWgaHb9cbcoQgdIVFlYg7B77UdFm', 'C5Hm8XIQtS', '0', 'jsm68vaBRpJJOBl7lNQSxIlfxcQ47N7ZkRiy6kwC', 'true', '2021-06-12 20:34:25', '2021-06-12 20:34:25', NULL),
(327, 'brook kutch dds', 'michel22@example.org', '$2y$10$TKh8H1.PfQx37YgCzwiKb.KjNyWgaHb9cbcoQgdIVFlYg7B77UdFm', '2VeaRP7D7t', '0', 'Cp4ArSLHlwftLFH7KoBHBw3ONHmB4EJNJPGa2Fod', 'true', '2021-06-12 20:34:25', '2021-06-12 20:34:25', NULL),
(328, 'keyon bogisich', 'plakin@example.net', '$2y$10$TKh8H1.PfQx37YgCzwiKb.KjNyWgaHb9cbcoQgdIVFlYg7B77UdFm', '0q7PlRUizI', '0', 'doOJywlzYXEzWVnzKNDkk3HPZ5gXb8Qnm7HW1A67', 'false', '2021-06-12 20:34:25', '2021-06-12 20:34:25', NULL),
(329, 'clotilde haag', 'madonna72@example.com', '$2y$10$TKh8H1.PfQx37YgCzwiKb.KjNyWgaHb9cbcoQgdIVFlYg7B77UdFm', 'zRkWdFPrIJ', '0', 'ZRE4r9195oGeFLWveVv5lfBjMZJoXqZPaZMm4kjK', 'true', '2021-06-12 20:34:25', '2021-06-12 20:34:25', NULL),
(330, 'damaris mohr jr.', 'bergnaum.vada@example.net', '$2y$10$TKh8H1.PfQx37YgCzwiKb.KjNyWgaHb9cbcoQgdIVFlYg7B77UdFm', 'y7vN8hv9IK', '1', NULL, 'false', '2021-06-12 20:34:25', '2021-06-12 20:34:25', NULL),
(331, 'pauline swaniawski v', 'josie68@example.com', '$2y$10$TKh8H1.PfQx37YgCzwiKb.KjNyWgaHb9cbcoQgdIVFlYg7B77UdFm', '971GSF6lc7', '0', 'xYslImPhCqwLUda8ZT8qK3gVIbrj79agDbNRDWBu', 'true', '2021-06-12 20:34:25', '2021-06-12 20:34:25', NULL),
(332, 'mr. cullen morar', 'ryley60@example.net', '$2y$10$TKh8H1.PfQx37YgCzwiKb.KjNyWgaHb9cbcoQgdIVFlYg7B77UdFm', 'jnAHQ9o8Jo', '1', NULL, 'true', '2021-06-12 20:34:25', '2021-06-12 20:34:25', NULL),
(333, 'dr. clifton labadie', 'archibald.runolfsson@example.org', '$2y$10$TKh8H1.PfQx37YgCzwiKb.KjNyWgaHb9cbcoQgdIVFlYg7B77UdFm', 'Jox1uJQY6O', '0', 'V5HcwP7WvBQWWj9oJpcmi7iycP1QPsXlzHJnD8Dd', 'true', '2021-06-12 20:34:25', '2021-06-12 20:34:25', NULL),
(334, 'leonard zieme', 'zwalker@example.org', '$2y$10$TKh8H1.PfQx37YgCzwiKb.KjNyWgaHb9cbcoQgdIVFlYg7B77UdFm', 'iG58i6hNfm', '0', 'lZ7ZToy4Xj3qtGYHIsRGkt5qyxkh56xu4Xf1jM6V', 'false', '2021-06-12 20:34:25', '2021-06-12 20:34:25', NULL),
(335, 'april schumm', 'zmohr@example.net', '$2y$10$TKh8H1.PfQx37YgCzwiKb.KjNyWgaHb9cbcoQgdIVFlYg7B77UdFm', 'HkTBunKqok', '0', 'pPvQqqgzwQPSFpTykpmeqGqGwmyMRKw5T5PGn7nl', 'false', '2021-06-12 20:34:25', '2021-06-12 20:34:25', NULL),
(336, 'moses abbott', 'ruthe26@example.org', '$2y$10$TKh8H1.PfQx37YgCzwiKb.KjNyWgaHb9cbcoQgdIVFlYg7B77UdFm', 'og6i0yBWOw', '1', NULL, 'false', '2021-06-12 20:34:25', '2021-06-12 20:34:25', NULL),
(337, 'sophia bailey', 'aroberts@example.org', '$2y$10$TKh8H1.PfQx37YgCzwiKb.KjNyWgaHb9cbcoQgdIVFlYg7B77UdFm', 'XVaiZws3T4', '1', NULL, 'false', '2021-06-12 20:34:25', '2021-06-12 20:34:25', NULL),
(338, 'imani stoltenberg', 'kohler.manuel@example.org', '$2y$10$TKh8H1.PfQx37YgCzwiKb.KjNyWgaHb9cbcoQgdIVFlYg7B77UdFm', 'r9aB1SH3yv', '1', NULL, 'false', '2021-06-12 20:34:25', '2021-06-12 20:34:25', NULL),
(339, 'dr. harrison bradtke phd', 'alysa.ortiz@example.net', '$2y$10$TKh8H1.PfQx37YgCzwiKb.KjNyWgaHb9cbcoQgdIVFlYg7B77UdFm', 'EBjY6yY9IC', '0', '2AEu4Zr1HxtpmcdRA52KpoirWsNkFat07r4FfJ8U', 'false', '2021-06-12 20:34:25', '2021-06-12 20:34:25', NULL),
(340, 'dr. lazaro o\'conner dvm', 'halvorson.tyshawn@example.net', '$2y$10$TKh8H1.PfQx37YgCzwiKb.KjNyWgaHb9cbcoQgdIVFlYg7B77UdFm', 'kl3K9HZOUK', '0', 'Zj55DlH0JEVbvF2ibxsWYVRpO7Kdict2TuI75ndu', 'false', '2021-06-12 20:34:25', '2021-06-12 20:34:25', NULL),
(341, 'mr. charley johnson iv', 'nona59@example.com', '$2y$10$TKh8H1.PfQx37YgCzwiKb.KjNyWgaHb9cbcoQgdIVFlYg7B77UdFm', 'MSvSyaVAlM', '0', 'RckBbKwDKlFdLrTgVSNGdyxRvP1T1zdO8Lvp5Kuj', 'true', '2021-06-12 20:34:25', '2021-06-12 20:34:25', NULL),
(342, 'glenda lockman', 'lottie.mcdermott@example.org', '$2y$10$TKh8H1.PfQx37YgCzwiKb.KjNyWgaHb9cbcoQgdIVFlYg7B77UdFm', 'JK6On4kxtr', '1', NULL, 'true', '2021-06-12 20:34:25', '2021-06-12 20:34:25', NULL),
(343, 'benedict lueilwitz', 'pattie91@example.net', '$2y$10$TKh8H1.PfQx37YgCzwiKb.KjNyWgaHb9cbcoQgdIVFlYg7B77UdFm', 'TvRdUAImcN', '1', NULL, 'false', '2021-06-12 20:34:25', '2021-06-12 20:34:25', NULL),
(344, 'idell feest', 'alize.wolff@example.org', '$2y$10$TKh8H1.PfQx37YgCzwiKb.KjNyWgaHb9cbcoQgdIVFlYg7B77UdFm', 'bZNG82P1sY', '1', NULL, 'true', '2021-06-12 20:34:25', '2021-06-12 20:34:25', NULL),
(345, 'syble kertzmann i', 'concepcion.ondricka@example.org', '$2y$10$TKh8H1.PfQx37YgCzwiKb.KjNyWgaHb9cbcoQgdIVFlYg7B77UdFm', 'Xrd6rrBCAc', '0', 'Mifmb7okr5cCFi5z8SylYKHRNHnMETEqJxiI0Mn4', 'true', '2021-06-12 20:34:25', '2021-06-12 20:34:25', NULL),
(346, 'dr. rocky bashirian sr.', 'marks.nakia@example.org', '$2y$10$TKh8H1.PfQx37YgCzwiKb.KjNyWgaHb9cbcoQgdIVFlYg7B77UdFm', 'Qc7L9ZSlDc', '0', 'LSITQJ5q96B7ZxDIc71Yjau1VAMwCGRIt229PNPD', 'false', '2021-06-12 20:34:25', '2021-06-12 20:34:25', NULL),
(347, 'kaley hintz', 'henderson31@example.com', '$2y$10$TKh8H1.PfQx37YgCzwiKb.KjNyWgaHb9cbcoQgdIVFlYg7B77UdFm', 'F6yWEp3I4V', '0', 'lfwqEN7xGMtC6VEAb6F07guT3g8PUGQ4VGaQqsJt', 'true', '2021-06-12 20:34:25', '2021-06-12 20:34:25', NULL),
(348, 'prof. birdie franecki', 'ozboncak@example.net', '$2y$10$TKh8H1.PfQx37YgCzwiKb.KjNyWgaHb9cbcoQgdIVFlYg7B77UdFm', 'F4QqqmzYNs', '1', NULL, 'true', '2021-06-12 20:34:25', '2021-06-12 20:34:25', NULL),
(349, 'jennifer kunze', 'agreen@example.net', '$2y$10$TKh8H1.PfQx37YgCzwiKb.KjNyWgaHb9cbcoQgdIVFlYg7B77UdFm', 'DhbfK4cM9H', '1', NULL, 'true', '2021-06-12 20:34:25', '2021-06-12 20:34:25', NULL),
(350, 'dr. toney little', 'jkuphal@example.com', '$2y$10$TKh8H1.PfQx37YgCzwiKb.KjNyWgaHb9cbcoQgdIVFlYg7B77UdFm', 'hdk0DVKdWU', '0', '6AgUyHpfYGbSMleJQ5qzylF5kbeoWcIsXQnHxNoC', 'true', '2021-06-12 20:34:25', '2021-06-12 20:34:25', NULL),
(351, 'ansel mann', 'edna95@example.org', '$2y$10$TKh8H1.PfQx37YgCzwiKb.KjNyWgaHb9cbcoQgdIVFlYg7B77UdFm', 'HFATnXfbH7', '0', 'YnCkhgtCjyaUM4pe30V1PrrXndCsi3Qi1ulQ7Va6', 'true', '2021-06-12 20:34:25', '2021-06-12 20:34:25', NULL),
(352, 'rosie hahn iii', 'jacinthe04@example.com', '$2y$10$TKh8H1.PfQx37YgCzwiKb.KjNyWgaHb9cbcoQgdIVFlYg7B77UdFm', 'mTGqrkglaX', '1', NULL, 'true', '2021-06-12 20:34:25', '2021-06-12 20:34:25', NULL),
(353, 'deondre kihn iv', 'huel.janae@example.org', '$2y$10$TKh8H1.PfQx37YgCzwiKb.KjNyWgaHb9cbcoQgdIVFlYg7B77UdFm', 'g3JTCWlyhI', '1', NULL, 'true', '2021-06-12 20:34:25', '2021-06-12 20:34:25', NULL),
(354, 'ms. claudine windler', 'sim26@example.net', '$2y$10$TKh8H1.PfQx37YgCzwiKb.KjNyWgaHb9cbcoQgdIVFlYg7B77UdFm', 'g1hQF5I763', '1', NULL, 'false', '2021-06-12 20:34:25', '2021-06-12 20:34:25', NULL),
(355, 'otto dare', 'ward.amy@example.com', '$2y$10$TKh8H1.PfQx37YgCzwiKb.KjNyWgaHb9cbcoQgdIVFlYg7B77UdFm', 'vvlF14uzIL', '1', NULL, 'false', '2021-06-12 20:34:25', '2021-06-12 20:34:25', NULL),
(356, 'mr. jeromy collins dvm', 'deja22@example.net', '$2y$10$TKh8H1.PfQx37YgCzwiKb.KjNyWgaHb9cbcoQgdIVFlYg7B77UdFm', 'BwfP1u18bi', '1', NULL, 'true', '2021-06-12 20:34:25', '2021-06-12 20:34:25', NULL),
(357, 'ms. vicenta graham', 'hpowlowski@example.org', '$2y$10$TKh8H1.PfQx37YgCzwiKb.KjNyWgaHb9cbcoQgdIVFlYg7B77UdFm', 'Axi2G5wSKW', '0', '0vbL0L1nLAlRVRDvb7KggpyS4yfHyPRSau8iyGj2', 'true', '2021-06-12 20:34:25', '2021-06-12 20:34:25', NULL),
(358, 'dayana daugherty', 'terence70@example.com', '$2y$10$TKh8H1.PfQx37YgCzwiKb.KjNyWgaHb9cbcoQgdIVFlYg7B77UdFm', '4JfpkHLuBt', '1', NULL, 'false', '2021-06-12 20:34:25', '2021-06-12 20:34:25', NULL),
(359, 'finn russel', 'muhammad71@example.com', '$2y$10$TKh8H1.PfQx37YgCzwiKb.KjNyWgaHb9cbcoQgdIVFlYg7B77UdFm', 'b9qd14n7Yt', '0', 'eyOEHF5TS4xoNlaMPFxsBZ0Dj5HLGJ8RJ4ZKZ8Jo', 'true', '2021-06-12 20:34:25', '2021-06-12 20:34:25', NULL),
(360, 'laurel schmitt', 'nmertz@example.com', '$2y$10$TKh8H1.PfQx37YgCzwiKb.KjNyWgaHb9cbcoQgdIVFlYg7B77UdFm', 'FGlhNyLOMQ', '1', NULL, 'true', '2021-06-12 20:34:25', '2021-06-12 20:34:25', NULL),
(361, 'malvina hahn', 'hand.gerald@example.net', '$2y$10$TKh8H1.PfQx37YgCzwiKb.KjNyWgaHb9cbcoQgdIVFlYg7B77UdFm', 's3I2hGVBrT', '0', 'XEsvtUyo3VKwPoamI4G3jzp7FvbbHwEUqRbF4ezN', 'false', '2021-06-12 20:34:25', '2021-06-12 20:34:25', NULL),
(362, 'lola gusikowski', 'edmond.adams@example.org', '$2y$10$TKh8H1.PfQx37YgCzwiKb.KjNyWgaHb9cbcoQgdIVFlYg7B77UdFm', '2Y4ZjHS4Bk', '1', NULL, 'false', '2021-06-12 20:34:25', '2021-06-12 20:34:25', NULL),
(363, 'everett morar', 'bechtelar.leslie@example.net', '$2y$10$TKh8H1.PfQx37YgCzwiKb.KjNyWgaHb9cbcoQgdIVFlYg7B77UdFm', 'bzmFz3NCK9', '1', NULL, 'true', '2021-06-12 20:34:25', '2021-06-12 20:34:25', NULL),
(364, 'fredy walker', 'vzulauf@example.net', '$2y$10$TKh8H1.PfQx37YgCzwiKb.KjNyWgaHb9cbcoQgdIVFlYg7B77UdFm', 'zOadZb7jQu', '1', NULL, 'false', '2021-06-12 20:34:25', '2021-06-12 20:34:25', NULL),
(365, 'mrs. hortense gibson', 'susie75@example.org', '$2y$10$TKh8H1.PfQx37YgCzwiKb.KjNyWgaHb9cbcoQgdIVFlYg7B77UdFm', 'AIq0ZEbPXj', '0', 'u1N2x4mYwMu4269lryekzdntVuA9VO3IUP9zlXeK', 'false', '2021-06-12 20:34:25', '2021-06-12 20:34:25', NULL),
(366, 'mr. axel gutkowski', 'denesik.margarette@example.com', '$2y$10$TKh8H1.PfQx37YgCzwiKb.KjNyWgaHb9cbcoQgdIVFlYg7B77UdFm', '5hoyxEVNtl', '0', 'm9vP9rtsHEPuGvaKmYLr1HXTqoiz1A70HPE103Gd', 'false', '2021-06-12 20:34:25', '2021-06-12 20:34:25', NULL),
(367, 'theodora friesen', 'ebert.roselyn@example.org', '$2y$10$TKh8H1.PfQx37YgCzwiKb.KjNyWgaHb9cbcoQgdIVFlYg7B77UdFm', 'VhcI2guiW1', '0', 'tt5gfjMrPrQHqLkBqn38Bxvzd1z5AxhEwU3OjfRs', 'false', '2021-06-12 20:34:25', '2021-06-12 20:34:25', NULL),
(368, 'glennie morissette', 'nickolas.corkery@example.net', '$2y$10$TKh8H1.PfQx37YgCzwiKb.KjNyWgaHb9cbcoQgdIVFlYg7B77UdFm', 'Fl1OPOxWRb', '0', 'mVF3d7CH3vP75TBcebORunwXYU7K4VUUPoRAjPKD', 'true', '2021-06-12 20:34:25', '2021-06-12 20:34:25', NULL),
(369, 'arnoldo feest', 'kaleb.prohaska@example.net', '$2y$10$TKh8H1.PfQx37YgCzwiKb.KjNyWgaHb9cbcoQgdIVFlYg7B77UdFm', 'AmJlrNZ5tS', '1', NULL, 'true', '2021-06-12 20:34:25', '2021-06-12 20:34:25', NULL),
(370, 'eloy beatty sr.', 'horace.schmidt@example.com', '$2y$10$TKh8H1.PfQx37YgCzwiKb.KjNyWgaHb9cbcoQgdIVFlYg7B77UdFm', 'noim7vkdeg', '1', NULL, 'false', '2021-06-12 20:34:25', '2021-06-12 20:34:25', NULL),
(371, 'prof. sid beatty', 'damore.mathias@example.net', '$2y$10$TKh8H1.PfQx37YgCzwiKb.KjNyWgaHb9cbcoQgdIVFlYg7B77UdFm', 'qnYvKkgiVQ', '1', NULL, 'false', '2021-06-12 20:34:25', '2021-06-12 20:34:25', NULL),
(372, 'jacynthe krajcik', 'raul90@example.org', '$2y$10$TKh8H1.PfQx37YgCzwiKb.KjNyWgaHb9cbcoQgdIVFlYg7B77UdFm', 'bk72BHutBc', '0', 'B9fQwqawSXOVxcJO1S1nBGgfTNCzrP0QLETscaSh', 'false', '2021-06-12 20:34:25', '2021-06-12 20:34:25', NULL),
(373, 'mandy schinner', 'conn.raquel@example.org', '$2y$10$TKh8H1.PfQx37YgCzwiKb.KjNyWgaHb9cbcoQgdIVFlYg7B77UdFm', 'vsNhIB0180', '1', NULL, 'false', '2021-06-12 20:34:25', '2021-06-12 20:34:25', NULL),
(374, 'mr. ike hoeger', 'jarrod.stark@example.com', '$2y$10$TKh8H1.PfQx37YgCzwiKb.KjNyWgaHb9cbcoQgdIVFlYg7B77UdFm', 'MLytpfoja9', '0', 'QS5NzP66dOkoZpBTqFRnVpPTQsm6gUOWbXqjH7CH', 'true', '2021-06-12 20:34:25', '2021-06-12 20:34:25', NULL),
(375, 'prof. sandrine ritchie iii', 'aidan.hermann@example.net', '$2y$10$TKh8H1.PfQx37YgCzwiKb.KjNyWgaHb9cbcoQgdIVFlYg7B77UdFm', 'Z9sH6a6zns', '1', NULL, 'false', '2021-06-12 20:34:25', '2021-06-12 20:34:25', NULL),
(376, 'margaretta hirthe', 'trace.schamberger@example.com', '$2y$10$TKh8H1.PfQx37YgCzwiKb.KjNyWgaHb9cbcoQgdIVFlYg7B77UdFm', 'y3LoehgEnV', '0', 'higxkeEjdK6g2z7giLOD9KmQakxnXBZqHiWWGkfQ', 'true', '2021-06-12 20:34:25', '2021-06-12 20:34:25', NULL),
(377, 'robin abernathy', 'roob.marquis@example.net', '$2y$10$TKh8H1.PfQx37YgCzwiKb.KjNyWgaHb9cbcoQgdIVFlYg7B77UdFm', 'MUTaMTalgz', '0', 'fpoooyxjQTGOePAC7ml5cgY19iwBH3BjpRCMHavA', 'false', '2021-06-12 20:34:25', '2021-06-12 20:34:25', NULL),
(378, 'vickie fahey', 'sarah.nitzsche@example.net', '$2y$10$TKh8H1.PfQx37YgCzwiKb.KjNyWgaHb9cbcoQgdIVFlYg7B77UdFm', 'ewRugx2fNs', '1', NULL, 'false', '2021-06-12 20:34:25', '2021-06-12 20:34:25', NULL),
(379, 'kaela jenkins', 'hamill.brent@example.com', '$2y$10$TKh8H1.PfQx37YgCzwiKb.KjNyWgaHb9cbcoQgdIVFlYg7B77UdFm', 'dX87gLHEJz', '0', '0uXC6bGhytvq5mV7NS0dgN8FHA2HQ7927lQ5zIf4', 'true', '2021-06-12 20:34:25', '2021-06-12 20:34:25', NULL),
(380, 'leland zboncak', 'dan.fadel@example.net', '$2y$10$TKh8H1.PfQx37YgCzwiKb.KjNyWgaHb9cbcoQgdIVFlYg7B77UdFm', 'lQH8l77s32', '1', NULL, 'false', '2021-06-12 20:34:25', '2021-06-12 20:34:25', NULL),
(381, 'dr. ellen quitzon iii', 'qpowlowski@example.net', '$2y$10$TKh8H1.PfQx37YgCzwiKb.KjNyWgaHb9cbcoQgdIVFlYg7B77UdFm', '1enWycJJ5R', '0', 'N6kujof9HBx6WsWy2pEXEmuDXDW29G3yvDipT11R', 'true', '2021-06-12 20:34:25', '2021-06-12 20:34:25', NULL),
(382, 'nina jerde', 'evan51@example.org', '$2y$10$TKh8H1.PfQx37YgCzwiKb.KjNyWgaHb9cbcoQgdIVFlYg7B77UdFm', 'RUtbjoKBai', '1', NULL, 'false', '2021-06-12 20:34:25', '2021-06-12 20:34:25', NULL),
(383, 'rafaela adams v', 'providenci.walker@example.net', '$2y$10$TKh8H1.PfQx37YgCzwiKb.KjNyWgaHb9cbcoQgdIVFlYg7B77UdFm', 'RFDYpJLSKR', '0', 'ahSDPzOCiS7jM2ijIcfiGperPayO30qaxtduxoip', 'false', '2021-06-12 20:34:25', '2021-06-12 20:34:25', NULL),
(384, 'orpha schmeler', 'dimitri.cremin@example.net', '$2y$10$TKh8H1.PfQx37YgCzwiKb.KjNyWgaHb9cbcoQgdIVFlYg7B77UdFm', 'zE8G5cxNgF', '0', '1n9otT9TTrTUen4obGhT00qeO7ruURdQvdz1uxSu', 'true', '2021-06-12 20:34:26', '2021-06-12 20:34:26', NULL),
(385, 'nettie koepp', 'ashton.von@example.org', '$2y$10$TKh8H1.PfQx37YgCzwiKb.KjNyWgaHb9cbcoQgdIVFlYg7B77UdFm', 'bl4XdRuAir', '0', 'TNCX3JqUy56bW9wLFggHjkmS6Q3omWsuBTHkh4MU', 'true', '2021-06-12 20:34:26', '2021-06-12 20:34:26', NULL),
(386, 'prof. anahi hane', 'mlabadie@example.com', '$2y$10$TKh8H1.PfQx37YgCzwiKb.KjNyWgaHb9cbcoQgdIVFlYg7B77UdFm', 'IuiDYj1D5U', '1', NULL, 'true', '2021-06-12 20:34:26', '2021-06-12 20:34:26', NULL),
(387, 'nicole schuster', 'astrid.morissette@example.org', '$2y$10$TKh8H1.PfQx37YgCzwiKb.KjNyWgaHb9cbcoQgdIVFlYg7B77UdFm', 'cklYzj1n2j', '0', 'GxmfP1BAZIVfOj5Jj28y0aCfdZVTrP8ihkKkxdpU', 'false', '2021-06-12 20:34:26', '2021-06-12 20:34:26', NULL),
(388, 'mellie oberbrunner', 'nlockman@example.net', '$2y$10$TKh8H1.PfQx37YgCzwiKb.KjNyWgaHb9cbcoQgdIVFlYg7B77UdFm', 'p6IR1cyNKM', '0', '3FsablTRpjbCUaAP56gx0BF0PIhSt6C12hNxHP1y', 'false', '2021-06-12 20:34:26', '2021-06-12 20:34:26', NULL),
(389, 'prof. dean cassin jr.', 'hauck.doyle@example.net', '$2y$10$TKh8H1.PfQx37YgCzwiKb.KjNyWgaHb9cbcoQgdIVFlYg7B77UdFm', 'xne0oSIky1', '0', '01S1srQLRQQx1LhFOWC3P3Lj6acOrYIgDCz5g5dO', 'false', '2021-06-12 20:34:26', '2021-06-12 20:34:26', NULL),
(390, 'mr. jensen wintheiser v', 'ollie81@example.org', '$2y$10$TKh8H1.PfQx37YgCzwiKb.KjNyWgaHb9cbcoQgdIVFlYg7B77UdFm', 'JZ8MmDNlaP', '0', '3I2bFEauDmkyiJWr1GCRzoWCkkNmueMrYNHNm5Kd', 'true', '2021-06-12 20:34:26', '2021-06-12 20:34:26', NULL),
(391, 'dolores maggio phd', 'stamm.gladys@example.org', '$2y$10$TKh8H1.PfQx37YgCzwiKb.KjNyWgaHb9cbcoQgdIVFlYg7B77UdFm', 'Sf2pWtQo3t', '0', 'U5czXUHxCfBzW0jvh2aoi1WRoLGrejqgFAx5SXHV', 'false', '2021-06-12 20:34:26', '2021-06-12 20:34:26', NULL),
(392, 'amy greenfelder', 'ana89@example.com', '$2y$10$TKh8H1.PfQx37YgCzwiKb.KjNyWgaHb9cbcoQgdIVFlYg7B77UdFm', 'UdGr2FRpaK', '0', '80m4BRQdFpu8SG9OFfRBWcw3mLLDg5K4C5XNeigj', 'true', '2021-06-12 20:34:26', '2021-06-12 20:34:26', NULL),
(393, 'mrs. bonnie quitzon sr.', 'wmoen@example.net', '$2y$10$TKh8H1.PfQx37YgCzwiKb.KjNyWgaHb9cbcoQgdIVFlYg7B77UdFm', '00H9ajjTAS', '0', 'uU5lMH1eDZq8o4KLTdvOVtLEDik1qEtxEQyS69W2', 'false', '2021-06-12 20:34:26', '2021-06-12 20:34:26', NULL),
(394, 'shane harris', 'dock.sauer@example.org', '$2y$10$TKh8H1.PfQx37YgCzwiKb.KjNyWgaHb9cbcoQgdIVFlYg7B77UdFm', 'vNlI4U3gtC', '0', '3A0wxt7JIsCvU17KOhVurfcBu0AfEx4t6owaJSQy', 'false', '2021-06-12 20:34:26', '2021-06-12 20:34:26', NULL),
(395, 'libbie daugherty', 'jmaggio@example.org', '$2y$10$TKh8H1.PfQx37YgCzwiKb.KjNyWgaHb9cbcoQgdIVFlYg7B77UdFm', 'lTLVNa65mY', '1', NULL, 'false', '2021-06-12 20:34:26', '2021-06-12 20:34:26', NULL),
(396, 'julie emard', 'prosacco.alyce@example.net', '$2y$10$TKh8H1.PfQx37YgCzwiKb.KjNyWgaHb9cbcoQgdIVFlYg7B77UdFm', 'wUvdbYcyTN', '0', 'i3NN8nYl6a8RE8m1bmoMdpjPgOaRTww1Rj9NZJYA', 'false', '2021-06-12 20:34:26', '2021-06-12 20:34:26', NULL),
(397, 'enoch williamson md', 'klang@example.org', '$2y$10$TKh8H1.PfQx37YgCzwiKb.KjNyWgaHb9cbcoQgdIVFlYg7B77UdFm', '3Y4HHdgK4S', '0', 'puPafvzqw1s11SVlDDLKJ9H7PpzrRgSKajGEeaj3', 'false', '2021-06-12 20:34:26', '2021-06-12 20:34:26', NULL),
(398, 'ms. adelle becker', 'mcole@example.org', '$2y$10$TKh8H1.PfQx37YgCzwiKb.KjNyWgaHb9cbcoQgdIVFlYg7B77UdFm', 'QjPbAaFRls', '0', 'vDsBVcV8fLfIIaCGg5gVEvM4YgQjsGYHZVpdVys7', 'false', '2021-06-12 20:34:26', '2021-06-12 20:34:26', NULL),
(399, 'orie johnson v', 'ezequiel.schimmel@example.net', '$2y$10$TKh8H1.PfQx37YgCzwiKb.KjNyWgaHb9cbcoQgdIVFlYg7B77UdFm', 'wr0EPYJmFL', '0', '2BfNRHywLLicoAMM2FWiWENi9ZkmrbDjQnnwwFoC', 'false', '2021-06-12 20:34:26', '2021-06-12 20:34:26', NULL),
(400, 'elizabeth zieme', 'janessa87@example.com', '$2y$10$TKh8H1.PfQx37YgCzwiKb.KjNyWgaHb9cbcoQgdIVFlYg7B77UdFm', 'vJgo15giNW', '0', 'hBVR8zUaMvkAfgsiP4gx7J3h4S4l5fDItwACfKkS', 'true', '2021-06-12 20:34:26', '2021-06-12 20:34:26', NULL),
(401, 'assunta rath', 'amelie32@example.org', '$2y$10$TKh8H1.PfQx37YgCzwiKb.KjNyWgaHb9cbcoQgdIVFlYg7B77UdFm', 'WLeYpPh518', '0', 'tAfG0mZAVmPTtFaI0c4rKzZEH6lVarCCfe7LntL2', 'true', '2021-06-12 20:34:26', '2021-06-12 20:34:26', NULL),
(402, 'haley kulas', 'kelton75@example.org', '$2y$10$TKh8H1.PfQx37YgCzwiKb.KjNyWgaHb9cbcoQgdIVFlYg7B77UdFm', 'mHTUkj3Zaa', '0', '4FNLyyTnCczYgAMXlR7OaYTQgB1pGCN4HoVwwa5Z', 'false', '2021-06-12 20:34:26', '2021-06-12 20:34:26', NULL),
(403, 'dereck boehm', 'ettie50@example.org', '$2y$10$TKh8H1.PfQx37YgCzwiKb.KjNyWgaHb9cbcoQgdIVFlYg7B77UdFm', 'zc3h495r6y', '1', NULL, 'true', '2021-06-12 20:34:26', '2021-06-12 20:34:26', NULL),
(404, 'holly christiansen', 'cydney.lowe@example.com', '$2y$10$TKh8H1.PfQx37YgCzwiKb.KjNyWgaHb9cbcoQgdIVFlYg7B77UdFm', 'Da4gCCiGzy', '1', NULL, 'true', '2021-06-12 20:34:26', '2021-06-12 20:34:26', NULL),
(405, 'margarett rice', 'uriel19@example.org', '$2y$10$TKh8H1.PfQx37YgCzwiKb.KjNyWgaHb9cbcoQgdIVFlYg7B77UdFm', 'JON5Yd34Jz', '0', 'RvgoGtyUZoXh2kXhoN0t2EKEBfCA6gfQePYEidrA', 'false', '2021-06-12 20:34:26', '2021-06-12 20:34:26', NULL),
(406, 'orin goyette', 'treilly@example.org', '$2y$10$TKh8H1.PfQx37YgCzwiKb.KjNyWgaHb9cbcoQgdIVFlYg7B77UdFm', 'jUIscx7Jc6', '1', NULL, 'false', '2021-06-12 20:34:26', '2021-06-12 20:34:26', NULL),
(407, 'jeremy veum', 'mikayla.harris@example.net', '$2y$10$TKh8H1.PfQx37YgCzwiKb.KjNyWgaHb9cbcoQgdIVFlYg7B77UdFm', 'EbhNbJ1Ggl', '0', '3btERXQF3tVdYzES7gsEFzdOXAXe9QNY8tfSRZ3U', 'true', '2021-06-12 20:34:26', '2021-06-12 20:34:26', NULL),
(408, 'nicholas funk', 'cummerata.sanford@example.org', '$2y$10$TKh8H1.PfQx37YgCzwiKb.KjNyWgaHb9cbcoQgdIVFlYg7B77UdFm', 'Whw2bQdksQ', '1', NULL, 'true', '2021-06-12 20:34:26', '2021-06-12 20:34:26', NULL),
(409, 'aubree blanda', 'noe97@example.net', '$2y$10$TKh8H1.PfQx37YgCzwiKb.KjNyWgaHb9cbcoQgdIVFlYg7B77UdFm', '4vrnvSNjX6', '0', 'AsiY5En0jxPPA0Krj4b5PkHVI87syLBiTwUkmLGI', 'true', '2021-06-12 20:34:26', '2021-06-12 20:34:26', NULL),
(410, 'viola steuber ii', 'pouros.isai@example.org', '$2y$10$TKh8H1.PfQx37YgCzwiKb.KjNyWgaHb9cbcoQgdIVFlYg7B77UdFm', 'w0BdHSnonS', '1', NULL, 'false', '2021-06-12 20:34:26', '2021-06-12 20:34:26', NULL),
(411, 'nelle senger phd', 'dorthy.cummerata@example.net', '$2y$10$TKh8H1.PfQx37YgCzwiKb.KjNyWgaHb9cbcoQgdIVFlYg7B77UdFm', 'EIdAS8dJPm', '0', 'sKNGx81RYEe4gX409xW2yY4jFSAJaVJhC8x8gcmb', 'true', '2021-06-12 20:34:26', '2021-06-12 20:34:26', NULL),
(412, 'mercedes spencer', 'lolita.hegmann@example.com', '$2y$10$TKh8H1.PfQx37YgCzwiKb.KjNyWgaHb9cbcoQgdIVFlYg7B77UdFm', 'X3RRWeS7hT', '1', NULL, 'false', '2021-06-12 20:34:26', '2021-06-12 20:34:26', NULL),
(413, 'kaleb nader', 'sbartoletti@example.org', '$2y$10$TKh8H1.PfQx37YgCzwiKb.KjNyWgaHb9cbcoQgdIVFlYg7B77UdFm', 'vkixGGFsRE', '0', 'V2R6Ft9N8OBrNoNcniffBRqbXpBILJcMM5jROdfv', 'true', '2021-06-12 20:34:26', '2021-06-12 20:34:26', NULL),
(414, 'mrs. america tremblay dds', 'jones.osvaldo@example.com', '$2y$10$TKh8H1.PfQx37YgCzwiKb.KjNyWgaHb9cbcoQgdIVFlYg7B77UdFm', '5k03u7f9XX', '1', NULL, 'false', '2021-06-12 20:34:26', '2021-06-12 20:34:26', NULL),
(415, 'hardy o\'kon', 'trinity.gottlieb@example.net', '$2y$10$TKh8H1.PfQx37YgCzwiKb.KjNyWgaHb9cbcoQgdIVFlYg7B77UdFm', 'EUND9sigy6', '1', NULL, 'false', '2021-06-12 20:34:26', '2021-06-12 20:34:26', NULL),
(416, 'sigmund deckow', 'kmarquardt@example.net', '$2y$10$TKh8H1.PfQx37YgCzwiKb.KjNyWgaHb9cbcoQgdIVFlYg7B77UdFm', '7DHPnb8tTT', '1', NULL, 'false', '2021-06-12 20:34:26', '2021-06-12 20:34:26', NULL),
(417, 'santina schoen sr.', 'eloisa18@example.com', '$2y$10$TKh8H1.PfQx37YgCzwiKb.KjNyWgaHb9cbcoQgdIVFlYg7B77UdFm', 'zOsdSFNl1n', '1', NULL, 'false', '2021-06-12 20:34:26', '2021-06-12 20:34:26', NULL),
(418, 'billy nitzsche', 'rogahn.gust@example.org', '$2y$10$TKh8H1.PfQx37YgCzwiKb.KjNyWgaHb9cbcoQgdIVFlYg7B77UdFm', 'qTthKq9XLm', '1', NULL, 'false', '2021-06-12 20:34:26', '2021-06-12 20:34:26', NULL),
(419, 'nikolas bruen', 'grimes.noemie@example.net', '$2y$10$TKh8H1.PfQx37YgCzwiKb.KjNyWgaHb9cbcoQgdIVFlYg7B77UdFm', 'F7DobQ0LCd', '0', 'NX11mWHkqGAKVB0Oh9qcrnJYTxMqHLELt99V72yl', 'false', '2021-06-12 20:34:26', '2021-06-12 20:34:26', NULL),
(420, 'jayden huel', 'otowne@example.org', '$2y$10$TKh8H1.PfQx37YgCzwiKb.KjNyWgaHb9cbcoQgdIVFlYg7B77UdFm', 'DpwW4taGfQ', '1', NULL, 'false', '2021-06-12 20:34:26', '2021-06-12 20:34:26', NULL),
(421, 'kattie kunze ii', 'ramiro40@example.com', '$2y$10$TKh8H1.PfQx37YgCzwiKb.KjNyWgaHb9cbcoQgdIVFlYg7B77UdFm', 'M5ZwIyd5Mh', '1', NULL, 'true', '2021-06-12 20:34:26', '2021-06-12 20:34:26', NULL),
(422, 'jillian eichmann', 'jmarvin@example.net', '$2y$10$TKh8H1.PfQx37YgCzwiKb.KjNyWgaHb9cbcoQgdIVFlYg7B77UdFm', 'KNm9z2vsfj', '0', 'Q6GmPoWEhn5FTn0zL79bwOYdWtDx5mxlBTm1j8pT', 'false', '2021-06-12 20:34:26', '2021-06-12 20:34:26', NULL),
(423, 'suzanne schaden', 'milan.zemlak@example.com', '$2y$10$TKh8H1.PfQx37YgCzwiKb.KjNyWgaHb9cbcoQgdIVFlYg7B77UdFm', 'ZrKKrL5iJQ', '1', NULL, 'false', '2021-06-12 20:34:26', '2021-06-12 20:34:26', NULL),
(424, 'ronaldo jacobson', 'odell.deckow@example.com', '$2y$10$TKh8H1.PfQx37YgCzwiKb.KjNyWgaHb9cbcoQgdIVFlYg7B77UdFm', 'l4Boo5Zjg2', '1', NULL, 'false', '2021-06-12 20:34:26', '2021-06-12 20:34:26', NULL),
(425, 'mrs. estrella effertz', 'chandler.schulist@example.net', '$2y$10$TKh8H1.PfQx37YgCzwiKb.KjNyWgaHb9cbcoQgdIVFlYg7B77UdFm', 'BsFpb0rFvU', '1', NULL, 'true', '2021-06-12 20:34:26', '2021-06-12 20:34:26', NULL),
(426, 'arlie stamm', 'jasmin.goldner@example.org', '$2y$10$TKh8H1.PfQx37YgCzwiKb.KjNyWgaHb9cbcoQgdIVFlYg7B77UdFm', 'huzeKuTJiE', '1', NULL, 'true', '2021-06-12 20:34:26', '2021-06-12 20:34:26', NULL),
(427, 'wendell bartell ii', 'hbashirian@example.org', '$2y$10$TKh8H1.PfQx37YgCzwiKb.KjNyWgaHb9cbcoQgdIVFlYg7B77UdFm', 'UHoxDN5d8h', '0', 'XdKbWStcTqePkSJvmX8REQZ40cr71JJH4KJt66gc', 'false', '2021-06-12 20:34:26', '2021-06-12 20:34:26', NULL),
(428, 'sadie schumm', 'ztreutel@example.com', '$2y$10$TKh8H1.PfQx37YgCzwiKb.KjNyWgaHb9cbcoQgdIVFlYg7B77UdFm', 'fEvX5Vzp8U', '1', NULL, 'true', '2021-06-12 20:34:26', '2021-06-12 20:34:26', NULL),
(429, 'virginie turcotte', 'fhauck@example.net', '$2y$10$TKh8H1.PfQx37YgCzwiKb.KjNyWgaHb9cbcoQgdIVFlYg7B77UdFm', 'teD07Q9fGu', '1', NULL, 'true', '2021-06-12 20:34:26', '2021-06-12 20:34:26', NULL),
(430, 'mr. ronaldo hilpert', 'leila18@example.net', '$2y$10$TKh8H1.PfQx37YgCzwiKb.KjNyWgaHb9cbcoQgdIVFlYg7B77UdFm', 'KnafdaPleB', '0', 'BBuZ6XAeBChJ0i0CFAzSimt45uOqNnF7L5GADdTV', 'true', '2021-06-12 20:34:26', '2021-06-12 20:34:26', NULL),
(431, 'miss cassie hickle', 'hlehner@example.net', '$2y$10$TKh8H1.PfQx37YgCzwiKb.KjNyWgaHb9cbcoQgdIVFlYg7B77UdFm', '0mmAPzIpoy', '1', NULL, 'false', '2021-06-12 20:34:26', '2021-06-12 20:34:26', NULL),
(432, 'miss myah o\'keefe iv', 'yundt.breana@example.net', '$2y$10$TKh8H1.PfQx37YgCzwiKb.KjNyWgaHb9cbcoQgdIVFlYg7B77UdFm', 'pYXSQoxgBf', '0', 'MXtAfsranEdRjPzsQlvTtOz7kHjcHcd8QhIzvkde', 'false', '2021-06-12 20:34:26', '2021-06-12 20:34:26', NULL),
(433, 'manuel conn', 'murray.gabriel@example.org', '$2y$10$TKh8H1.PfQx37YgCzwiKb.KjNyWgaHb9cbcoQgdIVFlYg7B77UdFm', 'mdajk2BKtW', '1', NULL, 'false', '2021-06-12 20:34:26', '2021-06-12 20:34:26', NULL),
(434, 'gregg metz', 'bernhard.estella@example.org', '$2y$10$TKh8H1.PfQx37YgCzwiKb.KjNyWgaHb9cbcoQgdIVFlYg7B77UdFm', 'uxp6oJBiLN', '1', NULL, 'false', '2021-06-12 20:34:26', '2021-06-12 20:34:26', NULL),
(435, 'royal johnston', 'lera.zieme@example.net', '$2y$10$TKh8H1.PfQx37YgCzwiKb.KjNyWgaHb9cbcoQgdIVFlYg7B77UdFm', 'kqRJlTNNRV', '1', NULL, 'true', '2021-06-12 20:34:26', '2021-06-12 20:34:26', NULL),
(436, 'allie nader', 'gregoria87@example.org', '$2y$10$TKh8H1.PfQx37YgCzwiKb.KjNyWgaHb9cbcoQgdIVFlYg7B77UdFm', 'LUgLckjqxt', '0', 'HB1BrHu1ryIUmOLmvjCiHZpNMCDKccNECCYkU9F2', 'true', '2021-06-12 20:34:26', '2021-06-12 20:34:26', NULL),
(437, 'keon kunze', 'cullen.wilderman@example.net', '$2y$10$TKh8H1.PfQx37YgCzwiKb.KjNyWgaHb9cbcoQgdIVFlYg7B77UdFm', 'iaU1QMrDGI', '0', 'mvhWvfH4wbkPl7Jo7qIlChqpezOBtuao5yDYp7Qk', 'false', '2021-06-12 20:34:26', '2021-06-12 20:34:26', NULL),
(438, 'mr. sidney rippin', 'roberts.gaylord@example.net', '$2y$10$TKh8H1.PfQx37YgCzwiKb.KjNyWgaHb9cbcoQgdIVFlYg7B77UdFm', 'SqaEv2rheL', '0', 'O3HFb2OWrOXWe9CSL5CWjfWabqDMhac3aDKa2Lnz', 'false', '2021-06-12 20:34:26', '2021-06-12 20:34:26', NULL),
(439, 'gregorio christiansen', 'dhaag@example.com', '$2y$10$TKh8H1.PfQx37YgCzwiKb.KjNyWgaHb9cbcoQgdIVFlYg7B77UdFm', 'd95VSwmhbj', '1', NULL, 'true', '2021-06-12 20:34:26', '2021-06-12 20:34:26', NULL),
(440, 'mrs. alisha rolfson md', 'hassie26@example.net', '$2y$10$TKh8H1.PfQx37YgCzwiKb.KjNyWgaHb9cbcoQgdIVFlYg7B77UdFm', '8JxlEXQebx', '1', NULL, 'true', '2021-06-12 20:34:26', '2021-06-12 20:34:26', NULL),
(441, 'crystal morissette ii', 'ida44@example.net', '$2y$10$TKh8H1.PfQx37YgCzwiKb.KjNyWgaHb9cbcoQgdIVFlYg7B77UdFm', 'Lze6WilmuS', '1', NULL, 'false', '2021-06-12 20:34:26', '2021-06-12 20:34:26', NULL),
(442, 'mrs. reta wiza i', 'oreilly.raoul@example.com', '$2y$10$TKh8H1.PfQx37YgCzwiKb.KjNyWgaHb9cbcoQgdIVFlYg7B77UdFm', 'FlAjyp6ZxS', '1', NULL, 'true', '2021-06-12 20:34:26', '2021-06-12 20:34:26', NULL),
(443, 'denis little', 'georgiana66@example.com', '$2y$10$TKh8H1.PfQx37YgCzwiKb.KjNyWgaHb9cbcoQgdIVFlYg7B77UdFm', '0mr1HD235p', '0', '0iLtEk46el7f38XZo9IrjFt24PJKu5p9Vm9Rn5FS', 'true', '2021-06-12 20:34:26', '2021-06-12 20:34:26', NULL),
(444, 'dr. isabell wiza ii', 'dahlia.goyette@example.com', '$2y$10$TKh8H1.PfQx37YgCzwiKb.KjNyWgaHb9cbcoQgdIVFlYg7B77UdFm', 'ernXwFYovL', '0', 'JKuJf8nN1U7sdJbnWlW7oOSUpWPtvmq72gGulSqn', 'false', '2021-06-12 20:34:26', '2021-06-12 20:34:26', NULL),
(445, 'dallas murazik', 'smith.ardella@example.net', '$2y$10$TKh8H1.PfQx37YgCzwiKb.KjNyWgaHb9cbcoQgdIVFlYg7B77UdFm', '4eq6SuxlHL', '1', NULL, 'true', '2021-06-12 20:34:26', '2021-06-12 20:34:26', NULL),
(446, 'kasey ullrich i', 'ward.cecile@example.org', '$2y$10$TKh8H1.PfQx37YgCzwiKb.KjNyWgaHb9cbcoQgdIVFlYg7B77UdFm', 'kr0yyCNQaG', '0', 'qYpp9rMnkeaFJA3dgGgp5XmW1BUmkh5NAheyft9d', 'true', '2021-06-12 20:34:26', '2021-06-12 20:34:26', NULL),
(447, 'dr. derick boyer', 'llewellyn.hyatt@example.net', '$2y$10$TKh8H1.PfQx37YgCzwiKb.KjNyWgaHb9cbcoQgdIVFlYg7B77UdFm', 'lLwmwFouzN', '1', NULL, 'false', '2021-06-12 20:34:26', '2021-06-12 20:34:26', NULL),
(448, 'orrin pacocha', 'morissette.edwina@example.com', '$2y$10$TKh8H1.PfQx37YgCzwiKb.KjNyWgaHb9cbcoQgdIVFlYg7B77UdFm', 'hrPZ0aivEL', '0', 'wP7sqBqJV70KExZECN1KIDj2ci16CH3682GmyKLO', 'false', '2021-06-12 20:34:26', '2021-06-12 20:34:26', NULL),
(449, 'evangeline hammes iv', 'wrippin@example.com', '$2y$10$TKh8H1.PfQx37YgCzwiKb.KjNyWgaHb9cbcoQgdIVFlYg7B77UdFm', '8L9xyVVav1', '1', NULL, 'false', '2021-06-12 20:34:26', '2021-06-12 20:34:26', NULL),
(450, 'mina raynor', 'macey65@example.org', '$2y$10$TKh8H1.PfQx37YgCzwiKb.KjNyWgaHb9cbcoQgdIVFlYg7B77UdFm', 'oSBCTfkbv8', '1', NULL, 'true', '2021-06-12 20:34:26', '2021-06-12 20:34:26', NULL),
(451, 'prof. kamron shanahan phd', 'mable.braun@example.net', '$2y$10$TKh8H1.PfQx37YgCzwiKb.KjNyWgaHb9cbcoQgdIVFlYg7B77UdFm', 'bK0fdGFpN8', '1', NULL, 'true', '2021-06-12 20:34:26', '2021-06-12 20:34:26', NULL),
(452, 'hoyt macejkovic', 'kennedy.auer@example.net', '$2y$10$TKh8H1.PfQx37YgCzwiKb.KjNyWgaHb9cbcoQgdIVFlYg7B77UdFm', 'wZUCpirbNa', '0', 'hIYKg7IslXWg92SLxvBmFKSmBK1e7i8dhxvueyEm', 'false', '2021-06-12 20:34:26', '2021-06-12 20:34:26', NULL);
INSERT INTO `users` (`id`, `name`, `email`, `password`, `remember_token`, `verified`, `verification_token`, `admin`, `created_at`, `updated_at`, `deleted_at`) VALUES
(453, 'beau wehner', 'madilyn.dicki@example.net', '$2y$10$TKh8H1.PfQx37YgCzwiKb.KjNyWgaHb9cbcoQgdIVFlYg7B77UdFm', 'iEJO4bxUoZ', '0', 'XZnsBfpJXaLLo9N0IN46rhAbKNuH4VK90SRJZUHx', 'true', '2021-06-12 20:34:26', '2021-06-12 20:34:26', NULL),
(454, 'sandra kertzmann', 'lind.lacy@example.org', '$2y$10$TKh8H1.PfQx37YgCzwiKb.KjNyWgaHb9cbcoQgdIVFlYg7B77UdFm', 'nQpuC4yneJ', '0', 'GpgbOnz0wiTByenxHHApVrdgfDV67tNwUf7HfQKO', 'false', '2021-06-12 20:34:26', '2021-06-12 20:34:26', NULL),
(455, 'zita cronin', 'rohan.kylee@example.net', '$2y$10$TKh8H1.PfQx37YgCzwiKb.KjNyWgaHb9cbcoQgdIVFlYg7B77UdFm', '3biYuRoo7Y', '0', 'uMlug9Lagjjk23t6Egu6eN5zFBnyVptUYXsvdmzE', 'false', '2021-06-12 20:34:26', '2021-06-12 20:34:26', NULL),
(456, 'brooklyn batz iii', 'hoeger.jacinto@example.com', '$2y$10$TKh8H1.PfQx37YgCzwiKb.KjNyWgaHb9cbcoQgdIVFlYg7B77UdFm', 'jBeSd8uwdO', '0', 'r24YPPHxk7OAL7GlJy8CLfI15qavqRdyj1VIGy6W', 'false', '2021-06-12 20:34:26', '2021-06-12 20:34:26', NULL),
(457, 'alessia turner', 'keira.russel@example.net', '$2y$10$TKh8H1.PfQx37YgCzwiKb.KjNyWgaHb9cbcoQgdIVFlYg7B77UdFm', '1HDPip3vzq', '0', 'gBZ8NhWhYKnR0dZC0uaIuVzvafKDfkFrv299A5AL', 'false', '2021-06-12 20:34:26', '2021-06-12 20:34:26', NULL),
(458, 'delores nicolas', 'nwilliamson@example.net', '$2y$10$TKh8H1.PfQx37YgCzwiKb.KjNyWgaHb9cbcoQgdIVFlYg7B77UdFm', 'JtS6YaYFxZ', '0', 'RWsv0gXqPrUnWB7rv8DLMHbivj6n32Gr34yUkgOk', 'true', '2021-06-12 20:34:26', '2021-06-12 20:34:26', NULL),
(459, 'mona hickle ii', 'kohler.kurtis@example.com', '$2y$10$TKh8H1.PfQx37YgCzwiKb.KjNyWgaHb9cbcoQgdIVFlYg7B77UdFm', '1VVN2NuOk2', '0', 'iLOpEQBu5StOP8OqCwZ4ArxPh9IBqdTyN68M2m1R', 'true', '2021-06-12 20:34:26', '2021-06-12 20:34:26', NULL),
(460, 'royce o\'kon', 'meta19@example.com', '$2y$10$TKh8H1.PfQx37YgCzwiKb.KjNyWgaHb9cbcoQgdIVFlYg7B77UdFm', 'wse8yuwJe3', '1', NULL, 'true', '2021-06-12 20:34:26', '2021-06-12 20:34:26', NULL),
(461, 'ms. chaya goldner md', 'gladyce39@example.org', '$2y$10$TKh8H1.PfQx37YgCzwiKb.KjNyWgaHb9cbcoQgdIVFlYg7B77UdFm', 'cYOGv5W0lg', '0', '7o75lQNPVnvRL4kffjr1CR8YcjhvPmhbfZrTvo7H', 'true', '2021-06-12 20:34:26', '2021-06-12 20:34:26', NULL),
(462, 'emilio beier', 'faye15@example.com', '$2y$10$TKh8H1.PfQx37YgCzwiKb.KjNyWgaHb9cbcoQgdIVFlYg7B77UdFm', 'gFCMmGQzXH', '1', NULL, 'false', '2021-06-12 20:34:26', '2021-06-12 20:34:26', NULL),
(463, 'bernita trantow', 'padberg.hayden@example.com', '$2y$10$TKh8H1.PfQx37YgCzwiKb.KjNyWgaHb9cbcoQgdIVFlYg7B77UdFm', 'zAU0yAZbpa', '1', NULL, 'true', '2021-06-12 20:34:26', '2021-06-12 20:34:26', NULL),
(464, 'jammie lindgren', 'charley87@example.com', '$2y$10$TKh8H1.PfQx37YgCzwiKb.KjNyWgaHb9cbcoQgdIVFlYg7B77UdFm', 'sHfW311tBF', '1', NULL, 'false', '2021-06-12 20:34:26', '2021-06-12 20:34:26', NULL),
(465, 'myra jaskolski', 'bernice92@example.net', '$2y$10$TKh8H1.PfQx37YgCzwiKb.KjNyWgaHb9cbcoQgdIVFlYg7B77UdFm', 'uuxjAc3ogr', '1', NULL, 'true', '2021-06-12 20:34:26', '2021-06-12 20:34:26', NULL),
(466, 'caterina nolan', 'csatterfield@example.net', '$2y$10$TKh8H1.PfQx37YgCzwiKb.KjNyWgaHb9cbcoQgdIVFlYg7B77UdFm', 'AaTmhULBso', '0', 'RGFivYzRJvKV4pQbxfgWPyiW2Hg1e5DZrmAMq161', 'true', '2021-06-12 20:34:26', '2021-06-12 20:34:26', NULL),
(467, 'mack russel', 'tristian97@example.org', '$2y$10$TKh8H1.PfQx37YgCzwiKb.KjNyWgaHb9cbcoQgdIVFlYg7B77UdFm', 'ScrIiuMiXP', '1', NULL, 'true', '2021-06-12 20:34:26', '2021-06-12 20:34:26', NULL),
(468, 'brianne mayert', 'borer.jettie@example.net', '$2y$10$TKh8H1.PfQx37YgCzwiKb.KjNyWgaHb9cbcoQgdIVFlYg7B77UdFm', 'H8f4jbjgf7', '1', NULL, 'true', '2021-06-12 20:34:26', '2021-06-12 20:34:26', NULL),
(469, 'hanna daniel', 'peyton.russel@example.com', '$2y$10$TKh8H1.PfQx37YgCzwiKb.KjNyWgaHb9cbcoQgdIVFlYg7B77UdFm', 'vUh9YAhzuJ', '1', NULL, 'false', '2021-06-12 20:34:26', '2021-06-12 20:34:26', NULL),
(470, 'mrs. erna parker jr.', 'emie.beahan@example.com', '$2y$10$TKh8H1.PfQx37YgCzwiKb.KjNyWgaHb9cbcoQgdIVFlYg7B77UdFm', 'Gls1w4B8WO', '0', 'MQAMvcrTA7T4r9vgujZAcw2MEv7yFwZJOvXzo8pT', 'true', '2021-06-12 20:34:26', '2021-06-12 20:34:26', NULL),
(471, 'lucious oberbrunner', 'luettgen.maximillian@example.net', '$2y$10$TKh8H1.PfQx37YgCzwiKb.KjNyWgaHb9cbcoQgdIVFlYg7B77UdFm', '3k5hjke8dt', '0', 'wspOhE9IUna2hPTf35k2sUA1C8cWhalu9UKCBQdS', 'false', '2021-06-12 20:34:26', '2021-06-12 20:34:26', NULL),
(472, 'tamara johnson', 'gpadberg@example.com', '$2y$10$TKh8H1.PfQx37YgCzwiKb.KjNyWgaHb9cbcoQgdIVFlYg7B77UdFm', 'V1d3LDvBuF', '1', NULL, 'false', '2021-06-12 20:34:26', '2021-06-12 20:34:26', NULL),
(473, 'prof. trey huels', 'ortiz.myrna@example.org', '$2y$10$TKh8H1.PfQx37YgCzwiKb.KjNyWgaHb9cbcoQgdIVFlYg7B77UdFm', 'uW3Br5KgHn', '0', 'U1NBxzgBN2j7xgiVNHIzdRdyhG3xdpZfyGPKngEO', 'false', '2021-06-12 20:34:26', '2021-06-12 20:34:26', NULL),
(474, 'maggie ondricka', 'orlando.goyette@example.com', '$2y$10$TKh8H1.PfQx37YgCzwiKb.KjNyWgaHb9cbcoQgdIVFlYg7B77UdFm', 'DnIntNkN29', '1', NULL, 'true', '2021-06-12 20:34:26', '2021-06-12 20:34:26', NULL),
(475, 'brianne larson', 'lowe.seamus@example.org', '$2y$10$TKh8H1.PfQx37YgCzwiKb.KjNyWgaHb9cbcoQgdIVFlYg7B77UdFm', 'qMjNTWDzWR', '1', NULL, 'false', '2021-06-12 20:34:26', '2021-06-12 20:34:26', NULL),
(476, 'hayden jacobs', 'roxane55@example.org', '$2y$10$TKh8H1.PfQx37YgCzwiKb.KjNyWgaHb9cbcoQgdIVFlYg7B77UdFm', 'xW4Pf9fJOz', '1', NULL, 'true', '2021-06-12 20:34:26', '2021-06-12 20:34:26', NULL),
(477, 'sabryna stokes', 'esmeralda.leannon@example.com', '$2y$10$TKh8H1.PfQx37YgCzwiKb.KjNyWgaHb9cbcoQgdIVFlYg7B77UdFm', '6q4FbZIcYg', '0', 'AOEnwTY8R7JIuAP5rJMMFtk5k7xDSNNuQVbqEszD', 'true', '2021-06-12 20:34:26', '2021-06-12 20:34:26', NULL),
(478, 'prof. judson wintheiser iii', 'gsenger@example.net', '$2y$10$TKh8H1.PfQx37YgCzwiKb.KjNyWgaHb9cbcoQgdIVFlYg7B77UdFm', '2trDXEflop', '1', NULL, 'true', '2021-06-12 20:34:26', '2021-06-12 20:34:26', NULL),
(479, 'napoleon kozey', 'arianna.terry@example.org', '$2y$10$TKh8H1.PfQx37YgCzwiKb.KjNyWgaHb9cbcoQgdIVFlYg7B77UdFm', 'G14Os1ZfLC', '1', NULL, 'false', '2021-06-12 20:34:26', '2021-06-12 20:34:26', NULL),
(480, 'stone runolfsdottir', 'eliezer67@example.net', '$2y$10$TKh8H1.PfQx37YgCzwiKb.KjNyWgaHb9cbcoQgdIVFlYg7B77UdFm', 'zQmxwfKc47', '0', 'vij5sF3gvqUlIl2UpUgG4DpJSrAPiUdtoS9db1ZN', 'true', '2021-06-12 20:34:26', '2021-06-12 20:34:26', NULL),
(481, 'prof. aylin koss dds', 'hoppe.robert@example.net', '$2y$10$TKh8H1.PfQx37YgCzwiKb.KjNyWgaHb9cbcoQgdIVFlYg7B77UdFm', 'YtaP9Vp44H', '0', 'sge1tvjcA8BiuugxjiZ7ec9xuyfj5NYhiJzMHvQb', 'false', '2021-06-12 20:34:26', '2021-06-12 20:34:26', NULL),
(482, 'aurelie ferry', 'harris.watson@example.org', '$2y$10$TKh8H1.PfQx37YgCzwiKb.KjNyWgaHb9cbcoQgdIVFlYg7B77UdFm', 'JUKePsqJCs', '0', 'r8wY2GdAhWbMPpPJ4yq0c3DUZ6bO1z3xrOHcM6Li', 'false', '2021-06-12 20:34:26', '2021-06-12 20:34:26', NULL),
(483, 'nikita denesik', 'langosh.lizzie@example.com', '$2y$10$TKh8H1.PfQx37YgCzwiKb.KjNyWgaHb9cbcoQgdIVFlYg7B77UdFm', 'XfL4Ugg4oE', '1', NULL, 'false', '2021-06-12 20:34:26', '2021-06-12 20:34:26', NULL),
(484, 'myah bechtelar iv', 'jstroman@example.org', '$2y$10$TKh8H1.PfQx37YgCzwiKb.KjNyWgaHb9cbcoQgdIVFlYg7B77UdFm', 'p9ESQ0zyYX', '1', NULL, 'false', '2021-06-12 20:34:26', '2021-06-12 20:34:26', NULL),
(485, 'samson altenwerth', 'gaston59@example.net', '$2y$10$TKh8H1.PfQx37YgCzwiKb.KjNyWgaHb9cbcoQgdIVFlYg7B77UdFm', '4jzFj3jNst', '0', 'OTNxBDNktcfQB5ROLhiXa9WthCD26qlzXP8KDVJP', 'false', '2021-06-12 20:34:26', '2021-06-12 20:34:26', NULL),
(486, 'miss alivia waters md', 'heber48@example.net', '$2y$10$TKh8H1.PfQx37YgCzwiKb.KjNyWgaHb9cbcoQgdIVFlYg7B77UdFm', 'MoY1SuDdOg', '0', 'gYrer6ygta66HBNw6PW6ej7Du3KBTnZomen1qLmv', 'true', '2021-06-12 20:34:26', '2021-06-12 20:34:26', NULL),
(487, 'dr. fern douglas ii', 'johnson.alisha@example.com', '$2y$10$TKh8H1.PfQx37YgCzwiKb.KjNyWgaHb9cbcoQgdIVFlYg7B77UdFm', 'hSPuEIzI4e', '1', NULL, 'true', '2021-06-12 20:34:26', '2021-06-12 20:34:26', NULL),
(488, 'mercedes streich ii', 'sage70@example.org', '$2y$10$TKh8H1.PfQx37YgCzwiKb.KjNyWgaHb9cbcoQgdIVFlYg7B77UdFm', 'MrO92676vo', '0', 'dMEerDKuHdL284KCdBeg24JSr5kWoYAIk1NY7jN3', 'true', '2021-06-12 20:34:26', '2021-06-12 20:34:26', NULL),
(489, 'herta flatley iv', 'madonna.paucek@example.net', '$2y$10$TKh8H1.PfQx37YgCzwiKb.KjNyWgaHb9cbcoQgdIVFlYg7B77UdFm', 'rJGwjhjBNN', '0', '4mfpah4hsndrhDYzFfykSzcV7WXs0GVLzBCWZrUu', 'true', '2021-06-12 20:34:26', '2021-06-12 20:34:26', NULL),
(490, 'pattie ortiz', 'stracke.janelle@example.org', '$2y$10$TKh8H1.PfQx37YgCzwiKb.KjNyWgaHb9cbcoQgdIVFlYg7B77UdFm', '5FFpvL324X', '1', NULL, 'true', '2021-06-12 20:34:26', '2021-06-12 20:34:26', NULL),
(491, 'christy ward', 'yhand@example.org', '$2y$10$TKh8H1.PfQx37YgCzwiKb.KjNyWgaHb9cbcoQgdIVFlYg7B77UdFm', 'lm88ShbN3g', '1', NULL, 'true', '2021-06-12 20:34:26', '2021-06-12 20:34:26', NULL),
(492, 'gerardo reynolds', 'mann.bud@example.com', '$2y$10$TKh8H1.PfQx37YgCzwiKb.KjNyWgaHb9cbcoQgdIVFlYg7B77UdFm', 'oKdc82eycp', '1', NULL, 'true', '2021-06-12 20:34:26', '2021-06-12 20:34:26', NULL),
(493, 'joanne ortiz', 'gaston42@example.com', '$2y$10$TKh8H1.PfQx37YgCzwiKb.KjNyWgaHb9cbcoQgdIVFlYg7B77UdFm', 'QOYFUK5pgQ', '1', NULL, 'false', '2021-06-12 20:34:26', '2021-06-12 20:34:26', NULL),
(494, 'cydney murray', 'caesar97@example.org', '$2y$10$TKh8H1.PfQx37YgCzwiKb.KjNyWgaHb9cbcoQgdIVFlYg7B77UdFm', '8mcDgDCs9O', '0', 'S5JQG0uYgl7fh6dtMopDwDs9Ke5ysIuuxgo7UgsL', 'true', '2021-06-12 20:34:26', '2021-06-12 20:34:26', NULL),
(495, 'dr. jamison kautzer v', 'braeden.keeling@example.net', '$2y$10$TKh8H1.PfQx37YgCzwiKb.KjNyWgaHb9cbcoQgdIVFlYg7B77UdFm', 'xuoVc0WAup', '1', NULL, 'true', '2021-06-12 20:34:26', '2021-06-12 20:34:26', NULL),
(496, 'dr. antonina rolfson dvm', 'gleason.norberto@example.org', '$2y$10$TKh8H1.PfQx37YgCzwiKb.KjNyWgaHb9cbcoQgdIVFlYg7B77UdFm', 'BObUCG73pm', '1', NULL, 'false', '2021-06-12 20:34:26', '2021-06-12 20:34:26', NULL),
(497, 'ara farrell', 'claudia.oreilly@example.net', '$2y$10$TKh8H1.PfQx37YgCzwiKb.KjNyWgaHb9cbcoQgdIVFlYg7B77UdFm', 'esbGqJ4zlg', '1', NULL, 'false', '2021-06-12 20:34:26', '2021-06-12 20:34:26', NULL),
(498, 'prof. mike hoeger i', 'pierce.willms@example.net', '$2y$10$TKh8H1.PfQx37YgCzwiKb.KjNyWgaHb9cbcoQgdIVFlYg7B77UdFm', 'D3Ad5ZTxln', '1', NULL, 'true', '2021-06-12 20:34:26', '2021-06-12 20:34:26', NULL),
(499, 'mrs. stephany auer dvm', 'rrutherford@example.org', '$2y$10$TKh8H1.PfQx37YgCzwiKb.KjNyWgaHb9cbcoQgdIVFlYg7B77UdFm', 'RbAPZfToSt', '0', 'H89QL3JFEXoQaHhJvLQt4DnPcIuwCFmZixHDaj2S', 'true', '2021-06-12 20:34:26', '2021-06-12 20:34:26', NULL),
(500, 'jettie nolan', 'king.javon@example.com', '$2y$10$TKh8H1.PfQx37YgCzwiKb.KjNyWgaHb9cbcoQgdIVFlYg7B77UdFm', '2hX1BiV2Rs', '0', 'aC8XdBCg7gdQzPN2yGYl7bkTdilvEXgt4tavt8tA', 'true', '2021-06-12 20:34:26', '2021-06-12 20:34:26', NULL),
(501, 'jake walter phd', 'johnson.danyka@example.net', '$2y$10$TKh8H1.PfQx37YgCzwiKb.KjNyWgaHb9cbcoQgdIVFlYg7B77UdFm', 'crrsulFisU', '0', '8wvopbR8oDzlJFNJ7CtZbdDWXZ6xfoAtXugkaJRr', 'false', '2021-06-12 20:34:26', '2021-06-12 20:34:26', NULL),
(502, 'rey lehner', 'mcglynn.eden@example.com', '$2y$10$TKh8H1.PfQx37YgCzwiKb.KjNyWgaHb9cbcoQgdIVFlYg7B77UdFm', '147jvrdT1B', '0', 'qDE0tcSOGEbk4mYctq8f0kk8dguGxieCUNroGAGG', 'false', '2021-06-12 20:34:26', '2021-06-12 20:34:26', NULL),
(503, 'helene runolfsdottir', 'wwalsh@example.net', '$2y$10$TKh8H1.PfQx37YgCzwiKb.KjNyWgaHb9cbcoQgdIVFlYg7B77UdFm', 'MLi6690HhH', '1', NULL, 'false', '2021-06-12 20:34:26', '2021-06-12 20:34:26', NULL),
(504, 'ms. barbara schulist', 'brendan.jenkins@example.net', '$2y$10$TKh8H1.PfQx37YgCzwiKb.KjNyWgaHb9cbcoQgdIVFlYg7B77UdFm', 'C14TNJLk4r', '1', NULL, 'true', '2021-06-12 20:34:26', '2021-06-12 20:34:26', NULL),
(505, 'mr. tomas keebler dvm', 'jo82@example.com', '$2y$10$TKh8H1.PfQx37YgCzwiKb.KjNyWgaHb9cbcoQgdIVFlYg7B77UdFm', 'J15ZgytZbN', '0', 'n31cFZq3DP7OsmbIkeTqDZP7JDMP40NGMKRNOua6', 'false', '2021-06-12 20:34:26', '2021-06-12 20:34:26', NULL),
(506, 'kelsi feeney', 'streich.gerardo@example.net', '$2y$10$TKh8H1.PfQx37YgCzwiKb.KjNyWgaHb9cbcoQgdIVFlYg7B77UdFm', 'KRs0h2FUhx', '1', NULL, 'false', '2021-06-12 20:34:26', '2021-06-12 20:34:26', NULL),
(507, 'prof. kieran o\'reilly ii', 'jkoss@example.net', '$2y$10$TKh8H1.PfQx37YgCzwiKb.KjNyWgaHb9cbcoQgdIVFlYg7B77UdFm', 'fqbxFP6oZg', '1', NULL, 'false', '2021-06-12 20:34:26', '2021-06-12 20:34:26', NULL),
(508, 'hailee hermiston', 'tkiehn@example.com', '$2y$10$TKh8H1.PfQx37YgCzwiKb.KjNyWgaHb9cbcoQgdIVFlYg7B77UdFm', 'iRc3GXa30b', '1', NULL, 'true', '2021-06-12 20:34:26', '2021-06-12 20:34:26', NULL),
(509, 'dr. jesus hudson v', 'mrowe@example.org', '$2y$10$TKh8H1.PfQx37YgCzwiKb.KjNyWgaHb9cbcoQgdIVFlYg7B77UdFm', 'lM11GBcXMD', '0', 'Pkuur90yHo730QW2RWOt5vtgCP1Vcwy65S4zULG7', 'true', '2021-06-12 20:34:26', '2021-06-12 20:34:26', NULL),
(510, 'chelsey batz', 'humberto14@example.com', '$2y$10$TKh8H1.PfQx37YgCzwiKb.KjNyWgaHb9cbcoQgdIVFlYg7B77UdFm', 'EwvSx4o0YC', '0', 'kWwDZ1TN0l6zPAOfqX0MYsQowIIqzBcLAR1ePYtp', 'false', '2021-06-12 20:34:26', '2021-06-12 20:34:26', NULL),
(511, 'pearlie wiegand', 'ydickinson@example.net', '$2y$10$TKh8H1.PfQx37YgCzwiKb.KjNyWgaHb9cbcoQgdIVFlYg7B77UdFm', 'qfOS1jHSPs', '0', 'xAGCdxamjowMFoxUPJlYGMOU2YcNys2o5BYC0JP8', 'true', '2021-06-12 20:34:26', '2021-06-12 20:34:26', NULL),
(512, 'letitia bednar', 'nola77@example.org', '$2y$10$TKh8H1.PfQx37YgCzwiKb.KjNyWgaHb9cbcoQgdIVFlYg7B77UdFm', '4IOFOtssqJ', '1', NULL, 'false', '2021-06-12 20:34:26', '2021-06-12 20:34:26', NULL),
(513, 'abner runolfsson', 'abshire.dalton@example.org', '$2y$10$TKh8H1.PfQx37YgCzwiKb.KjNyWgaHb9cbcoQgdIVFlYg7B77UdFm', 'Z6XbyDgG1E', '1', NULL, 'false', '2021-06-12 20:34:26', '2021-06-12 20:34:26', NULL),
(514, 'caleb reilly', 'stefan64@example.org', '$2y$10$TKh8H1.PfQx37YgCzwiKb.KjNyWgaHb9cbcoQgdIVFlYg7B77UdFm', 'MvzoDEayNJ', '0', 'vTCzeT2v2tFzfjB9RxmjH2B50ZROuaIow4QWfIYw', 'false', '2021-06-12 20:34:26', '2021-06-12 20:34:26', NULL),
(515, 'bryana nicolas', 'xlubowitz@example.org', '$2y$10$TKh8H1.PfQx37YgCzwiKb.KjNyWgaHb9cbcoQgdIVFlYg7B77UdFm', '9Q7Wou7Rvh', '1', NULL, 'false', '2021-06-12 20:34:26', '2021-06-12 20:34:26', NULL),
(516, 'idella vandervort', 'grimes.cortez@example.net', '$2y$10$TKh8H1.PfQx37YgCzwiKb.KjNyWgaHb9cbcoQgdIVFlYg7B77UdFm', 'mHrbVTyfvp', '1', NULL, 'false', '2021-06-12 20:34:26', '2021-06-12 20:34:26', NULL),
(517, 'mazie keeling', 'zlabadie@example.org', '$2y$10$TKh8H1.PfQx37YgCzwiKb.KjNyWgaHb9cbcoQgdIVFlYg7B77UdFm', 'BHE9Xy9H5G', '0', 'gVQOx9oNWxNGKt3QzRZxbmHlupdpAKccSngqOjQQ', 'false', '2021-06-12 20:34:26', '2021-06-12 20:34:26', NULL),
(518, 'dr. lew hickle', 'jschaden@example.org', '$2y$10$TKh8H1.PfQx37YgCzwiKb.KjNyWgaHb9cbcoQgdIVFlYg7B77UdFm', 'Y3BIGgLf6f', '0', '3FxUi58KO4pqRzShjtN2HDxbFM2Mvb1T2SUBsTan', 'false', '2021-06-12 20:34:26', '2021-06-12 20:34:26', NULL),
(519, 'dulce shields sr.', 'ustracke@example.com', '$2y$10$TKh8H1.PfQx37YgCzwiKb.KjNyWgaHb9cbcoQgdIVFlYg7B77UdFm', 'EN71GNftko', '1', NULL, 'false', '2021-06-12 20:34:26', '2021-06-12 20:34:26', NULL),
(520, 'cleo wehner', 'eugene16@example.com', '$2y$10$TKh8H1.PfQx37YgCzwiKb.KjNyWgaHb9cbcoQgdIVFlYg7B77UdFm', 'eQGMw5IMvk', '1', NULL, 'false', '2021-06-12 20:34:26', '2021-06-12 20:34:26', NULL),
(521, 'jaylen macejkovic', 'noemy.bernhard@example.org', '$2y$10$TKh8H1.PfQx37YgCzwiKb.KjNyWgaHb9cbcoQgdIVFlYg7B77UdFm', 'yLsgFoy1dw', '0', 'lM2UAtolPTVxNJu2t6OQUESdt5YA3J6lP1TA4prq', 'true', '2021-06-12 20:34:26', '2021-06-12 20:34:26', NULL),
(522, 'ezekiel hermann', 'gust72@example.net', '$2y$10$TKh8H1.PfQx37YgCzwiKb.KjNyWgaHb9cbcoQgdIVFlYg7B77UdFm', 'jiP2vqQ6bk', '0', 'VZAYG1kS2aMn1eCr2SBH5ZZ1yAVkDUJg9DMJbWrR', 'true', '2021-06-12 20:34:26', '2021-06-12 20:34:26', NULL),
(523, 'eldora thompson', 'blanca.borer@example.com', '$2y$10$TKh8H1.PfQx37YgCzwiKb.KjNyWgaHb9cbcoQgdIVFlYg7B77UdFm', 'Hl7UcyoQoI', '1', NULL, 'true', '2021-06-12 20:34:26', '2021-06-12 20:34:26', NULL),
(524, 'dr. ansley runte ii', 'klocko.lee@example.net', '$2y$10$TKh8H1.PfQx37YgCzwiKb.KjNyWgaHb9cbcoQgdIVFlYg7B77UdFm', 'SKekX1dyKR', '0', 'o4n4fR2fVXfzlvBJFbUVwj2TeTiCd8RHUC6jMyMz', 'false', '2021-06-12 20:34:26', '2021-06-12 20:34:26', NULL),
(525, 'jamey mraz', 'cortney.bradtke@example.org', '$2y$10$TKh8H1.PfQx37YgCzwiKb.KjNyWgaHb9cbcoQgdIVFlYg7B77UdFm', 'Wv3xWj1x96', '1', NULL, 'false', '2021-06-12 20:34:26', '2021-06-12 20:34:26', NULL),
(526, 'destin auer', 'peter47@example.net', '$2y$10$TKh8H1.PfQx37YgCzwiKb.KjNyWgaHb9cbcoQgdIVFlYg7B77UdFm', 'vUeUpQQtj9', '0', 's3bpDs98kQtJpuizGWVFqqg9X2WvyVwOFV25I2lU', 'false', '2021-06-12 20:34:26', '2021-06-12 20:34:26', NULL),
(527, 'raina veum i', 'claudine.marvin@example.net', '$2y$10$TKh8H1.PfQx37YgCzwiKb.KjNyWgaHb9cbcoQgdIVFlYg7B77UdFm', '9K4OOZSK0T', '1', NULL, 'true', '2021-06-12 20:34:26', '2021-06-12 20:34:26', NULL),
(528, 'dr. nakia kirlin ii', 'mcrooks@example.org', '$2y$10$TKh8H1.PfQx37YgCzwiKb.KjNyWgaHb9cbcoQgdIVFlYg7B77UdFm', 'nupNvxCFhV', '1', NULL, 'false', '2021-06-12 20:34:26', '2021-06-12 20:34:26', NULL),
(529, 'zena auer', 'gfeil@example.net', '$2y$10$TKh8H1.PfQx37YgCzwiKb.KjNyWgaHb9cbcoQgdIVFlYg7B77UdFm', '3IEEBLh8EW', '1', NULL, 'true', '2021-06-12 20:34:26', '2021-06-12 20:34:26', NULL),
(530, 'neil kovacek', 'cecile01@example.net', '$2y$10$TKh8H1.PfQx37YgCzwiKb.KjNyWgaHb9cbcoQgdIVFlYg7B77UdFm', '1jOJ1c30lv', '1', NULL, 'false', '2021-06-12 20:34:26', '2021-06-12 20:34:26', NULL),
(531, 'ms. ruth jerde', 'hayden73@example.net', '$2y$10$TKh8H1.PfQx37YgCzwiKb.KjNyWgaHb9cbcoQgdIVFlYg7B77UdFm', '0nv3FJb4YG', '1', NULL, 'true', '2021-06-12 20:34:26', '2021-06-12 20:34:26', NULL),
(532, 'sammy lynch', 'nannie47@example.com', '$2y$10$TKh8H1.PfQx37YgCzwiKb.KjNyWgaHb9cbcoQgdIVFlYg7B77UdFm', 'ezPCPEj9lu', '0', 'IU83PNoKQrO9J7PId5Nn6QDDfULV9acAf0PDm8Zo', 'false', '2021-06-12 20:34:26', '2021-06-12 20:34:26', NULL),
(533, 'ewell medhurst', 'dangelo.swift@example.net', '$2y$10$TKh8H1.PfQx37YgCzwiKb.KjNyWgaHb9cbcoQgdIVFlYg7B77UdFm', 'pCzN1H28r5', '1', NULL, 'false', '2021-06-12 20:34:27', '2021-06-12 20:34:27', NULL),
(534, 'orland orn', 'sziemann@example.com', '$2y$10$TKh8H1.PfQx37YgCzwiKb.KjNyWgaHb9cbcoQgdIVFlYg7B77UdFm', 'phgqS2KqNc', '0', 'QNix263U67YPqTLgCDAIS80D0BUkSk7SucgTmd2T', 'true', '2021-06-12 20:34:27', '2021-06-12 20:34:27', NULL),
(535, 'dr. minerva hoppe', 'mueller.maiya@example.org', '$2y$10$TKh8H1.PfQx37YgCzwiKb.KjNyWgaHb9cbcoQgdIVFlYg7B77UdFm', 'sTqw8e5Um5', '0', 'V2jByrppNGP8DjABF0ZwYjI6yNnVuZXGqd2ZSjGd', 'false', '2021-06-12 20:34:27', '2021-06-12 20:34:27', NULL),
(536, 'brayan leffler jr.', 'laurie.gerlach@example.com', '$2y$10$TKh8H1.PfQx37YgCzwiKb.KjNyWgaHb9cbcoQgdIVFlYg7B77UdFm', 'qerhTCrgt9', '1', NULL, 'false', '2021-06-12 20:34:27', '2021-06-12 20:34:27', NULL),
(537, 'mariela nolan sr.', 'cbalistreri@example.net', '$2y$10$TKh8H1.PfQx37YgCzwiKb.KjNyWgaHb9cbcoQgdIVFlYg7B77UdFm', 't4YUJulLkc', '0', 'aZKRo6Vq2AtZwgtRhYNDcHXcESl9dEyHUFZH2mA9', 'false', '2021-06-12 20:34:27', '2021-06-12 20:34:27', NULL),
(538, 'mrs. bella morar ii', 'izulauf@example.com', '$2y$10$TKh8H1.PfQx37YgCzwiKb.KjNyWgaHb9cbcoQgdIVFlYg7B77UdFm', 'WD59pu6ctS', '0', 'kuHFKowuQw5nUiOmjTxXXxnKflCi36mOchGYsnHS', 'false', '2021-06-12 20:34:27', '2021-06-12 20:34:27', NULL),
(539, 'dr. elian bogisich ii', 'huels.alisha@example.org', '$2y$10$TKh8H1.PfQx37YgCzwiKb.KjNyWgaHb9cbcoQgdIVFlYg7B77UdFm', 'Mg5iZhLyxD', '0', 'q1Xvsh8TdiKG6nVq3rbGTgOi9LNXLlIjtMq5nPlX', 'false', '2021-06-12 20:34:27', '2021-06-12 20:34:27', NULL),
(540, 'lavinia larson', 'xhirthe@example.org', '$2y$10$TKh8H1.PfQx37YgCzwiKb.KjNyWgaHb9cbcoQgdIVFlYg7B77UdFm', 'JTQHbLbAIe', '1', NULL, 'false', '2021-06-12 20:34:27', '2021-06-12 20:34:27', NULL),
(541, 'bernadine thiel', 'magali.keebler@example.net', '$2y$10$TKh8H1.PfQx37YgCzwiKb.KjNyWgaHb9cbcoQgdIVFlYg7B77UdFm', 'aJz9EUKZxH', '0', 'XHCksjwgdVHAMJ8aVBF0LoLLk638sdbyBAePvI6G', 'false', '2021-06-12 20:34:27', '2021-06-12 20:34:27', NULL),
(542, 'dr. everett franecki', 'joanne17@example.net', '$2y$10$TKh8H1.PfQx37YgCzwiKb.KjNyWgaHb9cbcoQgdIVFlYg7B77UdFm', 'RsTWNtO47t', '1', NULL, 'false', '2021-06-12 20:34:27', '2021-06-12 20:34:27', NULL),
(543, 'mrs. nia mclaughlin jr.', 'sromaguera@example.com', '$2y$10$TKh8H1.PfQx37YgCzwiKb.KjNyWgaHb9cbcoQgdIVFlYg7B77UdFm', 'nx3vy1Sbsk', '0', '2ryFA2HaeYcDV5xb3Lj0uUSnFLW1qeA0uD80jpqG', 'false', '2021-06-12 20:34:27', '2021-06-12 20:34:27', NULL),
(544, 'marquise gorczany', 'caterina88@example.org', '$2y$10$TKh8H1.PfQx37YgCzwiKb.KjNyWgaHb9cbcoQgdIVFlYg7B77UdFm', 'hJCXUKNE4Y', '0', 'OVm9w348LSI6tmNRj9qJp61ylpyPVTJvm6zBCczq', 'true', '2021-06-12 20:34:27', '2021-06-12 20:34:27', NULL),
(545, 'shannon moen', 'dereck.lemke@example.net', '$2y$10$TKh8H1.PfQx37YgCzwiKb.KjNyWgaHb9cbcoQgdIVFlYg7B77UdFm', 'md87dV663W', '0', 'SoJHfc64tv0zOnrjZN9DybV2DKJUZcQ7dvygPKBn', 'false', '2021-06-12 20:34:27', '2021-06-12 20:34:27', NULL),
(546, 'vincent toy', 'kulas.esta@example.org', '$2y$10$TKh8H1.PfQx37YgCzwiKb.KjNyWgaHb9cbcoQgdIVFlYg7B77UdFm', 'PtVHREY1kG', '1', NULL, 'false', '2021-06-12 20:34:27', '2021-06-12 20:34:27', NULL),
(547, 'keith grant', 'dietrich.eladio@example.org', '$2y$10$TKh8H1.PfQx37YgCzwiKb.KjNyWgaHb9cbcoQgdIVFlYg7B77UdFm', 'IZACq5Uign', '0', 'GDsZY33jCxtoUZ7ZYWsj6ShYx5Rxu2UTgsjmquvE', 'true', '2021-06-12 20:34:27', '2021-06-12 20:34:27', NULL),
(548, 'santino daniel', 'dashawn.bernhard@example.org', '$2y$10$TKh8H1.PfQx37YgCzwiKb.KjNyWgaHb9cbcoQgdIVFlYg7B77UdFm', 'GyDe4Jw75j', '1', NULL, 'false', '2021-06-12 20:34:27', '2021-06-12 20:34:27', NULL),
(549, 'april volkman md', 'abagail70@example.net', '$2y$10$TKh8H1.PfQx37YgCzwiKb.KjNyWgaHb9cbcoQgdIVFlYg7B77UdFm', 'abRso5rJzM', '0', '16qrF2dmFva9lzsY0F8NsXLouC14Itdm0wX0pbhz', 'false', '2021-06-12 20:34:27', '2021-06-12 20:34:27', NULL),
(550, 'itzel harber', 'issac.botsford@example.net', '$2y$10$TKh8H1.PfQx37YgCzwiKb.KjNyWgaHb9cbcoQgdIVFlYg7B77UdFm', 'EbYszJnnU6', '0', 'gCQkRmqGT042YMbGsudf8lfqtQ3ZfxPVQlpAou8l', 'false', '2021-06-12 20:34:27', '2021-06-12 20:34:27', NULL),
(551, 'vada kuhlman', 'franco.kerluke@example.net', '$2y$10$TKh8H1.PfQx37YgCzwiKb.KjNyWgaHb9cbcoQgdIVFlYg7B77UdFm', 'vGOgmxPqJn', '0', 'hqP4AQW47F0W4MfDs23yKhdrwOnC4UfOUJTzj4Jh', 'true', '2021-06-12 20:34:27', '2021-06-12 20:34:27', NULL),
(552, 'leatha beier', 'ondricka.emma@example.org', '$2y$10$TKh8H1.PfQx37YgCzwiKb.KjNyWgaHb9cbcoQgdIVFlYg7B77UdFm', 'xDI48XFroT', '0', 'CaerG7gtFJ70Ef4UIYsh5VwFRESA0pQbVdDyIBwh', 'false', '2021-06-12 20:34:27', '2021-06-12 20:34:27', NULL),
(553, 'anika ledner md', 'jewel36@example.com', '$2y$10$TKh8H1.PfQx37YgCzwiKb.KjNyWgaHb9cbcoQgdIVFlYg7B77UdFm', 'z3Ixy18tyA', '1', NULL, 'true', '2021-06-12 20:34:27', '2021-06-12 20:34:27', NULL),
(554, 'nona balistreri', 'hframi@example.net', '$2y$10$TKh8H1.PfQx37YgCzwiKb.KjNyWgaHb9cbcoQgdIVFlYg7B77UdFm', '6sWzESUEh5', '1', NULL, 'true', '2021-06-12 20:34:27', '2021-06-12 20:34:27', NULL),
(555, 'juana brekke', 'kellie.oconnell@example.org', '$2y$10$TKh8H1.PfQx37YgCzwiKb.KjNyWgaHb9cbcoQgdIVFlYg7B77UdFm', 'IS5eZ451VN', '0', '5lZQmGziUoxP9zUhfD4FxiBeQyduRNZsF9vZ9ZG8', 'true', '2021-06-12 20:34:27', '2021-06-12 20:34:27', NULL),
(556, 'leonel kiehn', 'betsy.barrows@example.org', '$2y$10$TKh8H1.PfQx37YgCzwiKb.KjNyWgaHb9cbcoQgdIVFlYg7B77UdFm', '6hwfaHuLkE', '0', '44qO5Aa32vqJUh8SvqCjpGeLrARyszqofLYFdy8p', 'false', '2021-06-12 20:34:27', '2021-06-12 20:34:27', NULL),
(557, 'ronny schmitt', 'mosciski.jonas@example.net', '$2y$10$TKh8H1.PfQx37YgCzwiKb.KjNyWgaHb9cbcoQgdIVFlYg7B77UdFm', 'KDAekA52dm', '1', NULL, 'true', '2021-06-12 20:34:27', '2021-06-12 20:34:27', NULL),
(558, 'mrs. donna casper', 'celestine08@example.net', '$2y$10$TKh8H1.PfQx37YgCzwiKb.KjNyWgaHb9cbcoQgdIVFlYg7B77UdFm', 'SV77MqCBCr', '0', 'sqYTEhKkgQM9R9MSI6SYybCb3xw0yluQb7jA04td', 'false', '2021-06-12 20:34:27', '2021-06-12 20:34:27', NULL),
(559, 'salma nader', 'horeilly@example.org', '$2y$10$TKh8H1.PfQx37YgCzwiKb.KjNyWgaHb9cbcoQgdIVFlYg7B77UdFm', 'NuqSmxffP7', '0', 'HvkzaA5eJxQH6mAx346eiyKigdFlvcczjOP1U2xl', 'false', '2021-06-12 20:34:27', '2021-06-12 20:34:27', NULL),
(560, 'anya jacobson', 'kuvalis.arne@example.net', '$2y$10$TKh8H1.PfQx37YgCzwiKb.KjNyWgaHb9cbcoQgdIVFlYg7B77UdFm', 'XY1CDGZOpt', '1', NULL, 'true', '2021-06-12 20:34:27', '2021-06-12 20:34:27', NULL),
(561, 'prof. rubie pouros phd', 'lori.paucek@example.net', '$2y$10$TKh8H1.PfQx37YgCzwiKb.KjNyWgaHb9cbcoQgdIVFlYg7B77UdFm', '4XVOhzPcqc', '0', 'BTwRDDXSfqBhCKgDtFNY5fo7GRqFfka8NEe0Ooib', 'false', '2021-06-12 20:34:27', '2021-06-12 20:34:27', NULL),
(562, 'arnoldo hickle', 'kirlin.granville@example.com', '$2y$10$TKh8H1.PfQx37YgCzwiKb.KjNyWgaHb9cbcoQgdIVFlYg7B77UdFm', 'vsNzKSQRM6', '0', 'ApD3cRQ7icn6aXCr6lu2R18z76kHAYtNWoMw8v1l', 'true', '2021-06-12 20:34:27', '2021-06-12 20:34:27', NULL),
(563, 'royce daugherty', 'hulda.connelly@example.com', '$2y$10$TKh8H1.PfQx37YgCzwiKb.KjNyWgaHb9cbcoQgdIVFlYg7B77UdFm', 'T3VjFfLAZt', '1', NULL, 'true', '2021-06-12 20:34:27', '2021-06-12 20:34:27', NULL),
(564, 'romaine considine', 'reynolds.jefferey@example.net', '$2y$10$TKh8H1.PfQx37YgCzwiKb.KjNyWgaHb9cbcoQgdIVFlYg7B77UdFm', 'V0J8uRsmJ0', '0', 'FI3mutx1RiqdjS4JdFLkE4vZahjBDr93RjYs9OAL', 'false', '2021-06-12 20:34:27', '2021-06-12 20:34:27', NULL),
(565, 'prof. vivien schowalter v', 'sauer.ladarius@example.net', '$2y$10$TKh8H1.PfQx37YgCzwiKb.KjNyWgaHb9cbcoQgdIVFlYg7B77UdFm', 'Dd3dxM4mFX', '1', NULL, 'true', '2021-06-12 20:34:27', '2021-06-12 20:34:27', NULL),
(566, 'christa monahan', 'vkuhn@example.com', '$2y$10$TKh8H1.PfQx37YgCzwiKb.KjNyWgaHb9cbcoQgdIVFlYg7B77UdFm', 'sZJfTsJQtD', '0', 'LqWhhvNXu3i9Juh45YG96a6rW2EZIp0wuorZE5SY', 'false', '2021-06-12 20:34:27', '2021-06-12 20:34:27', NULL),
(567, 'holly macejkovic', 'kory.hermiston@example.org', '$2y$10$TKh8H1.PfQx37YgCzwiKb.KjNyWgaHb9cbcoQgdIVFlYg7B77UdFm', 'neHkBYVAA5', '0', 'lU9ack5elvxBA7bj7PnWKAfp2FmAYowSNM8rMSgJ', 'false', '2021-06-12 20:34:27', '2021-06-12 20:34:27', NULL),
(568, 'prof. katarina morar', 'eliezer.muller@example.com', '$2y$10$TKh8H1.PfQx37YgCzwiKb.KjNyWgaHb9cbcoQgdIVFlYg7B77UdFm', 'cMA1Qq7Nc8', '1', NULL, 'false', '2021-06-12 20:34:27', '2021-06-12 20:34:27', NULL),
(569, 'zelda auer iii', 'kemmer.rollin@example.com', '$2y$10$TKh8H1.PfQx37YgCzwiKb.KjNyWgaHb9cbcoQgdIVFlYg7B77UdFm', 'I60rWETWOF', '1', NULL, 'true', '2021-06-12 20:34:27', '2021-06-12 20:34:27', NULL),
(570, 'melvina gottlieb', 'jacinto40@example.net', '$2y$10$TKh8H1.PfQx37YgCzwiKb.KjNyWgaHb9cbcoQgdIVFlYg7B77UdFm', '39eo6dGsia', '1', NULL, 'false', '2021-06-12 20:34:27', '2021-06-12 20:34:27', NULL),
(571, 'emelie cummings', 'greenfelder.lillie@example.org', '$2y$10$TKh8H1.PfQx37YgCzwiKb.KjNyWgaHb9cbcoQgdIVFlYg7B77UdFm', 'IRiMsVO50l', '0', 'dcR8aISUDJLIL11VHZmb91LPUEHj3Y6yviJRyOEe', 'true', '2021-06-12 20:34:27', '2021-06-12 20:34:27', NULL),
(572, 'ines satterfield', 'libbie17@example.net', '$2y$10$TKh8H1.PfQx37YgCzwiKb.KjNyWgaHb9cbcoQgdIVFlYg7B77UdFm', '1Xr9yKAIkk', '1', NULL, 'true', '2021-06-12 20:34:27', '2021-06-12 20:34:27', NULL),
(573, 'nia lebsack', 'nico76@example.net', '$2y$10$TKh8H1.PfQx37YgCzwiKb.KjNyWgaHb9cbcoQgdIVFlYg7B77UdFm', 'NfBSoWGLx8', '0', 'wJ99V9uo1OtiuUWwLdZosnQODjkDBkDDBpe7Rq0f', 'true', '2021-06-12 20:34:27', '2021-06-12 20:34:27', NULL),
(574, 'kamron daniel', 'kutch.clay@example.com', '$2y$10$TKh8H1.PfQx37YgCzwiKb.KjNyWgaHb9cbcoQgdIVFlYg7B77UdFm', 'DfDJ14EW90', '1', NULL, 'true', '2021-06-12 20:34:27', '2021-06-12 20:34:27', NULL),
(575, 'cecil lesch', 'nwunsch@example.net', '$2y$10$TKh8H1.PfQx37YgCzwiKb.KjNyWgaHb9cbcoQgdIVFlYg7B77UdFm', 'HKuyWCydSL', '1', NULL, 'false', '2021-06-12 20:34:27', '2021-06-12 20:34:27', NULL),
(576, 'dwight denesik', 'ybradtke@example.net', '$2y$10$TKh8H1.PfQx37YgCzwiKb.KjNyWgaHb9cbcoQgdIVFlYg7B77UdFm', 'qcBZcEEoJD', '1', NULL, 'true', '2021-06-12 20:34:27', '2021-06-12 20:34:27', NULL),
(577, 'mrs. maybelle casper sr.', 'lexi.runte@example.com', '$2y$10$TKh8H1.PfQx37YgCzwiKb.KjNyWgaHb9cbcoQgdIVFlYg7B77UdFm', 'lGM0DeOyAj', '1', NULL, 'false', '2021-06-12 20:34:27', '2021-06-12 20:34:27', NULL),
(578, 'mona jacobson phd', 'dion.raynor@example.com', '$2y$10$TKh8H1.PfQx37YgCzwiKb.KjNyWgaHb9cbcoQgdIVFlYg7B77UdFm', 'xDaNxP0TEd', '1', NULL, 'false', '2021-06-12 20:34:27', '2021-06-12 20:34:27', NULL),
(579, 'jovanny pagac', 'nolan.harley@example.org', '$2y$10$TKh8H1.PfQx37YgCzwiKb.KjNyWgaHb9cbcoQgdIVFlYg7B77UdFm', 'p2USmUUSro', '0', 'n3q6tefEG5RKhPcI90OryqPAuXv8ahdSUAHfBcr6', 'false', '2021-06-12 20:34:27', '2021-06-12 20:34:27', NULL),
(580, 'juvenal mclaughlin', 'matteo03@example.net', '$2y$10$TKh8H1.PfQx37YgCzwiKb.KjNyWgaHb9cbcoQgdIVFlYg7B77UdFm', 'IDJQi9VrKC', '1', NULL, 'false', '2021-06-12 20:34:27', '2021-06-12 20:34:27', NULL),
(581, 'doug wisoky', 'domenick.cassin@example.org', '$2y$10$TKh8H1.PfQx37YgCzwiKb.KjNyWgaHb9cbcoQgdIVFlYg7B77UdFm', 'HJ9Ew4ktvI', '1', NULL, 'false', '2021-06-12 20:34:27', '2021-06-12 20:34:27', NULL),
(582, 'precious schowalter', 'ujacobi@example.org', '$2y$10$TKh8H1.PfQx37YgCzwiKb.KjNyWgaHb9cbcoQgdIVFlYg7B77UdFm', 'ykLClGBQHB', '1', NULL, 'true', '2021-06-12 20:34:27', '2021-06-12 20:34:27', NULL),
(583, 'osvaldo hammes', 'towne.jamal@example.net', '$2y$10$TKh8H1.PfQx37YgCzwiKb.KjNyWgaHb9cbcoQgdIVFlYg7B77UdFm', 'HxejUz4weA', '1', NULL, 'false', '2021-06-12 20:34:27', '2021-06-12 20:34:27', NULL),
(584, 'britney ziemann', 'xgulgowski@example.com', '$2y$10$TKh8H1.PfQx37YgCzwiKb.KjNyWgaHb9cbcoQgdIVFlYg7B77UdFm', 'lJiVmJcc2Z', '0', 'bB6abQuIuRkMBVDwbyHUGToM8w1k6sCImyoDga1y', 'true', '2021-06-12 20:34:27', '2021-06-12 20:34:27', NULL),
(585, 'prof. jaida west ii', 'dach.antone@example.org', '$2y$10$TKh8H1.PfQx37YgCzwiKb.KjNyWgaHb9cbcoQgdIVFlYg7B77UdFm', 'Cxb52ZLOcy', '1', NULL, 'false', '2021-06-12 20:34:27', '2021-06-12 20:34:27', NULL),
(586, 'jadyn rath', 'legros.major@example.org', '$2y$10$TKh8H1.PfQx37YgCzwiKb.KjNyWgaHb9cbcoQgdIVFlYg7B77UdFm', 'EbkNrlZViN', '0', '5SjTKwTpnZMW1irKylpDU7JGvp7R5mry5MzrxUXa', 'true', '2021-06-12 20:34:27', '2021-06-12 20:34:27', NULL),
(587, 'barbara wyman i', 'michael.lemke@example.net', '$2y$10$TKh8H1.PfQx37YgCzwiKb.KjNyWgaHb9cbcoQgdIVFlYg7B77UdFm', 'wLKZs8vHdY', '0', '2nI2QvTTZlbzkC3UZADPVRQ74Ajtbw2mz2to8kEG', 'true', '2021-06-12 20:34:27', '2021-06-12 20:34:27', NULL),
(588, 'prof. lily kulas', 'dmcdermott@example.org', '$2y$10$TKh8H1.PfQx37YgCzwiKb.KjNyWgaHb9cbcoQgdIVFlYg7B77UdFm', 'i3StoGiWjl', '0', 'gB3YXfeunKv0aVwCwiyom5qR2GbCv4JaeKVrLxJF', 'false', '2021-06-12 20:34:27', '2021-06-12 20:34:27', NULL),
(589, 'alize cremin', 'gkunde@example.net', '$2y$10$TKh8H1.PfQx37YgCzwiKb.KjNyWgaHb9cbcoQgdIVFlYg7B77UdFm', 'llOQ7qeETM', '0', 'faiYRpIBtkogjaSv9f6eqdr6MugfLZduFvMfulGF', 'false', '2021-06-12 20:34:27', '2021-06-12 20:34:27', NULL),
(590, 'jake schiller', 'bosco.eriberto@example.net', '$2y$10$TKh8H1.PfQx37YgCzwiKb.KjNyWgaHb9cbcoQgdIVFlYg7B77UdFm', 'd5YZ1avvzt', '1', NULL, 'true', '2021-06-12 20:34:27', '2021-06-12 20:34:27', NULL),
(591, 'mose schulist', 'shany.kemmer@example.org', '$2y$10$TKh8H1.PfQx37YgCzwiKb.KjNyWgaHb9cbcoQgdIVFlYg7B77UdFm', 'IA5kOFC5SX', '0', 'ibtZiZmiAMZRifmRim5zWqaNdGK8DjXokqwxpASE', 'false', '2021-06-12 20:34:27', '2021-06-12 20:34:27', NULL),
(592, 'lourdes jones', 'demarco.dickinson@example.net', '$2y$10$TKh8H1.PfQx37YgCzwiKb.KjNyWgaHb9cbcoQgdIVFlYg7B77UdFm', 'fYc9HAeGKu', '1', NULL, 'true', '2021-06-12 20:34:27', '2021-06-12 20:34:27', NULL),
(593, 'ms. adelia friesen', 'kurtis62@example.org', '$2y$10$TKh8H1.PfQx37YgCzwiKb.KjNyWgaHb9cbcoQgdIVFlYg7B77UdFm', 'BYHiop9QFw', '0', 'A8BFSZoXvTjgqyuv7WSwfxV9KX8jZjma20gcTmb6', 'true', '2021-06-12 20:34:27', '2021-06-12 20:34:27', NULL),
(594, 'miss chelsie schuster', 'geovany14@example.net', '$2y$10$TKh8H1.PfQx37YgCzwiKb.KjNyWgaHb9cbcoQgdIVFlYg7B77UdFm', 'oGQbVoZcQW', '0', 'pXfnDyj73nsWRQ37eSUPVfHbLFNSyNL5OGhJrPf8', 'false', '2021-06-12 20:34:27', '2021-06-12 20:34:27', NULL),
(595, 'tracy howell', 'terrill.lebsack@example.com', '$2y$10$TKh8H1.PfQx37YgCzwiKb.KjNyWgaHb9cbcoQgdIVFlYg7B77UdFm', '9s5W0zfUJO', '0', 'SjZnTDWakXGXyl9S5GJp1T59WKFEfC4t8O8ijIMr', 'true', '2021-06-12 20:34:27', '2021-06-12 20:34:27', NULL),
(596, 'mercedes vonrueden', 'maiya50@example.org', '$2y$10$TKh8H1.PfQx37YgCzwiKb.KjNyWgaHb9cbcoQgdIVFlYg7B77UdFm', 'TP783gsMU0', '0', 'Fi9GfsEw3j2TRXoipYqNszCpdVrEmX2iXrCx7sK2', 'true', '2021-06-12 20:34:27', '2021-06-12 20:34:27', NULL),
(597, 'lemuel dooley', 'deontae29@example.org', '$2y$10$TKh8H1.PfQx37YgCzwiKb.KjNyWgaHb9cbcoQgdIVFlYg7B77UdFm', 'JXWq3IhcUG', '1', NULL, 'true', '2021-06-12 20:34:27', '2021-06-12 20:34:27', NULL),
(598, 'jeramie kuhn', 'mbrekke@example.org', '$2y$10$TKh8H1.PfQx37YgCzwiKb.KjNyWgaHb9cbcoQgdIVFlYg7B77UdFm', 'TsBFXxVhcH', '0', 'eODK6Nw6oLscio1mQ6BclnoYfF3SGgRbRmzijVJj', 'false', '2021-06-12 20:34:27', '2021-06-12 20:34:27', NULL),
(599, 'bailey oberbrunner', 'asa.runolfsdottir@example.net', '$2y$10$TKh8H1.PfQx37YgCzwiKb.KjNyWgaHb9cbcoQgdIVFlYg7B77UdFm', 'jp5EDd2D75', '0', 'Zu2tDSnaypcbTkgdmHZ9SGMA00eE4k8i8Qg4FSLq', 'false', '2021-06-12 20:34:27', '2021-06-12 20:34:27', NULL),
(600, 'ardella schaden', 'kelley.mcclure@example.org', '$2y$10$TKh8H1.PfQx37YgCzwiKb.KjNyWgaHb9cbcoQgdIVFlYg7B77UdFm', '6amfLynY7Y', '1', NULL, 'false', '2021-06-12 20:34:27', '2021-06-12 20:34:27', NULL),
(601, 'wava hessel', 'louvenia.hill@example.com', '$2y$10$TKh8H1.PfQx37YgCzwiKb.KjNyWgaHb9cbcoQgdIVFlYg7B77UdFm', 'XrvsS8TKIn', '0', '1Qh61m8sLgzZqqKb8Cs7L4QgRfjcVNa8iBXt2AhM', 'true', '2021-06-12 20:34:27', '2021-06-12 20:34:27', NULL),
(602, 'aaliyah hahn iii', 'nina84@example.com', '$2y$10$TKh8H1.PfQx37YgCzwiKb.KjNyWgaHb9cbcoQgdIVFlYg7B77UdFm', 'Mg0ACnDCSV', '0', '2yRwjlzbYGsITxoDKb5ifHN2CndGSyZAO5myHcp2', 'true', '2021-06-12 20:34:27', '2021-06-12 20:34:27', NULL),
(603, 'retta kunde', 'ymosciski@example.net', '$2y$10$TKh8H1.PfQx37YgCzwiKb.KjNyWgaHb9cbcoQgdIVFlYg7B77UdFm', 'mPXVw6QCzs', '1', NULL, 'true', '2021-06-12 20:34:27', '2021-06-12 20:34:27', NULL),
(604, 'hellen schneider', 'uswift@example.net', '$2y$10$TKh8H1.PfQx37YgCzwiKb.KjNyWgaHb9cbcoQgdIVFlYg7B77UdFm', 'Zo4rKzxte6', '0', 'XJAjiRoftbyeAp1JqiITYM7vcuDqWJ17kqw6nYMg', 'true', '2021-06-12 20:34:27', '2021-06-12 20:34:27', NULL),
(605, 'hoyt conn', 'arthur50@example.com', '$2y$10$TKh8H1.PfQx37YgCzwiKb.KjNyWgaHb9cbcoQgdIVFlYg7B77UdFm', 'I7IbViwpuj', '0', 'zK4BCK1UBTmGXhMUOMWsabTRZO3FDCeeeacBp2wz', 'false', '2021-06-12 20:34:27', '2021-06-12 20:34:27', NULL),
(606, 'isom barrows', 'bogisich.cora@example.net', '$2y$10$TKh8H1.PfQx37YgCzwiKb.KjNyWgaHb9cbcoQgdIVFlYg7B77UdFm', '7FjABAHlXQ', '1', NULL, 'true', '2021-06-12 20:34:27', '2021-06-12 20:34:27', NULL),
(607, 'kamron deckow', 'enrico31@example.com', '$2y$10$TKh8H1.PfQx37YgCzwiKb.KjNyWgaHb9cbcoQgdIVFlYg7B77UdFm', 'snfsgxGEU6', '0', 'h6aaoepGGrfpwkJr6Z5kUVolSAXjJRrXPpRhxGWh', 'false', '2021-06-12 20:34:27', '2021-06-12 20:34:27', NULL),
(608, 'ms. queen hickle iv', 'schaefer.amie@example.com', '$2y$10$TKh8H1.PfQx37YgCzwiKb.KjNyWgaHb9cbcoQgdIVFlYg7B77UdFm', 'QuXOUA8Cbx', '0', 'AmqoCtOvoYSvg6zJxuVHimWm9JqhpEXejKTxtHlj', 'false', '2021-06-12 20:34:27', '2021-06-12 20:34:27', NULL),
(609, 'jesse gleason', 'casper.hoppe@example.net', '$2y$10$TKh8H1.PfQx37YgCzwiKb.KjNyWgaHb9cbcoQgdIVFlYg7B77UdFm', 'Nh273zwoP0', '1', NULL, 'true', '2021-06-12 20:34:27', '2021-06-12 20:34:27', NULL),
(610, 'jody gutmann', 'foster91@example.net', '$2y$10$TKh8H1.PfQx37YgCzwiKb.KjNyWgaHb9cbcoQgdIVFlYg7B77UdFm', 'YOAotOSIDx', '1', NULL, 'false', '2021-06-12 20:34:27', '2021-06-12 20:34:27', NULL),
(611, 'erica hayes', 'evelyn.balistreri@example.net', '$2y$10$TKh8H1.PfQx37YgCzwiKb.KjNyWgaHb9cbcoQgdIVFlYg7B77UdFm', 'db4herWPnr', '0', 'XegO6BtR7x3W4C5FtTpnsHlgkkr8Xu4L3RYwEHQO', 'true', '2021-06-12 20:34:27', '2021-06-12 20:34:27', NULL),
(612, 'dylan mraz', 'anais34@example.org', '$2y$10$TKh8H1.PfQx37YgCzwiKb.KjNyWgaHb9cbcoQgdIVFlYg7B77UdFm', 'IN7Nt3xkqz', '0', 'f6IxLwrcEABgf9YF7A1lg6JU7WCxTxM5la2V7KmK', 'false', '2021-06-12 20:34:27', '2021-06-12 20:34:27', NULL),
(613, 'devon gulgowski', 'anderson.damore@example.org', '$2y$10$TKh8H1.PfQx37YgCzwiKb.KjNyWgaHb9cbcoQgdIVFlYg7B77UdFm', 'tlo2m9B1eV', '0', 'saWQiMznUpVNEDCUodF7vdEgMXJBfreOZtUrn9xg', 'true', '2021-06-12 20:34:27', '2021-06-12 20:34:27', NULL),
(614, 'prof. simeon wisoky', 'tkuhlman@example.org', '$2y$10$TKh8H1.PfQx37YgCzwiKb.KjNyWgaHb9cbcoQgdIVFlYg7B77UdFm', 'pxPDIdJNSQ', '1', NULL, 'false', '2021-06-12 20:34:27', '2021-06-12 20:34:27', NULL),
(615, 'edwin kunze jr.', 'abernathy.rogers@example.org', '$2y$10$TKh8H1.PfQx37YgCzwiKb.KjNyWgaHb9cbcoQgdIVFlYg7B77UdFm', 'ax2pVKIYdP', '0', 'Ifd7eoQWdRqP65P0HRtPBWmgslO0lZg0ZApuxG0O', 'false', '2021-06-12 20:34:27', '2021-06-12 20:34:27', NULL),
(616, 'cydney koepp', 'sabina.labadie@example.com', '$2y$10$TKh8H1.PfQx37YgCzwiKb.KjNyWgaHb9cbcoQgdIVFlYg7B77UdFm', 'eIMCzXbH8L', '1', NULL, 'false', '2021-06-12 20:34:27', '2021-06-12 20:34:27', NULL),
(617, 'tyrel lynch phd', 'anderson.meta@example.org', '$2y$10$TKh8H1.PfQx37YgCzwiKb.KjNyWgaHb9cbcoQgdIVFlYg7B77UdFm', 'p0gbIckzTA', '1', NULL, 'false', '2021-06-12 20:34:27', '2021-06-12 20:34:27', NULL),
(618, 'prof. lew graham dds', 'kyle.farrell@example.org', '$2y$10$TKh8H1.PfQx37YgCzwiKb.KjNyWgaHb9cbcoQgdIVFlYg7B77UdFm', 'etS56osVks', '1', NULL, 'true', '2021-06-12 20:34:27', '2021-06-12 20:34:27', NULL),
(619, 'waylon senger', 'tgulgowski@example.net', '$2y$10$TKh8H1.PfQx37YgCzwiKb.KjNyWgaHb9cbcoQgdIVFlYg7B77UdFm', 'dUxA9j1JHg', '1', NULL, 'true', '2021-06-12 20:34:27', '2021-06-12 20:34:27', NULL),
(620, 'vicky witting dvm', 'greenholt.lorena@example.org', '$2y$10$TKh8H1.PfQx37YgCzwiKb.KjNyWgaHb9cbcoQgdIVFlYg7B77UdFm', '2mTWD7iWwe', '0', 'ElawVWlYjl6HQmM3pxsZXYQzDXsEndjhOhfAqjte', 'true', '2021-06-12 20:34:27', '2021-06-12 20:34:27', NULL),
(621, 'janis ebert', 'heller.hank@example.com', '$2y$10$TKh8H1.PfQx37YgCzwiKb.KjNyWgaHb9cbcoQgdIVFlYg7B77UdFm', 'kkinpiaASp', '1', NULL, 'false', '2021-06-12 20:34:27', '2021-06-12 20:34:27', NULL),
(622, 'dr. monica cassin jr.', 'hegmann.zella@example.net', '$2y$10$TKh8H1.PfQx37YgCzwiKb.KjNyWgaHb9cbcoQgdIVFlYg7B77UdFm', '86DBgHYIo5', '1', NULL, 'true', '2021-06-12 20:34:27', '2021-06-12 20:34:27', NULL),
(623, 'adolf nolan', 'fletcher49@example.net', '$2y$10$TKh8H1.PfQx37YgCzwiKb.KjNyWgaHb9cbcoQgdIVFlYg7B77UdFm', 'iTtHNfmfwB', '0', 'eyRelP6v3B7wmvXBtXnXY0vAc3pacrPcMlnEe0IR', 'true', '2021-06-12 20:34:27', '2021-06-12 20:34:27', NULL),
(624, 'luz auer', 'heather26@example.com', '$2y$10$TKh8H1.PfQx37YgCzwiKb.KjNyWgaHb9cbcoQgdIVFlYg7B77UdFm', 'DyRS12y6In', '1', NULL, 'true', '2021-06-12 20:34:27', '2021-06-12 20:34:27', NULL),
(625, 'trevion gusikowski', 'oborer@example.org', '$2y$10$TKh8H1.PfQx37YgCzwiKb.KjNyWgaHb9cbcoQgdIVFlYg7B77UdFm', 'dBR567xWpk', '0', 'edB4rZoB7mcXB9bCgxyEVCG5Z54s04ta9ZkBfzFs', 'true', '2021-06-12 20:34:27', '2021-06-12 20:34:27', NULL),
(626, 'prof. martin rippin', 'paucek.lyric@example.org', '$2y$10$TKh8H1.PfQx37YgCzwiKb.KjNyWgaHb9cbcoQgdIVFlYg7B77UdFm', 'VhYjcfCclL', '0', 'GFlwINjB8jAJfkUNL3ASRpAp6XqaHYwO1FniY4RX', 'false', '2021-06-12 20:34:27', '2021-06-12 20:34:27', NULL),
(627, 'haskell schamberger', 'labadie.annamarie@example.org', '$2y$10$TKh8H1.PfQx37YgCzwiKb.KjNyWgaHb9cbcoQgdIVFlYg7B77UdFm', 'J19d51q3l8', '0', 'egBiqrIo19jiwtT3QZje4DRCNB05N010HHelu33v', 'false', '2021-06-12 20:34:27', '2021-06-12 20:34:27', NULL),
(628, 'prof. toby nitzsche', 'oconner.rosemary@example.org', '$2y$10$TKh8H1.PfQx37YgCzwiKb.KjNyWgaHb9cbcoQgdIVFlYg7B77UdFm', 'ePCgTwB5NO', '0', 'qTWxiR6h6FVlrSw4ERerKEegbLm7gtYUHDlmkV56', 'false', '2021-06-12 20:34:27', '2021-06-12 20:34:27', NULL),
(629, 'prof. marisa green iii', 'qgaylord@example.org', '$2y$10$TKh8H1.PfQx37YgCzwiKb.KjNyWgaHb9cbcoQgdIVFlYg7B77UdFm', 'jhXvmlqeCU', '1', NULL, 'true', '2021-06-12 20:34:27', '2021-06-12 20:34:27', NULL),
(630, 'jennifer parker', 'abbott.maxime@example.com', '$2y$10$TKh8H1.PfQx37YgCzwiKb.KjNyWgaHb9cbcoQgdIVFlYg7B77UdFm', 'zcWL5ec4cg', '0', 'YzihLCKXgzSnERLW8HHwU4rRfzqB0S2YFrml2mDQ', 'true', '2021-06-12 20:34:27', '2021-06-12 20:34:27', NULL),
(631, 'don koch', 'hdickinson@example.org', '$2y$10$TKh8H1.PfQx37YgCzwiKb.KjNyWgaHb9cbcoQgdIVFlYg7B77UdFm', '11SZJbO87v', '0', 'thaz4HASg4nvvANK75DXzg2amQ4umZFNvD2wtH26', 'false', '2021-06-12 20:34:27', '2021-06-12 20:34:27', NULL),
(632, 'prof. kurtis medhurst v', 'ruthe58@example.com', '$2y$10$TKh8H1.PfQx37YgCzwiKb.KjNyWgaHb9cbcoQgdIVFlYg7B77UdFm', 'zNL1b8yNIT', '0', 'fl5HbfbSyF4SHklUj8lmC9Om2PhMm6kFnY6qDKHn', 'false', '2021-06-12 20:34:27', '2021-06-12 20:34:27', NULL),
(633, 'elva conn', 'jeffry.mueller@example.com', '$2y$10$TKh8H1.PfQx37YgCzwiKb.KjNyWgaHb9cbcoQgdIVFlYg7B77UdFm', 'WRGi77eFBl', '1', NULL, 'true', '2021-06-12 20:34:27', '2021-06-12 20:34:27', NULL),
(634, 'mr. juvenal volkman', 'pollich.rocky@example.org', '$2y$10$TKh8H1.PfQx37YgCzwiKb.KjNyWgaHb9cbcoQgdIVFlYg7B77UdFm', 'oJIbmaJElK', '0', '5w0FRX9hIesLfraBGTibesEMTfe874kuyN8sTL57', 'true', '2021-06-12 20:34:27', '2021-06-12 20:34:27', NULL),
(635, 'ms. jackie mckenzie phd', 'kuphal.jeffrey@example.net', '$2y$10$TKh8H1.PfQx37YgCzwiKb.KjNyWgaHb9cbcoQgdIVFlYg7B77UdFm', 'TvP9YaaLN4', '0', 'T7oxTdZHYrs5uEFbK1e3aihIv6IRlRYT700eQnUd', 'true', '2021-06-12 20:34:27', '2021-06-12 20:34:27', NULL),
(636, 'dr. maeve crona phd', 'ulises95@example.net', '$2y$10$TKh8H1.PfQx37YgCzwiKb.KjNyWgaHb9cbcoQgdIVFlYg7B77UdFm', 'eluFNGM0NY', '0', '07P0yejisyQRJjCskPrD30omQv8fGAVJ3mexR9xz', 'true', '2021-06-12 20:34:27', '2021-06-12 20:34:27', NULL),
(637, 'jackeline langosh', 'obernier@example.net', '$2y$10$TKh8H1.PfQx37YgCzwiKb.KjNyWgaHb9cbcoQgdIVFlYg7B77UdFm', 'xjtAlUWRc4', '0', 'mnI8taiLVfycpWXf57m3c4QtzzWSmh85UiWX2WvD', 'true', '2021-06-12 20:34:27', '2021-06-12 20:34:27', NULL),
(638, 'ms. mikayla klocko', 'walton.schuster@example.net', '$2y$10$TKh8H1.PfQx37YgCzwiKb.KjNyWgaHb9cbcoQgdIVFlYg7B77UdFm', 'AggU46kjfp', '1', NULL, 'true', '2021-06-12 20:34:27', '2021-06-12 20:34:27', NULL),
(639, 'blair reichel', 'rachelle64@example.org', '$2y$10$TKh8H1.PfQx37YgCzwiKb.KjNyWgaHb9cbcoQgdIVFlYg7B77UdFm', 'EeHjdQUKSw', '0', 'z89xJRMsbykZBqgRrJ8JRmMmrdeiVxW4yYvT2zC6', 'false', '2021-06-12 20:34:27', '2021-06-12 20:34:27', NULL),
(640, 'sydney kirlin', 'crist.toby@example.net', '$2y$10$TKh8H1.PfQx37YgCzwiKb.KjNyWgaHb9cbcoQgdIVFlYg7B77UdFm', 'jTUOKNPD0q', '0', '2oVnJsWT92tFLtgLSymxGQ7NDFnutgbKzxXHsGKS', 'false', '2021-06-12 20:34:27', '2021-06-12 20:34:27', NULL),
(641, 'jailyn goldner', 'wayne51@example.net', '$2y$10$TKh8H1.PfQx37YgCzwiKb.KjNyWgaHb9cbcoQgdIVFlYg7B77UdFm', 'VBArh860Db', '0', 'evpkiCywfG1MDUmYWOikIFPtRA46sfPv7CAJS8IB', 'false', '2021-06-12 20:34:27', '2021-06-12 20:34:27', NULL),
(642, 'jasen tillman', 'ryundt@example.com', '$2y$10$TKh8H1.PfQx37YgCzwiKb.KjNyWgaHb9cbcoQgdIVFlYg7B77UdFm', 'xLLuDKpnyV', '1', NULL, 'true', '2021-06-12 20:34:27', '2021-06-12 20:34:27', NULL),
(643, 'faye stroman dvm', 'gregoria17@example.org', '$2y$10$TKh8H1.PfQx37YgCzwiKb.KjNyWgaHb9cbcoQgdIVFlYg7B77UdFm', 't1TAPePD8V', '1', NULL, 'true', '2021-06-12 20:34:27', '2021-06-12 20:34:27', NULL),
(644, 'timothy nikolaus', 'chaya18@example.org', '$2y$10$TKh8H1.PfQx37YgCzwiKb.KjNyWgaHb9cbcoQgdIVFlYg7B77UdFm', 'g9e0FwNTfp', '1', NULL, 'false', '2021-06-12 20:34:27', '2021-06-12 20:34:27', NULL),
(645, 'fabiola johnson dvm', 'bhauck@example.net', '$2y$10$TKh8H1.PfQx37YgCzwiKb.KjNyWgaHb9cbcoQgdIVFlYg7B77UdFm', 'ELX0AYN6QE', '0', 'tZz9fHsaE5vdV3a4wKaaMxugEm6WMayM6jWqN4sY', 'true', '2021-06-12 20:34:27', '2021-06-12 20:34:27', NULL),
(646, 'marjolaine langosh', 'zlittle@example.net', '$2y$10$TKh8H1.PfQx37YgCzwiKb.KjNyWgaHb9cbcoQgdIVFlYg7B77UdFm', 'HKgRyaEM5t', '1', NULL, 'false', '2021-06-12 20:34:27', '2021-06-12 20:34:27', NULL),
(647, 'raymundo wisozk', 'zemlak.walker@example.com', '$2y$10$TKh8H1.PfQx37YgCzwiKb.KjNyWgaHb9cbcoQgdIVFlYg7B77UdFm', 'JOPdS1QY57', '1', NULL, 'true', '2021-06-12 20:34:27', '2021-06-12 20:34:27', NULL),
(648, 'beryl doyle', 'kuvalis.thalia@example.com', '$2y$10$TKh8H1.PfQx37YgCzwiKb.KjNyWgaHb9cbcoQgdIVFlYg7B77UdFm', 'JqWsUfrwpV', '0', 'OBjWzq1uuYYuD5VcnHkCPic5qAeVkWVslxV48MLa', 'false', '2021-06-12 20:34:27', '2021-06-12 20:34:27', NULL),
(649, 'florian pfannerstill', 'bins.hoyt@example.org', '$2y$10$TKh8H1.PfQx37YgCzwiKb.KjNyWgaHb9cbcoQgdIVFlYg7B77UdFm', 'nu081c1q3i', '0', 'EA6GPiOmQACyhCzS9c7b9ZifyMkOxxqbAPTHCq6t', 'false', '2021-06-12 20:34:27', '2021-06-12 20:34:27', NULL),
(650, 'lucile wilkinson', 'lon.mcglynn@example.net', '$2y$10$TKh8H1.PfQx37YgCzwiKb.KjNyWgaHb9cbcoQgdIVFlYg7B77UdFm', 'ynLrIEJAwT', '0', 'Ybjwfm52alz7mcHx5UMeh0y7Oo38JG05iBREsaz9', 'false', '2021-06-12 20:34:27', '2021-06-12 20:34:27', NULL),
(651, 'alize crooks ii', 'jacklyn68@example.net', '$2y$10$TKh8H1.PfQx37YgCzwiKb.KjNyWgaHb9cbcoQgdIVFlYg7B77UdFm', 'owioOxdEdf', '0', 'rB0kcuW8C4sIJhD7tHdiLpJD9DlIeSwaUQfQhNP9', 'false', '2021-06-12 20:34:27', '2021-06-12 20:34:27', NULL),
(652, 'prof. brando howell v', 'madelyn.legros@example.net', '$2y$10$TKh8H1.PfQx37YgCzwiKb.KjNyWgaHb9cbcoQgdIVFlYg7B77UdFm', 'qHDh3bOmQw', '1', NULL, 'false', '2021-06-12 20:34:27', '2021-06-12 20:34:27', NULL),
(653, 'vallie hoppe', 'olin73@example.net', '$2y$10$TKh8H1.PfQx37YgCzwiKb.KjNyWgaHb9cbcoQgdIVFlYg7B77UdFm', 'wyp5dIPFw5', '0', 'KFiAFXzHhmE1AxdzYqQAfeGH1lgefrzcjU5y5lSk', 'false', '2021-06-12 20:34:27', '2021-06-12 20:34:27', NULL),
(654, 'virginie champlin iii', 'fsteuber@example.com', '$2y$10$TKh8H1.PfQx37YgCzwiKb.KjNyWgaHb9cbcoQgdIVFlYg7B77UdFm', 'ERxFso3FZQ', '0', 'V48Ogw69Tfl5MfhaNhDqsEwQwm9rTLqrKER7lLpQ', 'false', '2021-06-12 20:34:27', '2021-06-12 20:34:27', NULL),
(655, 'lorenzo ebert', 'awehner@example.org', '$2y$10$TKh8H1.PfQx37YgCzwiKb.KjNyWgaHb9cbcoQgdIVFlYg7B77UdFm', 'FKK58otezI', '1', NULL, 'true', '2021-06-12 20:34:27', '2021-06-12 20:34:27', NULL),
(656, 'gilberto hettinger', 'bill00@example.org', '$2y$10$TKh8H1.PfQx37YgCzwiKb.KjNyWgaHb9cbcoQgdIVFlYg7B77UdFm', 'W2AjbSWt1M', '0', 'A0t2ZgEEeBjdfPuG35OH4OidGJ8O8fk9FncncmwG', 'true', '2021-06-12 20:34:27', '2021-06-12 20:34:27', NULL),
(657, 'emil braun', 'keebler.rocky@example.org', '$2y$10$TKh8H1.PfQx37YgCzwiKb.KjNyWgaHb9cbcoQgdIVFlYg7B77UdFm', 'mJYmPRuQgH', '1', NULL, 'true', '2021-06-12 20:34:27', '2021-06-12 20:34:27', NULL),
(658, 'dr. dane eichmann iii', 'pfunk@example.org', '$2y$10$TKh8H1.PfQx37YgCzwiKb.KjNyWgaHb9cbcoQgdIVFlYg7B77UdFm', 'UAxqttXwrm', '1', NULL, 'false', '2021-06-12 20:34:27', '2021-06-12 20:34:27', NULL),
(659, 'boyd swift', 'justyn90@example.com', '$2y$10$TKh8H1.PfQx37YgCzwiKb.KjNyWgaHb9cbcoQgdIVFlYg7B77UdFm', 'lHv7SjhHrE', '0', 'R4SLqZeBhoDFlACxlgEXaGM7bOWHabHW0mCtQely', 'false', '2021-06-12 20:34:27', '2021-06-12 20:34:27', NULL),
(660, 'savannah krajcik', 'prohaska.nels@example.net', '$2y$10$TKh8H1.PfQx37YgCzwiKb.KjNyWgaHb9cbcoQgdIVFlYg7B77UdFm', '4Oyh8Loqvg', '1', NULL, 'false', '2021-06-12 20:34:27', '2021-06-12 20:34:27', NULL),
(661, 'desiree cartwright', 'nellie.hand@example.org', '$2y$10$TKh8H1.PfQx37YgCzwiKb.KjNyWgaHb9cbcoQgdIVFlYg7B77UdFm', '4TpLCagA4B', '1', NULL, 'false', '2021-06-12 20:34:27', '2021-06-12 20:34:27', NULL),
(662, 'constance mante', 'obreitenberg@example.net', '$2y$10$TKh8H1.PfQx37YgCzwiKb.KjNyWgaHb9cbcoQgdIVFlYg7B77UdFm', 'g6H3Fjvxqa', '0', 'rcnO6FnawuJqFtgSyJSOrGKU7yo0LusKTqyIzLzJ', 'true', '2021-06-12 20:34:27', '2021-06-12 20:34:27', NULL),
(663, 'miss abbie little', 'lwindler@example.com', '$2y$10$TKh8H1.PfQx37YgCzwiKb.KjNyWgaHb9cbcoQgdIVFlYg7B77UdFm', 'RzgAGa54fW', '1', NULL, 'false', '2021-06-12 20:34:27', '2021-06-12 20:34:27', NULL),
(664, 'miss estelle gutmann ii', 'gkreiger@example.net', '$2y$10$TKh8H1.PfQx37YgCzwiKb.KjNyWgaHb9cbcoQgdIVFlYg7B77UdFm', 'rAzFKt6CjP', '1', NULL, 'true', '2021-06-12 20:34:27', '2021-06-12 20:34:27', NULL),
(665, 'krystina upton', 'wyman.genoveva@example.com', '$2y$10$TKh8H1.PfQx37YgCzwiKb.KjNyWgaHb9cbcoQgdIVFlYg7B77UdFm', 'lWRBfINB2x', '1', NULL, 'true', '2021-06-12 20:34:27', '2021-06-12 20:34:27', NULL),
(666, 'garnett hansen', 'garfield.carroll@example.org', '$2y$10$TKh8H1.PfQx37YgCzwiKb.KjNyWgaHb9cbcoQgdIVFlYg7B77UdFm', '5b4PrWmMeo', '0', 'IocG3VxWJ30Amszw5TuTvvR50uBvuoUIJPY8f7Xp', 'true', '2021-06-12 20:34:27', '2021-06-12 20:34:27', NULL),
(667, 'bianka stracke', 'immanuel.kilback@example.org', '$2y$10$TKh8H1.PfQx37YgCzwiKb.KjNyWgaHb9cbcoQgdIVFlYg7B77UdFm', 'KdSdfY3zUV', '0', 'Y8dsZiFg3Qm7dJ9AajVuJNj7WB1aY1BSSEuiW1y0', 'true', '2021-06-12 20:34:27', '2021-06-12 20:34:27', NULL),
(668, 'evert o\'hara', 'delpha.reilly@example.org', '$2y$10$TKh8H1.PfQx37YgCzwiKb.KjNyWgaHb9cbcoQgdIVFlYg7B77UdFm', 'gMkQPTn3Nl', '0', '98iwrlGYWXMxxlvfTbdzuQeZPwhek6ksRTMdCXId', 'true', '2021-06-12 20:34:27', '2021-06-12 20:34:27', NULL),
(669, 'reta franecki', 'ecasper@example.org', '$2y$10$TKh8H1.PfQx37YgCzwiKb.KjNyWgaHb9cbcoQgdIVFlYg7B77UdFm', '9Puw1IqdeR', '1', NULL, 'false', '2021-06-12 20:34:27', '2021-06-12 20:34:27', NULL),
(670, 'mrs. maybell zulauf', 'keith.hahn@example.net', '$2y$10$TKh8H1.PfQx37YgCzwiKb.KjNyWgaHb9cbcoQgdIVFlYg7B77UdFm', 'Y4zCiWChI6', '0', 'CNEtGLA0OKDYFpXsTxMT3iTIbVNFXiW9LlStifg2', 'true', '2021-06-12 20:34:27', '2021-06-12 20:34:27', NULL),
(671, 'alexie hodkiewicz iii', 'rhermiston@example.org', '$2y$10$TKh8H1.PfQx37YgCzwiKb.KjNyWgaHb9cbcoQgdIVFlYg7B77UdFm', 'kxB5fZoPA7', '1', NULL, 'false', '2021-06-12 20:34:27', '2021-06-12 20:34:27', NULL),
(672, 'prof. bernadette conroy v', 'rgraham@example.com', '$2y$10$TKh8H1.PfQx37YgCzwiKb.KjNyWgaHb9cbcoQgdIVFlYg7B77UdFm', 'Z60uGwfuiB', '0', 'vBsSq0xVzBdDsOviKRtrhmBeiTAXNFnG4lnEaLsr', 'true', '2021-06-12 20:34:27', '2021-06-12 20:34:27', NULL),
(673, 'bo pfannerstill', 'alford.quitzon@example.org', '$2y$10$TKh8H1.PfQx37YgCzwiKb.KjNyWgaHb9cbcoQgdIVFlYg7B77UdFm', 'jysnXrzJ5i', '0', 'MGF85aYXIqMtMBqLIAr2Sj3wAlhxrs8q11LAVvCP', 'false', '2021-06-12 20:34:27', '2021-06-12 20:34:27', NULL),
(674, 'josianne hagenes', 'fwiegand@example.com', '$2y$10$TKh8H1.PfQx37YgCzwiKb.KjNyWgaHb9cbcoQgdIVFlYg7B77UdFm', 'yplnMZWv5M', '1', NULL, 'true', '2021-06-12 20:34:27', '2021-06-12 20:34:27', NULL),
(675, 'prof. ebony osinski', 'qtillman@example.org', '$2y$10$TKh8H1.PfQx37YgCzwiKb.KjNyWgaHb9cbcoQgdIVFlYg7B77UdFm', 'O1lXJ9I2vK', '1', NULL, 'false', '2021-06-12 20:34:27', '2021-06-12 20:34:27', NULL),
(676, 'shanie schaefer phd', 'vincent.olson@example.net', '$2y$10$TKh8H1.PfQx37YgCzwiKb.KjNyWgaHb9cbcoQgdIVFlYg7B77UdFm', '587FF2QwZD', '0', 'rATEXILaB4cvItDzsd64SxXGG8K1ZCAqVLENKzMe', 'true', '2021-06-12 20:34:27', '2021-06-12 20:34:27', NULL),
(677, 'madison runolfsson', 'dkrajcik@example.org', '$2y$10$TKh8H1.PfQx37YgCzwiKb.KjNyWgaHb9cbcoQgdIVFlYg7B77UdFm', 's25mwgpxlE', '1', NULL, 'true', '2021-06-12 20:34:27', '2021-06-12 20:34:27', NULL),
(678, 'austen green', 'flarson@example.net', '$2y$10$TKh8H1.PfQx37YgCzwiKb.KjNyWgaHb9cbcoQgdIVFlYg7B77UdFm', 'RnPPSwPIT0', '1', NULL, 'false', '2021-06-12 20:34:27', '2021-06-12 20:34:27', NULL);
INSERT INTO `users` (`id`, `name`, `email`, `password`, `remember_token`, `verified`, `verification_token`, `admin`, `created_at`, `updated_at`, `deleted_at`) VALUES
(679, 'stanford klocko dds', 'tromp.vena@example.org', '$2y$10$TKh8H1.PfQx37YgCzwiKb.KjNyWgaHb9cbcoQgdIVFlYg7B77UdFm', 'oXkCWSka2N', '1', NULL, 'false', '2021-06-12 20:34:27', '2021-06-12 20:34:27', NULL),
(680, 'doyle oberbrunner', 'julien.larkin@example.org', '$2y$10$TKh8H1.PfQx37YgCzwiKb.KjNyWgaHb9cbcoQgdIVFlYg7B77UdFm', 'eJ3hES42HA', '0', 'ED62qxX8cl0IeIupnZ0D7uwfMEGuobHAnPY3lpl8', 'true', '2021-06-12 20:34:27', '2021-06-12 20:34:27', NULL),
(681, 'dejuan howell', 'chanelle.hammes@example.org', '$2y$10$TKh8H1.PfQx37YgCzwiKb.KjNyWgaHb9cbcoQgdIVFlYg7B77UdFm', 'Jm73YOKUM9', '0', 'bEomylVtWJARftx9IT1uNkR5qvME11Pa8NlH21AE', 'false', '2021-06-12 20:34:27', '2021-06-12 20:34:27', NULL),
(682, 'mr. alfred hessel iv', 'melvina.weissnat@example.com', '$2y$10$TKh8H1.PfQx37YgCzwiKb.KjNyWgaHb9cbcoQgdIVFlYg7B77UdFm', 't1oAQFbMZX', '0', '4xcMdwflhhpE8GK5seneI35hVzp7CoYZulN6chgc', 'false', '2021-06-12 20:34:27', '2021-06-12 20:34:27', NULL),
(683, 'everett little', 'lucienne89@example.org', '$2y$10$TKh8H1.PfQx37YgCzwiKb.KjNyWgaHb9cbcoQgdIVFlYg7B77UdFm', 'Tf83ArBtff', '1', NULL, 'true', '2021-06-12 20:34:27', '2021-06-12 20:34:27', NULL),
(684, 'shayna jenkins jr.', 'green.deron@example.com', '$2y$10$TKh8H1.PfQx37YgCzwiKb.KjNyWgaHb9cbcoQgdIVFlYg7B77UdFm', 'tN8NYo63Cq', '1', NULL, 'true', '2021-06-12 20:34:27', '2021-06-12 20:34:27', NULL),
(685, 'prof. abdul dach md', 'orn.israel@example.org', '$2y$10$TKh8H1.PfQx37YgCzwiKb.KjNyWgaHb9cbcoQgdIVFlYg7B77UdFm', 'hp4IU8Jxbo', '0', 'pnDW0tqJU6FBhuHniISWumEPDIatlbbE7P6EbYmO', 'false', '2021-06-12 20:34:27', '2021-06-12 20:34:27', NULL),
(686, 'ruth rogahn', 'madelynn.hudson@example.org', '$2y$10$TKh8H1.PfQx37YgCzwiKb.KjNyWgaHb9cbcoQgdIVFlYg7B77UdFm', 'ZnfPvvksJL', '1', NULL, 'true', '2021-06-12 20:34:27', '2021-06-12 20:34:27', NULL),
(687, 'mrs. nadia hegmann', 'candice.gottlieb@example.com', '$2y$10$TKh8H1.PfQx37YgCzwiKb.KjNyWgaHb9cbcoQgdIVFlYg7B77UdFm', 'e6YaKLFkJf', '0', 'imSiQIuByOm1hIbqT0S64PYHTX3DJbHVlOqruB3P', 'true', '2021-06-12 20:34:27', '2021-06-12 20:34:27', NULL),
(688, 'karianne kertzmann iii', 'jstehr@example.net', '$2y$10$TKh8H1.PfQx37YgCzwiKb.KjNyWgaHb9cbcoQgdIVFlYg7B77UdFm', 'oHXkQxyBMH', '1', NULL, 'true', '2021-06-12 20:34:27', '2021-06-12 20:34:27', NULL),
(689, 'gregorio hermiston', 'rico24@example.com', '$2y$10$TKh8H1.PfQx37YgCzwiKb.KjNyWgaHb9cbcoQgdIVFlYg7B77UdFm', 'ARCdYOmnGj', '1', NULL, 'true', '2021-06-12 20:34:27', '2021-06-12 20:34:27', NULL),
(690, 'rylee murray', 'leanne.kunze@example.org', '$2y$10$TKh8H1.PfQx37YgCzwiKb.KjNyWgaHb9cbcoQgdIVFlYg7B77UdFm', 'JtXkFPtoug', '1', NULL, 'false', '2021-06-12 20:34:28', '2021-06-12 20:34:28', NULL),
(691, 'oscar pfannerstill', 'irma.lehner@example.net', '$2y$10$TKh8H1.PfQx37YgCzwiKb.KjNyWgaHb9cbcoQgdIVFlYg7B77UdFm', 'csX5xQMfHM', '1', NULL, 'true', '2021-06-12 20:34:28', '2021-06-12 20:34:28', NULL),
(692, 'allen kuhlman', 'okoss@example.net', '$2y$10$TKh8H1.PfQx37YgCzwiKb.KjNyWgaHb9cbcoQgdIVFlYg7B77UdFm', 'XxyNxHWeYp', '1', NULL, 'true', '2021-06-12 20:34:28', '2021-06-12 20:34:28', NULL),
(693, 'alison schuppe', 'ystrosin@example.com', '$2y$10$TKh8H1.PfQx37YgCzwiKb.KjNyWgaHb9cbcoQgdIVFlYg7B77UdFm', 'eNv26NBU3k', '1', NULL, 'false', '2021-06-12 20:34:28', '2021-06-12 20:34:28', NULL),
(694, 'ruth breitenberg dvm', 'pschowalter@example.org', '$2y$10$TKh8H1.PfQx37YgCzwiKb.KjNyWgaHb9cbcoQgdIVFlYg7B77UdFm', 'XhKgkGKoxv', '0', 'eBu483E3KzIp4JwHk1HKdTZgJ0jpDAS11cuPy1eb', 'true', '2021-06-12 20:34:28', '2021-06-12 20:34:28', NULL),
(695, 'raheem koss', 'roslyn.hayes@example.org', '$2y$10$TKh8H1.PfQx37YgCzwiKb.KjNyWgaHb9cbcoQgdIVFlYg7B77UdFm', '24mrVfl6df', '0', 'Amhp398Mo4GyTERvxwGnR5C4l5pUCtoBjRLxlo0R', 'true', '2021-06-12 20:34:28', '2021-06-12 20:34:28', NULL),
(696, 'madelyn dach', 'ondricka.diamond@example.org', '$2y$10$TKh8H1.PfQx37YgCzwiKb.KjNyWgaHb9cbcoQgdIVFlYg7B77UdFm', 'pXpjLStXIH', '1', NULL, 'false', '2021-06-12 20:34:28', '2021-06-12 20:34:28', NULL),
(697, 'nova boyle', 'mabernathy@example.com', '$2y$10$TKh8H1.PfQx37YgCzwiKb.KjNyWgaHb9cbcoQgdIVFlYg7B77UdFm', '5xduKfuG1F', '1', NULL, 'false', '2021-06-12 20:34:28', '2021-06-12 20:34:28', NULL),
(698, 'prof. jewel langworth', 'cnicolas@example.org', '$2y$10$TKh8H1.PfQx37YgCzwiKb.KjNyWgaHb9cbcoQgdIVFlYg7B77UdFm', 'zPaOOqFwBW', '1', NULL, 'false', '2021-06-12 20:34:28', '2021-06-12 20:34:28', NULL),
(699, 'prof. ardella dibbert dds', 'kschumm@example.org', '$2y$10$TKh8H1.PfQx37YgCzwiKb.KjNyWgaHb9cbcoQgdIVFlYg7B77UdFm', '83dyXJ723j', '1', NULL, 'true', '2021-06-12 20:34:28', '2021-06-12 20:34:28', NULL),
(700, 'dedric medhurst', 'haley.marcelina@example.org', '$2y$10$TKh8H1.PfQx37YgCzwiKb.KjNyWgaHb9cbcoQgdIVFlYg7B77UdFm', 'vi5WoBP9xl', '0', 'hhMEQrvm0oodqiYyaWGj0D3XWQPC5etVczMgIedV', 'true', '2021-06-12 20:34:28', '2021-06-12 20:34:28', NULL),
(701, 'selmer rempel i', 'dcarter@example.net', '$2y$10$TKh8H1.PfQx37YgCzwiKb.KjNyWgaHb9cbcoQgdIVFlYg7B77UdFm', 'LoQvxRGCIA', '0', 'TEVIsLUfvVdV1LKQCk6xWau1LsmyGiwK323nSUG3', 'false', '2021-06-12 20:34:28', '2021-06-12 20:34:28', NULL),
(702, 'brian raynor', 'helene.reinger@example.org', '$2y$10$TKh8H1.PfQx37YgCzwiKb.KjNyWgaHb9cbcoQgdIVFlYg7B77UdFm', '1WT8pAauwT', '1', NULL, 'false', '2021-06-12 20:34:28', '2021-06-12 20:34:28', NULL),
(703, 'dean bergstrom iii', 'korbin00@example.net', '$2y$10$TKh8H1.PfQx37YgCzwiKb.KjNyWgaHb9cbcoQgdIVFlYg7B77UdFm', 'wW0qMCrC4r', '0', 'IgaTe4H45ocIcYwx1UghmI3m1VjbTUJf0SjAWzkS', 'false', '2021-06-12 20:34:28', '2021-06-12 20:34:28', NULL),
(704, 'norberto mcdermott ii', 'schoen.loyce@example.com', '$2y$10$TKh8H1.PfQx37YgCzwiKb.KjNyWgaHb9cbcoQgdIVFlYg7B77UdFm', 'dstt426Wgk', '0', 'eFslotURGdTknM25Q3AhvoNJdY8hzdswcw81sO4k', 'true', '2021-06-12 20:34:28', '2021-06-12 20:34:28', NULL),
(705, 'orie purdy', 'gaylord23@example.net', '$2y$10$TKh8H1.PfQx37YgCzwiKb.KjNyWgaHb9cbcoQgdIVFlYg7B77UdFm', 'dRUmWSA2IF', '1', NULL, 'true', '2021-06-12 20:34:28', '2021-06-12 20:34:28', NULL),
(706, 'dr. remington zulauf', 'okuneva.tyrique@example.org', '$2y$10$TKh8H1.PfQx37YgCzwiKb.KjNyWgaHb9cbcoQgdIVFlYg7B77UdFm', 'E9tIdFl6dg', '0', 'zPyXBkigf53ueJyA4planAYMiKt4NfhlIlozHkvj', 'true', '2021-06-12 20:34:28', '2021-06-12 20:34:28', NULL),
(707, 'mr. skye carroll', 'paucek.hoyt@example.com', '$2y$10$TKh8H1.PfQx37YgCzwiKb.KjNyWgaHb9cbcoQgdIVFlYg7B77UdFm', 'hrD7RMKjuN', '1', NULL, 'false', '2021-06-12 20:34:28', '2021-06-12 20:34:28', NULL),
(708, 'parker hintz', 'barton.elza@example.com', '$2y$10$TKh8H1.PfQx37YgCzwiKb.KjNyWgaHb9cbcoQgdIVFlYg7B77UdFm', 'Mt0UfNxZIR', '1', NULL, 'true', '2021-06-12 20:34:28', '2021-06-12 20:34:28', NULL),
(709, 'janae kertzmann', 'krodriguez@example.net', '$2y$10$TKh8H1.PfQx37YgCzwiKb.KjNyWgaHb9cbcoQgdIVFlYg7B77UdFm', '1SwmA5fwUX', '1', NULL, 'false', '2021-06-12 20:34:28', '2021-06-12 20:34:28', NULL),
(710, 'eric waelchi sr.', 'hadley.shields@example.com', '$2y$10$TKh8H1.PfQx37YgCzwiKb.KjNyWgaHb9cbcoQgdIVFlYg7B77UdFm', '3lrjQzarUW', '1', NULL, 'true', '2021-06-12 20:34:28', '2021-06-12 20:34:28', NULL),
(711, 'dr. deion mueller sr.', 'santiago58@example.com', '$2y$10$TKh8H1.PfQx37YgCzwiKb.KjNyWgaHb9cbcoQgdIVFlYg7B77UdFm', 'hFJJWKZNw9', '1', NULL, 'true', '2021-06-12 20:34:28', '2021-06-12 20:34:28', NULL),
(712, 'lew fahey', 'eohara@example.com', '$2y$10$TKh8H1.PfQx37YgCzwiKb.KjNyWgaHb9cbcoQgdIVFlYg7B77UdFm', '60hdZkoN5A', '0', 'mrUGvuPIS84XV69OQjprqx3Z8FasTVeaeURt6uwu', 'false', '2021-06-12 20:34:28', '2021-06-12 20:34:28', NULL),
(713, 'harvey hauck', 'zwalker@example.com', '$2y$10$TKh8H1.PfQx37YgCzwiKb.KjNyWgaHb9cbcoQgdIVFlYg7B77UdFm', 'lXBmf8Wj2u', '1', NULL, 'true', '2021-06-12 20:34:28', '2021-06-12 20:34:28', NULL),
(714, 'prof. brittany ziemann', 'wreinger@example.org', '$2y$10$TKh8H1.PfQx37YgCzwiKb.KjNyWgaHb9cbcoQgdIVFlYg7B77UdFm', 'zimpPSAFRE', '1', NULL, 'true', '2021-06-12 20:34:28', '2021-06-12 20:34:28', NULL),
(715, 'elouise walsh', 'armando.conn@example.com', '$2y$10$TKh8H1.PfQx37YgCzwiKb.KjNyWgaHb9cbcoQgdIVFlYg7B77UdFm', '0UoxwbttT4', '1', NULL, 'true', '2021-06-12 20:34:28', '2021-06-12 20:34:28', NULL),
(716, 'miss kaelyn gerlach dvm', 'theodore.wyman@example.org', '$2y$10$TKh8H1.PfQx37YgCzwiKb.KjNyWgaHb9cbcoQgdIVFlYg7B77UdFm', 'ctOtHNGPkl', '1', NULL, 'true', '2021-06-12 20:34:28', '2021-06-12 20:34:28', NULL),
(717, 'garland emmerich jr.', 'raynor.estrella@example.com', '$2y$10$TKh8H1.PfQx37YgCzwiKb.KjNyWgaHb9cbcoQgdIVFlYg7B77UdFm', '8GWkJO29Tu', '0', 'A52KMRbnDgWlwwD8pDxiBfXj7N82soUZvREizOCh', 'true', '2021-06-12 20:34:28', '2021-06-12 20:34:28', NULL),
(718, 'broderick mann jr.', 'rhermiston@example.net', '$2y$10$TKh8H1.PfQx37YgCzwiKb.KjNyWgaHb9cbcoQgdIVFlYg7B77UdFm', '4DJWIo9DoA', '1', NULL, 'true', '2021-06-12 20:34:28', '2021-06-12 20:34:28', NULL),
(719, 'dr. eugenia barrows', 'makenna.carroll@example.org', '$2y$10$TKh8H1.PfQx37YgCzwiKb.KjNyWgaHb9cbcoQgdIVFlYg7B77UdFm', 'odPnmTkP0Q', '1', NULL, 'false', '2021-06-12 20:34:28', '2021-06-12 20:34:28', NULL),
(720, 'mr. loy corkery', 'evolkman@example.org', '$2y$10$TKh8H1.PfQx37YgCzwiKb.KjNyWgaHb9cbcoQgdIVFlYg7B77UdFm', 'L3nwbWmimq', '1', NULL, 'true', '2021-06-12 20:34:28', '2021-06-12 20:34:28', NULL),
(721, 'cheyenne bailey', 'gaylord23@example.com', '$2y$10$TKh8H1.PfQx37YgCzwiKb.KjNyWgaHb9cbcoQgdIVFlYg7B77UdFm', 'NDie1aKjVP', '1', NULL, 'false', '2021-06-12 20:34:28', '2021-06-12 20:34:28', NULL),
(722, 'prof. jasen marvin dds', 'mayert.modesto@example.net', '$2y$10$TKh8H1.PfQx37YgCzwiKb.KjNyWgaHb9cbcoQgdIVFlYg7B77UdFm', 'KAPVwgRK1z', '0', 'bkJ1qwmsvGMb852umihKd33CoaKhhRrZC3SfvSTU', 'false', '2021-06-12 20:34:28', '2021-06-12 20:34:28', NULL),
(723, 'lilyan ruecker v', 'korey.lemke@example.org', '$2y$10$TKh8H1.PfQx37YgCzwiKb.KjNyWgaHb9cbcoQgdIVFlYg7B77UdFm', 'sse4CsQtBk', '0', 'ySM7rIuwjxcu1lVdeXSt4PwrL0obKKe9ppf3yVQU', 'true', '2021-06-12 20:34:28', '2021-06-12 20:34:28', NULL),
(724, 'mrs. madge bayer phd', 'qwelch@example.org', '$2y$10$TKh8H1.PfQx37YgCzwiKb.KjNyWgaHb9cbcoQgdIVFlYg7B77UdFm', '2lHUEd740B', '0', '7xIq8TzHS24GXDXi5VGvWliatEBejhfY2an4eeHR', 'true', '2021-06-12 20:34:28', '2021-06-12 20:34:28', NULL),
(725, 'baylee gottlieb', 'thalvorson@example.com', '$2y$10$TKh8H1.PfQx37YgCzwiKb.KjNyWgaHb9cbcoQgdIVFlYg7B77UdFm', 'iyLMe8oqem', '1', NULL, 'true', '2021-06-12 20:34:28', '2021-06-12 20:34:28', NULL),
(726, 'prof. haylee heller dds', 'wilkinson.keven@example.net', '$2y$10$TKh8H1.PfQx37YgCzwiKb.KjNyWgaHb9cbcoQgdIVFlYg7B77UdFm', 'UDN9CEBnhs', '1', NULL, 'false', '2021-06-12 20:34:28', '2021-06-12 20:34:28', NULL),
(727, 'prof. stuart schowalter phd', 'jcrona@example.net', '$2y$10$TKh8H1.PfQx37YgCzwiKb.KjNyWgaHb9cbcoQgdIVFlYg7B77UdFm', 'A7nFxuhDbD', '1', NULL, 'true', '2021-06-12 20:34:28', '2021-06-12 20:34:28', NULL),
(728, 'justen howe', 'fisher.mathilde@example.net', '$2y$10$TKh8H1.PfQx37YgCzwiKb.KjNyWgaHb9cbcoQgdIVFlYg7B77UdFm', '8TJ6PzLvaW', '1', NULL, 'false', '2021-06-12 20:34:28', '2021-06-12 20:34:28', NULL),
(729, 'miss alberta conn', 'anabel83@example.org', '$2y$10$TKh8H1.PfQx37YgCzwiKb.KjNyWgaHb9cbcoQgdIVFlYg7B77UdFm', 'IhYJwIZ1IG', '0', 'LgkSvv59Uoz8X5hVGe1LBJCdVLWALW8gIgc7ooCX', 'true', '2021-06-12 20:34:28', '2021-06-12 20:34:28', NULL),
(730, 'flavie wintheiser', 'yost.duncan@example.org', '$2y$10$TKh8H1.PfQx37YgCzwiKb.KjNyWgaHb9cbcoQgdIVFlYg7B77UdFm', 'aLGA1oqUMQ', '0', 'cN21XEsPYIwjka7wpsG6bPDFsCIP7SMl1byhqyrm', 'true', '2021-06-12 20:34:28', '2021-06-12 20:34:28', NULL),
(731, 'prof. khalil flatley v', 'felipe.mueller@example.org', '$2y$10$TKh8H1.PfQx37YgCzwiKb.KjNyWgaHb9cbcoQgdIVFlYg7B77UdFm', 'kJL1ugkMqi', '0', '82XnUVyiOA5A7uoBHVGLiq5mnF9esnPeyMYDqFoS', 'false', '2021-06-12 20:34:28', '2021-06-12 20:34:28', NULL),
(732, 'prof. valerie quigley iv', 'mante.deangelo@example.com', '$2y$10$TKh8H1.PfQx37YgCzwiKb.KjNyWgaHb9cbcoQgdIVFlYg7B77UdFm', 'F7oCuBTIM6', '1', NULL, 'false', '2021-06-12 20:34:28', '2021-06-12 20:34:28', NULL),
(733, 'prof. geovanni stracke', 'johnston.gust@example.net', '$2y$10$TKh8H1.PfQx37YgCzwiKb.KjNyWgaHb9cbcoQgdIVFlYg7B77UdFm', 'zf9vYzuylv', '1', NULL, 'false', '2021-06-12 20:34:28', '2021-06-12 20:34:28', NULL),
(734, 'sheridan block', 'bosco.jessie@example.com', '$2y$10$TKh8H1.PfQx37YgCzwiKb.KjNyWgaHb9cbcoQgdIVFlYg7B77UdFm', 'nkoIkHPxqk', '1', NULL, 'false', '2021-06-12 20:34:28', '2021-06-12 20:34:28', NULL),
(735, 'arch will', 'powlowski.suzanne@example.org', '$2y$10$TKh8H1.PfQx37YgCzwiKb.KjNyWgaHb9cbcoQgdIVFlYg7B77UdFm', 'UgKoUle806', '0', 'f2FGALclp0xXemYN4ODLr1uG68VhAQ2G0IuaR2q0', 'false', '2021-06-12 20:34:28', '2021-06-12 20:34:28', NULL),
(736, 'breanna cormier', 'jlesch@example.org', '$2y$10$TKh8H1.PfQx37YgCzwiKb.KjNyWgaHb9cbcoQgdIVFlYg7B77UdFm', 'cR9KEZEjIJ', '0', 'E7srGzNAPxqeSoFNNn7502zWTKCAqBeyUUbS1NrS', 'false', '2021-06-12 20:34:28', '2021-06-12 20:34:28', NULL),
(737, 'laurel o\'reilly', 'marquardt.rachael@example.org', '$2y$10$TKh8H1.PfQx37YgCzwiKb.KjNyWgaHb9cbcoQgdIVFlYg7B77UdFm', 'IBWH1ZIhXg', '0', 'Ly83Td4mmkL1MSEmCAQQ1Zb2ChadVmQnSITfZYGb', 'true', '2021-06-12 20:34:28', '2021-06-12 20:34:28', NULL),
(738, 'mrs. destany beatty', 'dylan.trantow@example.net', '$2y$10$TKh8H1.PfQx37YgCzwiKb.KjNyWgaHb9cbcoQgdIVFlYg7B77UdFm', 'Uez6iMeliP', '0', '11jKAMw3qqFGBlBEA2VrVppsZaRZu17mDLlan0Rv', 'false', '2021-06-12 20:34:28', '2021-06-12 20:34:28', NULL),
(739, 'leonora abbott', 'walker.erwin@example.com', '$2y$10$TKh8H1.PfQx37YgCzwiKb.KjNyWgaHb9cbcoQgdIVFlYg7B77UdFm', 'l8ksNGp8wv', '0', 'ypxL9zFVXvSmatleoJxz9pCdB8YBXxyHBk2eDTjf', 'false', '2021-06-12 20:34:28', '2021-06-12 20:34:28', NULL),
(740, 'oswald huel', 'breitenberg.domenico@example.com', '$2y$10$TKh8H1.PfQx37YgCzwiKb.KjNyWgaHb9cbcoQgdIVFlYg7B77UdFm', 'Q61QfQEwGm', '1', NULL, 'false', '2021-06-12 20:34:28', '2021-06-12 20:34:28', NULL),
(741, 'owen grimes', 'leann.bednar@example.net', '$2y$10$TKh8H1.PfQx37YgCzwiKb.KjNyWgaHb9cbcoQgdIVFlYg7B77UdFm', 'tbI9tLwNtS', '0', 'qrQwGXGAnF7o8AWKdFn85fvTCZhPWBZgqL3IR3ny', 'true', '2021-06-12 20:34:28', '2021-06-12 20:34:28', NULL),
(742, 'brown mann', 'blick.randall@example.org', '$2y$10$TKh8H1.PfQx37YgCzwiKb.KjNyWgaHb9cbcoQgdIVFlYg7B77UdFm', 'ZWluyrn2XX', '0', 'N5u1GS8V4xUOToTq5ExQIrAyVE1DxrzB0dCUlMPj', 'true', '2021-06-12 20:34:28', '2021-06-12 20:34:28', NULL),
(743, 'dr. destiney rice md', 'davis.waino@example.com', '$2y$10$TKh8H1.PfQx37YgCzwiKb.KjNyWgaHb9cbcoQgdIVFlYg7B77UdFm', 'Pee4xHTFmi', '0', 'fsjJqhdW5ANlODKdWLTqXOXvxyUtkVePpQtewsUF', 'true', '2021-06-12 20:34:28', '2021-06-12 20:34:28', NULL),
(744, 'mr. jess lang', 'yharris@example.net', '$2y$10$TKh8H1.PfQx37YgCzwiKb.KjNyWgaHb9cbcoQgdIVFlYg7B77UdFm', 'vw4ol9EBG7', '1', NULL, 'false', '2021-06-12 20:34:28', '2021-06-12 20:34:28', NULL),
(745, 'ignacio collins', 'kuhic.genesis@example.net', '$2y$10$TKh8H1.PfQx37YgCzwiKb.KjNyWgaHb9cbcoQgdIVFlYg7B77UdFm', 'NIQTLZaCiZ', '1', NULL, 'false', '2021-06-12 20:34:28', '2021-06-12 20:34:28', NULL),
(746, 'hardy mills', 'jaclyn74@example.com', '$2y$10$TKh8H1.PfQx37YgCzwiKb.KjNyWgaHb9cbcoQgdIVFlYg7B77UdFm', 'l7GVtbh5c5', '0', 'h2xniEGnIAHgtmNxH2Ku67tYmPHutQc9E1Wjqren', 'true', '2021-06-12 20:34:28', '2021-06-12 20:34:28', NULL),
(747, 'josh altenwerth', 'wgrimes@example.net', '$2y$10$TKh8H1.PfQx37YgCzwiKb.KjNyWgaHb9cbcoQgdIVFlYg7B77UdFm', 'cF5miaMm0A', '1', NULL, 'false', '2021-06-12 20:34:28', '2021-06-12 20:34:28', NULL),
(748, 'evert o\'connell', 'istark@example.net', '$2y$10$TKh8H1.PfQx37YgCzwiKb.KjNyWgaHb9cbcoQgdIVFlYg7B77UdFm', 'hQrLFabdgs', '1', NULL, 'false', '2021-06-12 20:34:28', '2021-06-12 20:34:28', NULL),
(749, 'prof. tom olson', 'herzog.ebba@example.org', '$2y$10$TKh8H1.PfQx37YgCzwiKb.KjNyWgaHb9cbcoQgdIVFlYg7B77UdFm', 'pKK2zoIlhA', '0', 'ezr9QdRczRsGWe5JvD6gffN2ycIjVfZa9Oi221X5', 'true', '2021-06-12 20:34:28', '2021-06-12 20:34:28', NULL),
(750, 'emilia zulauf sr.', 'rrodriguez@example.com', '$2y$10$TKh8H1.PfQx37YgCzwiKb.KjNyWgaHb9cbcoQgdIVFlYg7B77UdFm', '7rLEzbSf0M', '0', 'NCC9S5lK9UpAqhqpysKP3Zp0WmFNpRnNEyZ1bgCV', 'false', '2021-06-12 20:34:28', '2021-06-12 20:34:28', NULL),
(751, 'prof. doug hauck phd', 'jessyca.leannon@example.net', '$2y$10$TKh8H1.PfQx37YgCzwiKb.KjNyWgaHb9cbcoQgdIVFlYg7B77UdFm', 'XOe60LChUj', '1', NULL, 'false', '2021-06-12 20:34:28', '2021-06-12 20:34:28', NULL),
(752, 'dion watsica', 'samantha.kulas@example.net', '$2y$10$TKh8H1.PfQx37YgCzwiKb.KjNyWgaHb9cbcoQgdIVFlYg7B77UdFm', 'AIuTI61C3x', '1', NULL, 'false', '2021-06-12 20:34:28', '2021-06-12 20:34:28', NULL),
(753, 'jonathan reichel', 'philip.russel@example.com', '$2y$10$TKh8H1.PfQx37YgCzwiKb.KjNyWgaHb9cbcoQgdIVFlYg7B77UdFm', '69sgEGpxmO', '1', NULL, 'false', '2021-06-12 20:34:28', '2021-06-12 20:34:28', NULL),
(754, 'jarrett lakin', 'immanuel.wiza@example.com', '$2y$10$TKh8H1.PfQx37YgCzwiKb.KjNyWgaHb9cbcoQgdIVFlYg7B77UdFm', '1QR9xjf3hd', '0', 'xkyhFfcdKetBv8HigQSaEBnTisKHYQwlO6DkPXDf', 'true', '2021-06-12 20:34:28', '2021-06-12 20:34:28', NULL),
(755, 'ms. camylle murazik', 'hoeger.bettie@example.net', '$2y$10$TKh8H1.PfQx37YgCzwiKb.KjNyWgaHb9cbcoQgdIVFlYg7B77UdFm', 'JeDmd6YmwS', '0', '8PH7BkElxLSLFCXGLKN6FKjr34Rpq6z8MWaRpapX', 'false', '2021-06-12 20:34:28', '2021-06-12 20:34:28', NULL),
(756, 'rogers conroy', 'schinner.issac@example.com', '$2y$10$TKh8H1.PfQx37YgCzwiKb.KjNyWgaHb9cbcoQgdIVFlYg7B77UdFm', 'vLNERlhYhM', '1', NULL, 'false', '2021-06-12 20:34:28', '2021-06-12 20:34:28', NULL),
(757, 'heather little', 'bmorar@example.org', '$2y$10$TKh8H1.PfQx37YgCzwiKb.KjNyWgaHb9cbcoQgdIVFlYg7B77UdFm', 'ElG67Xj4to', '1', NULL, 'false', '2021-06-12 20:34:28', '2021-06-12 20:34:28', NULL),
(758, 'lysanne williamson', 'arely.kuhn@example.org', '$2y$10$TKh8H1.PfQx37YgCzwiKb.KjNyWgaHb9cbcoQgdIVFlYg7B77UdFm', 'e8fO80Wb4U', '1', NULL, 'true', '2021-06-12 20:34:28', '2021-06-12 20:34:28', NULL),
(759, 'mr. brandt heidenreich', 'lmclaughlin@example.org', '$2y$10$TKh8H1.PfQx37YgCzwiKb.KjNyWgaHb9cbcoQgdIVFlYg7B77UdFm', 'wtBDP7dLB8', '0', 'cGBpUkEbzs1LQdWqFYe0fpMSr0TUOTfj6hzw8SVc', 'false', '2021-06-12 20:34:28', '2021-06-12 20:34:28', NULL),
(760, 'prof. grace balistreri iv', 'bella.armstrong@example.com', '$2y$10$TKh8H1.PfQx37YgCzwiKb.KjNyWgaHb9cbcoQgdIVFlYg7B77UdFm', 'OLLPJi5BaE', '1', NULL, 'true', '2021-06-12 20:34:28', '2021-06-12 20:34:28', NULL),
(761, 'rick beatty', 'ybreitenberg@example.org', '$2y$10$TKh8H1.PfQx37YgCzwiKb.KjNyWgaHb9cbcoQgdIVFlYg7B77UdFm', 'doIm7YuV4b', '0', 'mhq8nsKqKq07yrsfo4o7QgHY8NUYfeVshGYNdo9O', 'true', '2021-06-12 20:34:28', '2021-06-12 20:34:28', NULL),
(762, 'darrin yost', 'cfeeney@example.com', '$2y$10$TKh8H1.PfQx37YgCzwiKb.KjNyWgaHb9cbcoQgdIVFlYg7B77UdFm', 'y1b7SD5P9g', '1', NULL, 'false', '2021-06-12 20:34:28', '2021-06-12 20:34:28', NULL),
(763, 'prof. rosalee braun sr.', 'okey89@example.net', '$2y$10$TKh8H1.PfQx37YgCzwiKb.KjNyWgaHb9cbcoQgdIVFlYg7B77UdFm', 'HEjcqtZvFQ', '1', NULL, 'false', '2021-06-12 20:34:28', '2021-06-12 20:34:28', NULL),
(764, 'shayne witting', 'manuela.hodkiewicz@example.com', '$2y$10$TKh8H1.PfQx37YgCzwiKb.KjNyWgaHb9cbcoQgdIVFlYg7B77UdFm', 'DARKkUHzLi', '0', '7ljTTwwd2U4sy2OD69d6gaASsfvPOoYezSBVNEZJ', 'false', '2021-06-12 20:34:28', '2021-06-12 20:34:28', NULL),
(765, 'astrid fahey', 'garry70@example.net', '$2y$10$TKh8H1.PfQx37YgCzwiKb.KjNyWgaHb9cbcoQgdIVFlYg7B77UdFm', '7SuPYOQjuz', '1', NULL, 'true', '2021-06-12 20:34:28', '2021-06-12 20:34:28', NULL),
(766, 'esmeralda o\'reilly', 'egaylord@example.org', '$2y$10$TKh8H1.PfQx37YgCzwiKb.KjNyWgaHb9cbcoQgdIVFlYg7B77UdFm', 'BZOai7hzGS', '1', NULL, 'true', '2021-06-12 20:34:28', '2021-06-12 20:34:28', NULL),
(767, 'dr. ayana zboncak ii', 'wilhelmine.collins@example.net', '$2y$10$TKh8H1.PfQx37YgCzwiKb.KjNyWgaHb9cbcoQgdIVFlYg7B77UdFm', 'Hqxjv7QTMU', '1', NULL, 'true', '2021-06-12 20:34:28', '2021-06-12 20:34:28', NULL),
(768, 'piper bednar', 'oschmeler@example.net', '$2y$10$TKh8H1.PfQx37YgCzwiKb.KjNyWgaHb9cbcoQgdIVFlYg7B77UdFm', '1e4oOv2xtR', '1', NULL, 'false', '2021-06-12 20:34:28', '2021-06-12 20:34:28', NULL),
(769, 'rubie ortiz', 'hill.barton@example.org', '$2y$10$TKh8H1.PfQx37YgCzwiKb.KjNyWgaHb9cbcoQgdIVFlYg7B77UdFm', '17XDzC8WGH', '1', NULL, 'true', '2021-06-12 20:34:28', '2021-06-12 20:34:28', NULL),
(770, 'mr. anastacio kessler', 'rhegmann@example.net', '$2y$10$TKh8H1.PfQx37YgCzwiKb.KjNyWgaHb9cbcoQgdIVFlYg7B77UdFm', 'aD35boRfOA', '0', 'IQIEPfynTYgur63YrxC0UUG1dloRUOu8BagcEA3z', 'true', '2021-06-12 20:34:28', '2021-06-12 20:34:28', NULL),
(771, 'wilson russel', 'rebecca38@example.org', '$2y$10$TKh8H1.PfQx37YgCzwiKb.KjNyWgaHb9cbcoQgdIVFlYg7B77UdFm', '4m6fKRSWTD', '0', 'N4Miywlhzz51xfVvEoz0zsOah1jbA9VI0ifojSGD', 'false', '2021-06-12 20:34:28', '2021-06-12 20:34:28', NULL),
(772, 'marlon walter iii', 'orion83@example.net', '$2y$10$TKh8H1.PfQx37YgCzwiKb.KjNyWgaHb9cbcoQgdIVFlYg7B77UdFm', 'OU9pRsrpTr', '0', 'BLTdsA6Qs6m39Khavle95i3DG8wuNX8RjHgXP3qH', 'false', '2021-06-12 20:34:28', '2021-06-12 20:34:28', NULL),
(773, 'dr. brendan weimann', 'alexane50@example.org', '$2y$10$TKh8H1.PfQx37YgCzwiKb.KjNyWgaHb9cbcoQgdIVFlYg7B77UdFm', 'dcqAmiYNWX', '1', NULL, 'true', '2021-06-12 20:34:28', '2021-06-12 20:34:28', NULL),
(774, 'daisha simonis', 'lcronin@example.org', '$2y$10$TKh8H1.PfQx37YgCzwiKb.KjNyWgaHb9cbcoQgdIVFlYg7B77UdFm', 'MWNIKJScR4', '0', 'U2DfYcN6u8howV2lP6ruKqBk6ghSbNvqBvwfUyAB', 'true', '2021-06-12 20:34:28', '2021-06-12 20:34:28', NULL),
(775, 'francesco eichmann', 'reichel.alverta@example.org', '$2y$10$TKh8H1.PfQx37YgCzwiKb.KjNyWgaHb9cbcoQgdIVFlYg7B77UdFm', 'rCtnpFasEd', '0', 'sVwAXKzjJiMeu5L6n6PBEgUw8ud9o6lCsFCuChAf', 'false', '2021-06-12 20:34:28', '2021-06-12 20:34:28', NULL),
(776, 'prof. quentin muller jr.', 'lebsack.alexa@example.net', '$2y$10$TKh8H1.PfQx37YgCzwiKb.KjNyWgaHb9cbcoQgdIVFlYg7B77UdFm', 'jMACiR67gR', '1', NULL, 'false', '2021-06-12 20:34:28', '2021-06-12 20:34:28', NULL),
(777, 'candice tillman', 'mbeer@example.net', '$2y$10$TKh8H1.PfQx37YgCzwiKb.KjNyWgaHb9cbcoQgdIVFlYg7B77UdFm', 'JVly6kQqBX', '0', '35DttewLCjAIVuO7eU1B31KdiKnydmQtl3nrut8t', 'false', '2021-06-12 20:34:28', '2021-06-12 20:34:28', NULL),
(778, 'stephany maggio', 'bogisich.dejuan@example.net', '$2y$10$TKh8H1.PfQx37YgCzwiKb.KjNyWgaHb9cbcoQgdIVFlYg7B77UdFm', 'DzrsRZwf1C', '0', 'pnBWZw2KHQ6F0aAZ9U07Xfa0Haspf8NXLVynCaGr', 'false', '2021-06-12 20:34:28', '2021-06-12 20:34:28', NULL),
(779, 'dr. justyn bashirian sr.', 'johnson.benton@example.com', '$2y$10$TKh8H1.PfQx37YgCzwiKb.KjNyWgaHb9cbcoQgdIVFlYg7B77UdFm', 'py77FdRIZ4', '1', NULL, 'true', '2021-06-12 20:34:28', '2021-06-12 20:34:28', NULL),
(780, 'darius metz', 'vandervort.nadia@example.org', '$2y$10$TKh8H1.PfQx37YgCzwiKb.KjNyWgaHb9cbcoQgdIVFlYg7B77UdFm', 'aJUDJbSuzq', '1', NULL, 'false', '2021-06-12 20:34:28', '2021-06-12 20:34:28', NULL),
(781, 'baylee hermann', 'ydooley@example.net', '$2y$10$TKh8H1.PfQx37YgCzwiKb.KjNyWgaHb9cbcoQgdIVFlYg7B77UdFm', 'UykiCEL5K0', '0', 'MiHlxtZlHfqcTnfJ4aatgH4CzhOJiqcRUI22azx7', 'false', '2021-06-12 20:34:28', '2021-06-12 20:34:28', NULL),
(782, 'nicolette fisher v', 'njenkins@example.com', '$2y$10$TKh8H1.PfQx37YgCzwiKb.KjNyWgaHb9cbcoQgdIVFlYg7B77UdFm', 'yMQD8GseGY', '0', 'VHo8f2xuMh1WWkAwsgzMtq1ZORNy0IADbXGAnmn8', 'true', '2021-06-12 20:34:28', '2021-06-12 20:34:28', NULL),
(783, 'mr. solon collier iii', 'hammes.salvatore@example.net', '$2y$10$TKh8H1.PfQx37YgCzwiKb.KjNyWgaHb9cbcoQgdIVFlYg7B77UdFm', 'sXyTPDkzPz', '0', 'XJ7jjCIP97Tou9gnDMEKDGPLapyyPqVlPBdIjz0x', 'true', '2021-06-12 20:34:28', '2021-06-12 20:34:28', NULL),
(784, 'kendrick schuppe', 'graham35@example.net', '$2y$10$TKh8H1.PfQx37YgCzwiKb.KjNyWgaHb9cbcoQgdIVFlYg7B77UdFm', 'CrNcrS47gF', '0', 'wy3M3HefIblIX7kusN6b6ZF8px4TflRzwyaJHORV', 'true', '2021-06-12 20:34:28', '2021-06-12 20:34:28', NULL),
(785, 'oda friesen', 'merle12@example.com', '$2y$10$TKh8H1.PfQx37YgCzwiKb.KjNyWgaHb9cbcoQgdIVFlYg7B77UdFm', 'Brce5oJEwr', '1', NULL, 'false', '2021-06-12 20:34:28', '2021-06-12 20:34:28', NULL),
(786, 'orlando mraz', 'rodriguez.sarina@example.org', '$2y$10$TKh8H1.PfQx37YgCzwiKb.KjNyWgaHb9cbcoQgdIVFlYg7B77UdFm', '8ISEKVJHNN', '0', 'kQkozKQREMf2on3C0j2EoT7175rbUJSF2ayg6wjf', 'false', '2021-06-12 20:34:28', '2021-06-12 20:34:28', NULL),
(787, 'pietro johns i', 'zander57@example.org', '$2y$10$TKh8H1.PfQx37YgCzwiKb.KjNyWgaHb9cbcoQgdIVFlYg7B77UdFm', 'pB27DyJ9Tp', '0', 'VXZrTFIkHFzLyxuN3NRTV37j1bsTlSwRn29ySCDn', 'true', '2021-06-12 20:34:28', '2021-06-12 20:34:28', NULL),
(788, 'wilber olson', 'emmy95@example.net', '$2y$10$TKh8H1.PfQx37YgCzwiKb.KjNyWgaHb9cbcoQgdIVFlYg7B77UdFm', '6vPISKMPbg', '0', 'oPU8BFB7k4r45wsRFtwP1rJtbmVIwYnnMbjclwdF', 'true', '2021-06-12 20:34:28', '2021-06-12 20:34:28', NULL),
(789, 'jonatan cronin', 'kennith11@example.org', '$2y$10$TKh8H1.PfQx37YgCzwiKb.KjNyWgaHb9cbcoQgdIVFlYg7B77UdFm', 'JcqRWgQqNE', '1', NULL, 'true', '2021-06-12 20:34:28', '2021-06-12 20:34:28', NULL),
(790, 'miss eleanore osinski sr.', 'sylvan27@example.com', '$2y$10$TKh8H1.PfQx37YgCzwiKb.KjNyWgaHb9cbcoQgdIVFlYg7B77UdFm', 'XASm0QKTvq', '1', NULL, 'true', '2021-06-12 20:34:28', '2021-06-12 20:34:28', NULL),
(791, 'humberto luettgen', 'jane.harris@example.com', '$2y$10$TKh8H1.PfQx37YgCzwiKb.KjNyWgaHb9cbcoQgdIVFlYg7B77UdFm', 'WzIRrjcOz3', '1', NULL, 'true', '2021-06-12 20:34:28', '2021-06-12 20:34:28', NULL),
(792, 'garth prosacco', 'ankunding.larry@example.com', '$2y$10$TKh8H1.PfQx37YgCzwiKb.KjNyWgaHb9cbcoQgdIVFlYg7B77UdFm', 'le225wfoUw', '0', 'hKu2ubgy2e5KhjvH1e6fYsbGcEahTM2YuNrGnHWA', 'false', '2021-06-12 20:34:28', '2021-06-12 20:34:28', NULL),
(793, 'emmitt hamill', 'emiliano09@example.com', '$2y$10$TKh8H1.PfQx37YgCzwiKb.KjNyWgaHb9cbcoQgdIVFlYg7B77UdFm', 'bR1EcpEPQG', '1', NULL, 'false', '2021-06-12 20:34:28', '2021-06-12 20:34:28', NULL),
(794, 'zula mclaughlin', 'rpadberg@example.net', '$2y$10$TKh8H1.PfQx37YgCzwiKb.KjNyWgaHb9cbcoQgdIVFlYg7B77UdFm', 'uKeB0TcIvn', '1', NULL, 'true', '2021-06-12 20:34:28', '2021-06-12 20:34:28', NULL),
(795, 'sunny walker', 'aubree.gaylord@example.net', '$2y$10$TKh8H1.PfQx37YgCzwiKb.KjNyWgaHb9cbcoQgdIVFlYg7B77UdFm', 'A7c1Vb40S9', '0', '9lDTGyJXfFf9epT5lnVxHIMuFfznWNXBvFuwZBGi', 'false', '2021-06-12 20:34:28', '2021-06-12 20:34:28', NULL),
(796, 'justina bauch', 'brendan.greenfelder@example.com', '$2y$10$TKh8H1.PfQx37YgCzwiKb.KjNyWgaHb9cbcoQgdIVFlYg7B77UdFm', 'u8jnplwB6o', '0', 'AoIrtLreJANMK4kIGTVUmOohMxLWKveIO18EvnhE', 'true', '2021-06-12 20:34:28', '2021-06-12 20:34:28', NULL),
(797, 'dr. cameron heathcote iii', 'ydubuque@example.net', '$2y$10$TKh8H1.PfQx37YgCzwiKb.KjNyWgaHb9cbcoQgdIVFlYg7B77UdFm', 'PQJGxsRGjS', '0', 'Gj9utCD6sGePvl6wsjhzNlWBQBIj2JweuGpLM9kM', 'false', '2021-06-12 20:34:28', '2021-06-12 20:34:28', NULL),
(798, 'kaela gutmann', 'morton.volkman@example.com', '$2y$10$TKh8H1.PfQx37YgCzwiKb.KjNyWgaHb9cbcoQgdIVFlYg7B77UdFm', 'jzTsALXPI9', '0', '4ZmGGmphEvpSMBtEgxRJEWBowUqaLyjv6HydUaZB', 'false', '2021-06-12 20:34:28', '2021-06-12 20:34:28', NULL),
(799, 'alyson crona', 'giovanna.schneider@example.com', '$2y$10$TKh8H1.PfQx37YgCzwiKb.KjNyWgaHb9cbcoQgdIVFlYg7B77UdFm', '9CPiYB8qk0', '1', NULL, 'true', '2021-06-12 20:34:28', '2021-06-12 20:34:28', NULL),
(800, 'armani feeney', 'lynn60@example.net', '$2y$10$TKh8H1.PfQx37YgCzwiKb.KjNyWgaHb9cbcoQgdIVFlYg7B77UdFm', 'UCp9f8Z4ou', '0', 'RH3OSVSNiPwJGMPlbffPWkaMTwL67BuwI2yKgKMP', 'true', '2021-06-12 20:34:28', '2021-06-12 20:34:28', NULL),
(801, 'pamela robel', 'janice05@example.com', '$2y$10$TKh8H1.PfQx37YgCzwiKb.KjNyWgaHb9cbcoQgdIVFlYg7B77UdFm', 'KdjnRjfZXI', '1', NULL, 'false', '2021-06-12 20:34:28', '2021-06-12 20:34:28', NULL),
(802, 'montana mitchell', 'wiegand.robbie@example.org', '$2y$10$TKh8H1.PfQx37YgCzwiKb.KjNyWgaHb9cbcoQgdIVFlYg7B77UdFm', 'EzjcC2adDm', '1', NULL, 'false', '2021-06-12 20:34:28', '2021-06-12 20:34:28', NULL),
(803, 'dr. carmen kutch ii', 'whirthe@example.org', '$2y$10$TKh8H1.PfQx37YgCzwiKb.KjNyWgaHb9cbcoQgdIVFlYg7B77UdFm', 'JMUEUK0h1D', '1', NULL, 'true', '2021-06-12 20:34:28', '2021-06-12 20:34:28', NULL),
(804, 'garnet fritsch', 'bgottlieb@example.net', '$2y$10$TKh8H1.PfQx37YgCzwiKb.KjNyWgaHb9cbcoQgdIVFlYg7B77UdFm', 'OXzHNWmOwW', '0', 'gG7E4KFjSi3cFdkZnrP2TTEzFOJC6eDcbmheLv4L', 'true', '2021-06-12 20:34:28', '2021-06-12 20:34:28', NULL),
(805, 'coleman adams', 'emckenzie@example.com', '$2y$10$TKh8H1.PfQx37YgCzwiKb.KjNyWgaHb9cbcoQgdIVFlYg7B77UdFm', 'WnDNnRbhYL', '0', 'MgM7N18GMVBdBk3qRR47LbnvmZwPeTTX3NQ2nL7J', 'false', '2021-06-12 20:34:28', '2021-06-12 20:34:28', NULL),
(806, 'mariela hintz', 'annamae75@example.com', '$2y$10$TKh8H1.PfQx37YgCzwiKb.KjNyWgaHb9cbcoQgdIVFlYg7B77UdFm', '1RlUBS8gqR', '1', NULL, 'true', '2021-06-12 20:34:28', '2021-06-12 20:34:28', NULL),
(807, 'novella grimes', 'demario.walter@example.com', '$2y$10$TKh8H1.PfQx37YgCzwiKb.KjNyWgaHb9cbcoQgdIVFlYg7B77UdFm', '6zfecjdsPT', '1', NULL, 'false', '2021-06-12 20:34:28', '2021-06-12 20:34:28', NULL),
(808, 'adonis schneider', 'lind.susana@example.com', '$2y$10$TKh8H1.PfQx37YgCzwiKb.KjNyWgaHb9cbcoQgdIVFlYg7B77UdFm', '5goobnKT9N', '1', NULL, 'true', '2021-06-12 20:34:28', '2021-06-12 20:34:28', NULL),
(809, 'miss rosella braun phd', 'cleora.shields@example.net', '$2y$10$TKh8H1.PfQx37YgCzwiKb.KjNyWgaHb9cbcoQgdIVFlYg7B77UdFm', 'ihRvuaDsZi', '0', 'pwE1OPYdo0y6FP1tGZLCu8N7ydd3Qvgv8BBWTZvv', 'true', '2021-06-12 20:34:28', '2021-06-12 20:34:28', NULL),
(810, 'hilario skiles', 'amber79@example.net', '$2y$10$TKh8H1.PfQx37YgCzwiKb.KjNyWgaHb9cbcoQgdIVFlYg7B77UdFm', '990HbDVSib', '1', NULL, 'false', '2021-06-12 20:34:28', '2021-06-12 20:34:28', NULL),
(811, 'mrs. mylene beer md', 'isabelle.orn@example.com', '$2y$10$TKh8H1.PfQx37YgCzwiKb.KjNyWgaHb9cbcoQgdIVFlYg7B77UdFm', '3Y5GMAq7SU', '0', 'w4HzarRveTlD8cvgHvbVHaRFmJ5bPpt8yh2Qek33', 'true', '2021-06-12 20:34:28', '2021-06-12 20:34:28', NULL),
(812, 'dr. abdullah muller', 'janis25@example.com', '$2y$10$TKh8H1.PfQx37YgCzwiKb.KjNyWgaHb9cbcoQgdIVFlYg7B77UdFm', 'cDKm6M5KTq', '0', '8S0NyXci1QGAkbP5Z6zW7AJX5blrGs9plsjFWqn9', 'false', '2021-06-12 20:34:28', '2021-06-12 20:34:28', NULL),
(813, 'cade effertz i', 'ugreenholt@example.net', '$2y$10$TKh8H1.PfQx37YgCzwiKb.KjNyWgaHb9cbcoQgdIVFlYg7B77UdFm', '8AML8jhxCZ', '0', 'nZeE9KLYeoKQbcZaOamYp7Bet0UvKaAvqfcwoal4', 'true', '2021-06-12 20:34:28', '2021-06-12 20:34:28', NULL),
(814, 'adell hettinger', 'leannon.destiny@example.net', '$2y$10$TKh8H1.PfQx37YgCzwiKb.KjNyWgaHb9cbcoQgdIVFlYg7B77UdFm', '4sSL7RoVIA', '1', NULL, 'false', '2021-06-12 20:34:28', '2021-06-12 20:34:28', NULL),
(815, 'jonatan dubuque', 'monique68@example.net', '$2y$10$TKh8H1.PfQx37YgCzwiKb.KjNyWgaHb9cbcoQgdIVFlYg7B77UdFm', 'YBDFurMDxj', '0', 'CFIZgAaDj3zN9cM95OHhdDiLC140LVPkK1UPBSNY', 'false', '2021-06-12 20:34:28', '2021-06-12 20:34:28', NULL),
(816, 'morton bayer jr.', 'syble.hegmann@example.org', '$2y$10$TKh8H1.PfQx37YgCzwiKb.KjNyWgaHb9cbcoQgdIVFlYg7B77UdFm', 'EWv4nfKGQ3', '0', 'wPtzi8Pztp4DvP1yfn0QGEYzQNPp4Go8cVUWvtQZ', 'true', '2021-06-12 20:34:28', '2021-06-12 20:34:28', NULL),
(817, 'dorthy kunde iii', 'champlin.armand@example.org', '$2y$10$TKh8H1.PfQx37YgCzwiKb.KjNyWgaHb9cbcoQgdIVFlYg7B77UdFm', 'TVxnhcgo1n', '1', NULL, 'false', '2021-06-12 20:34:28', '2021-06-12 20:34:28', NULL),
(818, 'retha satterfield', 'dfadel@example.com', '$2y$10$TKh8H1.PfQx37YgCzwiKb.KjNyWgaHb9cbcoQgdIVFlYg7B77UdFm', 'gPelEoutrB', '0', 'AbLWBGTfuH2fKAsxPSNMG3IauxhRvpgscb3qgkA8', 'true', '2021-06-12 20:34:28', '2021-06-12 20:34:28', NULL),
(819, 'dr. candido hilpert', 'green.wilfredo@example.org', '$2y$10$TKh8H1.PfQx37YgCzwiKb.KjNyWgaHb9cbcoQgdIVFlYg7B77UdFm', '2Z7G2Zkluq', '1', NULL, 'true', '2021-06-12 20:34:28', '2021-06-12 20:34:28', NULL),
(820, 'prof. valentine reynolds', 'willms.jaclyn@example.com', '$2y$10$TKh8H1.PfQx37YgCzwiKb.KjNyWgaHb9cbcoQgdIVFlYg7B77UdFm', 'QIH64TbwzD', '1', NULL, 'true', '2021-06-12 20:34:28', '2021-06-12 20:34:28', NULL),
(821, 'stanley altenwerth', 'jsimonis@example.net', '$2y$10$TKh8H1.PfQx37YgCzwiKb.KjNyWgaHb9cbcoQgdIVFlYg7B77UdFm', 'hwo4lK4pqn', '1', NULL, 'true', '2021-06-12 20:34:28', '2021-06-12 20:34:28', NULL),
(822, 'marianna beatty', 'lucie.west@example.org', '$2y$10$TKh8H1.PfQx37YgCzwiKb.KjNyWgaHb9cbcoQgdIVFlYg7B77UdFm', '1FYk36W6QU', '0', 'bNga78y8zqkU95LYQ38PKlpkItwcL214yvsBSRkb', 'true', '2021-06-12 20:34:28', '2021-06-12 20:34:28', NULL),
(823, 'dr. rosalinda parker md', 'runolfsdottir.aurelia@example.net', '$2y$10$TKh8H1.PfQx37YgCzwiKb.KjNyWgaHb9cbcoQgdIVFlYg7B77UdFm', 'FT9Dis6JTf', '0', 'ykXwzcxIIckFm2YmmLXXlmDa1BtxFkKOLdGnhz7H', 'true', '2021-06-12 20:34:28', '2021-06-12 20:34:28', NULL),
(824, 'connie gibson i', 'ydickens@example.org', '$2y$10$TKh8H1.PfQx37YgCzwiKb.KjNyWgaHb9cbcoQgdIVFlYg7B77UdFm', 'mGb5dNzRcV', '0', '7xA2HYH40gB1wFP7rzofD45FBtvCNqz6PqYaWDBO', 'false', '2021-06-12 20:34:28', '2021-06-12 20:34:28', NULL),
(825, 'viola kuvalis', 'collins.melyna@example.com', '$2y$10$TKh8H1.PfQx37YgCzwiKb.KjNyWgaHb9cbcoQgdIVFlYg7B77UdFm', 'slVIgunRao', '1', NULL, 'true', '2021-06-12 20:34:28', '2021-06-12 20:34:28', NULL),
(826, 'lorenz conroy', 'rohan.lily@example.com', '$2y$10$TKh8H1.PfQx37YgCzwiKb.KjNyWgaHb9cbcoQgdIVFlYg7B77UdFm', 'couzdAy1BQ', '0', 'ooXq4nPEmKl1kMzVGOFCMbWYYDJb4NxK519WVb6H', 'true', '2021-06-12 20:34:28', '2021-06-12 20:34:28', NULL),
(827, 'dr. raymond o\'hara', 'greg42@example.net', '$2y$10$TKh8H1.PfQx37YgCzwiKb.KjNyWgaHb9cbcoQgdIVFlYg7B77UdFm', 'ZhX05nLVbu', '0', 'W33lD6pHcDJjiDPT75VmdA9RyDFfLK4CvW3USHzt', 'true', '2021-06-12 20:34:28', '2021-06-12 20:34:28', NULL),
(828, 'angeline bahringer', 'ysporer@example.net', '$2y$10$TKh8H1.PfQx37YgCzwiKb.KjNyWgaHb9cbcoQgdIVFlYg7B77UdFm', '9Hxb9YGQ3t', '1', NULL, 'true', '2021-06-12 20:34:28', '2021-06-12 20:34:28', NULL),
(829, 'rosalee gaylord', 'virginie01@example.net', '$2y$10$TKh8H1.PfQx37YgCzwiKb.KjNyWgaHb9cbcoQgdIVFlYg7B77UdFm', 'kLKwdkTtp6', '1', NULL, 'true', '2021-06-12 20:34:28', '2021-06-12 20:34:28', NULL),
(830, 'francesca brekke', 'rigoberto.daugherty@example.com', '$2y$10$TKh8H1.PfQx37YgCzwiKb.KjNyWgaHb9cbcoQgdIVFlYg7B77UdFm', 'gORwV1EW7v', '0', '3a3Z3gfHExWsaRah0n1icLPV313D1OR8UVwM30kV', 'true', '2021-06-12 20:34:28', '2021-06-12 20:34:28', NULL),
(831, 'prof. shanna murray', 'hermann.evan@example.net', '$2y$10$TKh8H1.PfQx37YgCzwiKb.KjNyWgaHb9cbcoQgdIVFlYg7B77UdFm', 'ZcV858dyf5', '0', 'rWj68gjHluFDTUOmkIZV0ZSCk7Jsa1tdx25lmR0V', 'false', '2021-06-12 20:34:28', '2021-06-12 20:34:28', NULL),
(832, 'colten towne', 'darren.oreilly@example.org', '$2y$10$TKh8H1.PfQx37YgCzwiKb.KjNyWgaHb9cbcoQgdIVFlYg7B77UdFm', '2KMrsZbsVt', '0', 'MydoOxylMsa7tgBgb60YDG8hVHo9Ey74H27LeDlR', 'true', '2021-06-12 20:34:28', '2021-06-12 20:34:28', NULL),
(833, 'otho marks', 'xconn@example.net', '$2y$10$TKh8H1.PfQx37YgCzwiKb.KjNyWgaHb9cbcoQgdIVFlYg7B77UdFm', 'Fr1vzkpHkQ', '1', NULL, 'false', '2021-06-12 20:34:28', '2021-06-12 20:34:28', NULL),
(834, 'chaya kris', 'adell93@example.com', '$2y$10$TKh8H1.PfQx37YgCzwiKb.KjNyWgaHb9cbcoQgdIVFlYg7B77UdFm', 'otniXN4W2N', '0', 'EwcvJEOqosnpBW5fzGGwafGJiWVuxYgp2YmU7bM3', 'true', '2021-06-12 20:34:28', '2021-06-12 20:34:28', NULL),
(835, 'santina becker', 'nannie90@example.com', '$2y$10$TKh8H1.PfQx37YgCzwiKb.KjNyWgaHb9cbcoQgdIVFlYg7B77UdFm', '7PvxiQLG5E', '0', 'lFfYJv9aXJGMp4MW0J0IZ22ZIe69q1nPSxVYMx3i', 'false', '2021-06-12 20:34:28', '2021-06-12 20:34:28', NULL),
(836, 'alvena streich', 'ygorczany@example.com', '$2y$10$TKh8H1.PfQx37YgCzwiKb.KjNyWgaHb9cbcoQgdIVFlYg7B77UdFm', 'zKXNNvUXhn', '1', NULL, 'false', '2021-06-12 20:34:28', '2021-06-12 20:34:28', NULL),
(837, 'noemie gaylord sr.', 'ustehr@example.net', '$2y$10$TKh8H1.PfQx37YgCzwiKb.KjNyWgaHb9cbcoQgdIVFlYg7B77UdFm', 'F9nMP2Z6iR', '0', '3HDGTB0znSVUuzTAW7yGsFuFSnDYOeE0LIFDROXa', 'true', '2021-06-12 20:34:28', '2021-06-12 20:34:28', NULL),
(838, 'avis bailey iii', 'lueilwitz.kaci@example.com', '$2y$10$TKh8H1.PfQx37YgCzwiKb.KjNyWgaHb9cbcoQgdIVFlYg7B77UdFm', 'P2CEajNqkX', '0', '1wXuhADD5oiPBwA0eMfzEIA8nhHEMvKMwqupTdi7', 'true', '2021-06-12 20:34:28', '2021-06-12 20:34:28', NULL),
(839, 'eryn ward', 'jaylen.hirthe@example.net', '$2y$10$TKh8H1.PfQx37YgCzwiKb.KjNyWgaHb9cbcoQgdIVFlYg7B77UdFm', 'FmLu7g28NA', '0', '9y6ISJTDUKBEpiN9uve6Uuxn7DtCeARTMafi4yuR', 'false', '2021-06-12 20:34:28', '2021-06-12 20:34:28', NULL),
(840, 'shayne purdy', 'blanca40@example.com', '$2y$10$TKh8H1.PfQx37YgCzwiKb.KjNyWgaHb9cbcoQgdIVFlYg7B77UdFm', 'ESzijH2Qmt', '1', NULL, 'true', '2021-06-12 20:34:28', '2021-06-12 20:34:28', NULL),
(841, 'marisol spencer iv', 'hammes.lizzie@example.net', '$2y$10$TKh8H1.PfQx37YgCzwiKb.KjNyWgaHb9cbcoQgdIVFlYg7B77UdFm', 'p52VD6Cpej', '0', 'ksjCSp3W3eTwtq3N0ffcYDiiesjI26aZp6Q2Q9mN', 'false', '2021-06-12 20:34:28', '2021-06-12 20:34:28', NULL),
(842, 'miss theodora hilpert phd', 'lkutch@example.com', '$2y$10$TKh8H1.PfQx37YgCzwiKb.KjNyWgaHb9cbcoQgdIVFlYg7B77UdFm', 'rOe1Jt7cCQ', '1', NULL, 'true', '2021-06-12 20:34:28', '2021-06-12 20:34:28', NULL),
(843, 'mrs. willie baumbach', 'schmitt.keyshawn@example.com', '$2y$10$TKh8H1.PfQx37YgCzwiKb.KjNyWgaHb9cbcoQgdIVFlYg7B77UdFm', 'xILbzgLTGG', '1', NULL, 'true', '2021-06-12 20:34:28', '2021-06-12 20:34:28', NULL),
(844, 'dr. eryn klein', 'bfranecki@example.com', '$2y$10$TKh8H1.PfQx37YgCzwiKb.KjNyWgaHb9cbcoQgdIVFlYg7B77UdFm', 'Yda7kc6dn5', '0', 'thRgZzrTD2OOP4dadZwAU8VR0WNu25n9rSRrbKXV', 'false', '2021-06-12 20:34:28', '2021-06-12 20:34:28', NULL),
(845, 'prof. madelyn legros phd', 'stevie.mcglynn@example.com', '$2y$10$TKh8H1.PfQx37YgCzwiKb.KjNyWgaHb9cbcoQgdIVFlYg7B77UdFm', 'MsX4zUfqwZ', '0', 'ODoUIoEBjQrrnS4eGGcISdSRF3T6Not12fpEJetZ', 'true', '2021-06-12 20:34:28', '2021-06-12 20:34:28', NULL),
(846, 'serena padberg', 'mariane.luettgen@example.com', '$2y$10$TKh8H1.PfQx37YgCzwiKb.KjNyWgaHb9cbcoQgdIVFlYg7B77UdFm', 'k1aXXL6CA4', '0', 'Mm1K8qmwBOKoCkxCzJUJ7gdjqp7K0BSJAQbybSOL', 'false', '2021-06-12 20:34:28', '2021-06-12 20:34:28', NULL),
(847, 'bernard hermann', 'dewitt66@example.net', '$2y$10$TKh8H1.PfQx37YgCzwiKb.KjNyWgaHb9cbcoQgdIVFlYg7B77UdFm', 'yT0EatJvdF', '1', NULL, 'false', '2021-06-12 20:34:28', '2021-06-12 20:34:28', NULL),
(848, 'ms. lucienne schowalter', 'eryn78@example.net', '$2y$10$TKh8H1.PfQx37YgCzwiKb.KjNyWgaHb9cbcoQgdIVFlYg7B77UdFm', 'vnPUg33wxj', '0', 'DTqdwczHQi7LXDge3WpZBnEPyuRNPte0y9kqO5rr', 'true', '2021-06-12 20:34:28', '2021-06-12 20:34:28', NULL),
(849, 'luther bode', 'forrest05@example.org', '$2y$10$TKh8H1.PfQx37YgCzwiKb.KjNyWgaHb9cbcoQgdIVFlYg7B77UdFm', 'nWCbbHMlm9', '0', 'XrzA5xJmIuMpnrreptgrmlSKGv6Fh1h0YH7UXvVy', 'true', '2021-06-12 20:34:28', '2021-06-12 20:34:28', NULL),
(850, 'crystal yundt', 'denesik.josianne@example.net', '$2y$10$TKh8H1.PfQx37YgCzwiKb.KjNyWgaHb9cbcoQgdIVFlYg7B77UdFm', 'QhOa2Gcgql', '1', NULL, 'false', '2021-06-12 20:34:28', '2021-06-12 20:34:28', NULL),
(851, 'pasquale moore', 'jamarcus60@example.com', '$2y$10$TKh8H1.PfQx37YgCzwiKb.KjNyWgaHb9cbcoQgdIVFlYg7B77UdFm', 'b2djhW4quX', '1', NULL, 'false', '2021-06-12 20:34:28', '2021-06-12 20:34:28', NULL),
(852, 'claudie hirthe', 'ilene75@example.com', '$2y$10$TKh8H1.PfQx37YgCzwiKb.KjNyWgaHb9cbcoQgdIVFlYg7B77UdFm', '9FmkWcUhJZ', '0', 'XxuZl9iirpU94pe5yxgN8Db1FW7ZdO3uE2SmMm7K', 'true', '2021-06-12 20:34:28', '2021-06-12 20:34:28', NULL),
(853, 'justine breitenberg', 'devonte.brown@example.net', '$2y$10$TKh8H1.PfQx37YgCzwiKb.KjNyWgaHb9cbcoQgdIVFlYg7B77UdFm', 'PUepr2eFPN', '1', NULL, 'true', '2021-06-12 20:34:28', '2021-06-12 20:34:28', NULL),
(854, 'mr. geoffrey dibbert dds', 'wrussel@example.org', '$2y$10$TKh8H1.PfQx37YgCzwiKb.KjNyWgaHb9cbcoQgdIVFlYg7B77UdFm', 'q3RKNQE9Sq', '0', 'tY2xNm7Q9V4VEQK58DQwroWfb8rT1LrIdqAryf4I', 'false', '2021-06-12 20:34:28', '2021-06-12 20:34:28', NULL),
(855, 'saige gleason', 'kokon@example.net', '$2y$10$TKh8H1.PfQx37YgCzwiKb.KjNyWgaHb9cbcoQgdIVFlYg7B77UdFm', 'gRPzTzYbKp', '1', NULL, 'true', '2021-06-12 20:34:28', '2021-06-12 20:34:28', NULL),
(856, 'brant anderson', 'therese80@example.com', '$2y$10$TKh8H1.PfQx37YgCzwiKb.KjNyWgaHb9cbcoQgdIVFlYg7B77UdFm', '3laHA7cfZN', '0', 'ku0TMSK8Gk5hf92unVTberttUYs7ZLwuQ7MCWdyj', 'false', '2021-06-12 20:34:28', '2021-06-12 20:34:28', NULL),
(857, 'aric olson', 'paul51@example.org', '$2y$10$TKh8H1.PfQx37YgCzwiKb.KjNyWgaHb9cbcoQgdIVFlYg7B77UdFm', 'luunx6p84l', '1', NULL, 'false', '2021-06-12 20:34:28', '2021-06-12 20:34:28', NULL),
(858, 'miss aubree cassin jr.', 'stanton.heather@example.org', '$2y$10$TKh8H1.PfQx37YgCzwiKb.KjNyWgaHb9cbcoQgdIVFlYg7B77UdFm', '8ghidZsDJs', '1', NULL, 'false', '2021-06-12 20:34:28', '2021-06-12 20:34:28', NULL),
(859, 'dr. jayde stoltenberg', 'orn.jarrod@example.org', '$2y$10$TKh8H1.PfQx37YgCzwiKb.KjNyWgaHb9cbcoQgdIVFlYg7B77UdFm', '76hQaP9Npa', '0', '3inCJnjXktN4y1b7JGMJmtJg5v7G2g6DiMfvqPQb', 'false', '2021-06-12 20:34:28', '2021-06-12 20:34:28', NULL),
(860, 'prof. jalen gorczany', 'qbrakus@example.net', '$2y$10$TKh8H1.PfQx37YgCzwiKb.KjNyWgaHb9cbcoQgdIVFlYg7B77UdFm', 'qWKVOE4ZcJ', '0', '88RrDW7Pdygeu8Pxjlev1E5wsDHkfzc6n2qg3EoO', 'true', '2021-06-12 20:34:28', '2021-06-12 20:34:28', NULL),
(861, 'brianne padberg dds', 'audra53@example.com', '$2y$10$TKh8H1.PfQx37YgCzwiKb.KjNyWgaHb9cbcoQgdIVFlYg7B77UdFm', 'Xf1lhz5gxv', '1', NULL, 'true', '2021-06-12 20:34:28', '2021-06-12 20:34:28', NULL),
(862, 'mrs. antonina sanford iv', 'bruen.tiana@example.com', '$2y$10$TKh8H1.PfQx37YgCzwiKb.KjNyWgaHb9cbcoQgdIVFlYg7B77UdFm', 'DK9zV5TKqu', '0', 'hVmnTFBMfWRt3GWjDsLZCx4AmmKZZGD25utq51ld', 'true', '2021-06-12 20:34:28', '2021-06-12 20:34:28', NULL),
(863, 'sallie moore', 'jadyn.weimann@example.org', '$2y$10$TKh8H1.PfQx37YgCzwiKb.KjNyWgaHb9cbcoQgdIVFlYg7B77UdFm', 'mqJQO1v451', '1', NULL, 'true', '2021-06-12 20:34:28', '2021-06-12 20:34:28', NULL),
(864, 'fausto harvey', 'yadira.parisian@example.net', '$2y$10$TKh8H1.PfQx37YgCzwiKb.KjNyWgaHb9cbcoQgdIVFlYg7B77UdFm', 'RXpEwgLK3s', '0', 'NM5nwVprrpYIYMttiBbWRtTRTJh4xiEQ9iBmxIVa', 'false', '2021-06-12 20:34:28', '2021-06-12 20:34:28', NULL),
(865, 'nash deckow', 'isac.mclaughlin@example.com', '$2y$10$TKh8H1.PfQx37YgCzwiKb.KjNyWgaHb9cbcoQgdIVFlYg7B77UdFm', 'VDEYfUld6D', '1', NULL, 'true', '2021-06-12 20:34:28', '2021-06-12 20:34:28', NULL),
(866, 'jude walker', 'darrion24@example.org', '$2y$10$TKh8H1.PfQx37YgCzwiKb.KjNyWgaHb9cbcoQgdIVFlYg7B77UdFm', 'WdTudwIitb', '0', 'jBsZ2Gy6xzpk969AOW3IPqLgSVCyjZ6OVZTgoa9X', 'true', '2021-06-12 20:34:28', '2021-06-12 20:34:28', NULL),
(867, 'meghan watsica', 'ktreutel@example.net', '$2y$10$TKh8H1.PfQx37YgCzwiKb.KjNyWgaHb9cbcoQgdIVFlYg7B77UdFm', '7y543fErnL', '1', NULL, 'true', '2021-06-12 20:34:28', '2021-06-12 20:34:28', NULL),
(868, 'mustafa jaskolski', 'raoul.powlowski@example.com', '$2y$10$TKh8H1.PfQx37YgCzwiKb.KjNyWgaHb9cbcoQgdIVFlYg7B77UdFm', 'BPFV3pKrPJ', '1', NULL, 'true', '2021-06-12 20:34:28', '2021-06-12 20:34:28', NULL),
(869, 'brionna ondricka', 'hugh44@example.net', '$2y$10$TKh8H1.PfQx37YgCzwiKb.KjNyWgaHb9cbcoQgdIVFlYg7B77UdFm', 'BoYbYQxQ8h', '1', NULL, 'true', '2021-06-12 20:34:28', '2021-06-12 20:34:28', NULL),
(870, 'darrin franecki', 'trutherford@example.net', '$2y$10$TKh8H1.PfQx37YgCzwiKb.KjNyWgaHb9cbcoQgdIVFlYg7B77UdFm', 'FHiuWSDUQF', '1', NULL, 'true', '2021-06-12 20:34:28', '2021-06-12 20:34:28', NULL),
(871, 'mrs. theodora roberts', 'stehr.karlie@example.net', '$2y$10$TKh8H1.PfQx37YgCzwiKb.KjNyWgaHb9cbcoQgdIVFlYg7B77UdFm', '39aBO6U49j', '0', 'SyxUC5Kca1fcNOHi9QtZzqMguYzyCnI76FWMOLpc', 'true', '2021-06-12 20:34:28', '2021-06-12 20:34:28', NULL),
(872, 'ruby von', 'ohara.dillon@example.org', '$2y$10$TKh8H1.PfQx37YgCzwiKb.KjNyWgaHb9cbcoQgdIVFlYg7B77UdFm', '4ysrUSwSQf', '1', NULL, 'false', '2021-06-12 20:34:28', '2021-06-12 20:34:28', NULL),
(873, 'delmer hoeger', 'alfredo53@example.net', '$2y$10$TKh8H1.PfQx37YgCzwiKb.KjNyWgaHb9cbcoQgdIVFlYg7B77UdFm', 'B2FDFBTV1j', '0', 'm0PVfihE2SVxwmsJiuWct5IduqsHKkiqlkphZuMZ', 'true', '2021-06-12 20:34:28', '2021-06-12 20:34:28', NULL),
(874, 'maia kerluke', 'willms.elyse@example.net', '$2y$10$TKh8H1.PfQx37YgCzwiKb.KjNyWgaHb9cbcoQgdIVFlYg7B77UdFm', 'LJHblkd4Wq', '0', 'Xfxd4Nj6FJGvRPMe5K2wGNgYB83AZ1qOZcz1MGUW', 'true', '2021-06-12 20:34:28', '2021-06-12 20:34:28', NULL),
(875, 'antonia hauck md', 'pbrown@example.org', '$2y$10$TKh8H1.PfQx37YgCzwiKb.KjNyWgaHb9cbcoQgdIVFlYg7B77UdFm', '4fD1ZSm2qK', '1', NULL, 'false', '2021-06-12 20:34:28', '2021-06-12 20:34:28', NULL),
(876, 'terrence treutel', 'rodrigo.rau@example.com', '$2y$10$TKh8H1.PfQx37YgCzwiKb.KjNyWgaHb9cbcoQgdIVFlYg7B77UdFm', 'tRktqalvqK', '0', 'ATxvvlYgkdifxL3qm16BgU38V4WvYjogSXKVLWGR', 'true', '2021-06-12 20:34:28', '2021-06-12 20:34:28', NULL),
(877, 'oswald towne', 'joel27@example.net', '$2y$10$TKh8H1.PfQx37YgCzwiKb.KjNyWgaHb9cbcoQgdIVFlYg7B77UdFm', 'QfLvRHTEzD', '1', NULL, 'false', '2021-06-12 20:34:28', '2021-06-12 20:34:28', NULL),
(878, 'mona windler', 'alberto.sauer@example.net', '$2y$10$TKh8H1.PfQx37YgCzwiKb.KjNyWgaHb9cbcoQgdIVFlYg7B77UdFm', 'qWzYFDYgcf', '1', NULL, 'false', '2021-06-12 20:34:29', '2021-06-12 20:34:29', NULL),
(879, 'reba daugherty', 'santiago23@example.com', '$2y$10$TKh8H1.PfQx37YgCzwiKb.KjNyWgaHb9cbcoQgdIVFlYg7B77UdFm', 'vgcxHAxflB', '1', NULL, 'false', '2021-06-12 20:34:29', '2021-06-12 20:34:29', NULL),
(880, 'alek hauck', 'nicole58@example.com', '$2y$10$TKh8H1.PfQx37YgCzwiKb.KjNyWgaHb9cbcoQgdIVFlYg7B77UdFm', 'TlYjLMNgFy', '1', NULL, 'false', '2021-06-12 20:34:29', '2021-06-12 20:34:29', NULL),
(881, 'ethyl gleason', 'schamberger.eloy@example.net', '$2y$10$TKh8H1.PfQx37YgCzwiKb.KjNyWgaHb9cbcoQgdIVFlYg7B77UdFm', 'zDfUB1vtGz', '0', 'HeKH6A6a0FOXtmKvDnAkq4C2iF0eY8V8CyQW1cq9', 'true', '2021-06-12 20:34:29', '2021-06-12 20:34:29', NULL),
(882, 'crystel harvey', 'bogisich.paige@example.org', '$2y$10$TKh8H1.PfQx37YgCzwiKb.KjNyWgaHb9cbcoQgdIVFlYg7B77UdFm', 'KmFcKWOwso', '0', '744eC7M535h9Rmw4QKldx2atJTWEkVmnTX8hz8XR', 'true', '2021-06-12 20:34:29', '2021-06-12 20:34:29', NULL),
(883, 'orie veum', 'cynthia06@example.com', '$2y$10$TKh8H1.PfQx37YgCzwiKb.KjNyWgaHb9cbcoQgdIVFlYg7B77UdFm', 'r0eHmTI4rX', '1', NULL, 'true', '2021-06-12 20:34:29', '2021-06-12 20:34:29', NULL),
(884, 'brayan von', 'qschmidt@example.com', '$2y$10$TKh8H1.PfQx37YgCzwiKb.KjNyWgaHb9cbcoQgdIVFlYg7B77UdFm', '24ctt7kd15', '0', 'O7iIujWA83RdgLYxDnjw6cy5x9N9Zh8lrcl7b4nJ', 'false', '2021-06-12 20:34:29', '2021-06-12 20:34:29', NULL),
(885, 'carolanne will', 'rosie.baumbach@example.net', '$2y$10$TKh8H1.PfQx37YgCzwiKb.KjNyWgaHb9cbcoQgdIVFlYg7B77UdFm', 'dd6XGNWJWU', '1', NULL, 'true', '2021-06-12 20:34:29', '2021-06-12 20:34:29', NULL),
(886, 'dr. albina rempel dvm', 'lexie.rau@example.net', '$2y$10$TKh8H1.PfQx37YgCzwiKb.KjNyWgaHb9cbcoQgdIVFlYg7B77UdFm', '8I3u9VHjyQ', '0', 'kImnjNPuA1TqDbNnaUG5f32Hg0Li4vKdIrbHl2Pb', 'true', '2021-06-12 20:34:29', '2021-06-12 20:34:29', NULL),
(887, 'mrs. karlee connelly', 'lhermiston@example.com', '$2y$10$TKh8H1.PfQx37YgCzwiKb.KjNyWgaHb9cbcoQgdIVFlYg7B77UdFm', 'AX1KGqx8Rk', '1', NULL, 'false', '2021-06-12 20:34:29', '2021-06-12 20:34:29', NULL),
(888, 'aisha tremblay', 'npfannerstill@example.com', '$2y$10$TKh8H1.PfQx37YgCzwiKb.KjNyWgaHb9cbcoQgdIVFlYg7B77UdFm', 'bPg4Zsu28D', '0', 'lTXD8ngw7BMxBDQcVTL6WYZq9qBPQeYli503BrMI', 'false', '2021-06-12 20:34:29', '2021-06-12 20:34:29', NULL),
(889, 'godfrey kreiger', 'nkling@example.com', '$2y$10$TKh8H1.PfQx37YgCzwiKb.KjNyWgaHb9cbcoQgdIVFlYg7B77UdFm', 'D3mbFPTtwF', '0', 'Bk8KWoDfDdyZAXRrFN1dL3ZkJfguL606yxPIm0M6', 'true', '2021-06-12 20:34:29', '2021-06-12 20:34:29', NULL),
(890, 'naomi hermiston', 'green.annamae@example.org', '$2y$10$TKh8H1.PfQx37YgCzwiKb.KjNyWgaHb9cbcoQgdIVFlYg7B77UdFm', 'o1UE9RSoMF', '1', NULL, 'false', '2021-06-12 20:34:29', '2021-06-12 20:34:29', NULL),
(891, 'stefanie king', 'qkuphal@example.com', '$2y$10$TKh8H1.PfQx37YgCzwiKb.KjNyWgaHb9cbcoQgdIVFlYg7B77UdFm', 'gDopqFR5Fz', '1', NULL, 'true', '2021-06-12 20:34:29', '2021-06-12 20:34:29', NULL),
(892, 'dr. cleo kuhn iii', 'bernita.medhurst@example.com', '$2y$10$TKh8H1.PfQx37YgCzwiKb.KjNyWgaHb9cbcoQgdIVFlYg7B77UdFm', 'GUAJzVeFhc', '1', NULL, 'true', '2021-06-12 20:34:29', '2021-06-12 20:34:29', NULL),
(893, 'miss elisa d\'amore', 'marjorie.schmidt@example.org', '$2y$10$TKh8H1.PfQx37YgCzwiKb.KjNyWgaHb9cbcoQgdIVFlYg7B77UdFm', 'IYFMd0wnCr', '1', NULL, 'true', '2021-06-12 20:34:29', '2021-06-12 20:34:29', NULL),
(894, 'larue lubowitz', 'jack.medhurst@example.net', '$2y$10$TKh8H1.PfQx37YgCzwiKb.KjNyWgaHb9cbcoQgdIVFlYg7B77UdFm', 'VkD6PGmhQ8', '1', NULL, 'true', '2021-06-12 20:34:29', '2021-06-12 20:34:29', NULL),
(895, 'hector mccullough', 'clair.kiehn@example.org', '$2y$10$TKh8H1.PfQx37YgCzwiKb.KjNyWgaHb9cbcoQgdIVFlYg7B77UdFm', 'y8tie2qyl9', '1', NULL, 'false', '2021-06-12 20:34:29', '2021-06-12 20:34:29', NULL),
(896, 'ursula gibson', 'scotty39@example.org', '$2y$10$TKh8H1.PfQx37YgCzwiKb.KjNyWgaHb9cbcoQgdIVFlYg7B77UdFm', 'ZvrANFybNY', '0', 'gRBnwj4N5DhcWFNyBnQ6XbzlL2rHvtT15fcrwtoA', 'false', '2021-06-12 20:34:29', '2021-06-12 20:34:29', NULL),
(897, 'freida grimes', 'zjacobs@example.net', '$2y$10$TKh8H1.PfQx37YgCzwiKb.KjNyWgaHb9cbcoQgdIVFlYg7B77UdFm', 'Ll7RXa1qsC', '0', 'N8Olemou2PrlpcSZcW7ovEvfjlR9WG7Yc7CefEW5', 'true', '2021-06-12 20:34:29', '2021-06-12 20:34:29', NULL),
(898, 'theodora white', 'gullrich@example.org', '$2y$10$TKh8H1.PfQx37YgCzwiKb.KjNyWgaHb9cbcoQgdIVFlYg7B77UdFm', '2lPWHH1E7q', '1', NULL, 'true', '2021-06-12 20:34:29', '2021-06-12 20:34:29', NULL),
(899, 'elenor langosh dds', 'tracy.gottlieb@example.org', '$2y$10$TKh8H1.PfQx37YgCzwiKb.KjNyWgaHb9cbcoQgdIVFlYg7B77UdFm', 'eR0MhVyHxY', '0', '6vw9TBxZooANeFc52Dpmz99PZSJYssw5pTwWG2A9', 'true', '2021-06-12 20:34:29', '2021-06-12 20:34:29', NULL),
(900, 'laney powlowski v', 'iwilderman@example.com', '$2y$10$TKh8H1.PfQx37YgCzwiKb.KjNyWgaHb9cbcoQgdIVFlYg7B77UdFm', '3xJSSvzABe', '1', NULL, 'false', '2021-06-12 20:34:29', '2021-06-12 20:34:29', NULL),
(901, 'breana tromp iv', 'bridie39@example.com', '$2y$10$TKh8H1.PfQx37YgCzwiKb.KjNyWgaHb9cbcoQgdIVFlYg7B77UdFm', 'gmyVypk7v3', '0', 'fWe8uz5z9jk4PRrHZMpB6e5nQStweJKixLRoPfg1', 'true', '2021-06-12 20:34:29', '2021-06-12 20:34:29', NULL),
(902, 'dortha connelly', 'katarina.bashirian@example.com', '$2y$10$TKh8H1.PfQx37YgCzwiKb.KjNyWgaHb9cbcoQgdIVFlYg7B77UdFm', 'bITKd5pMMj', '0', 'bM6BcSw8tvjPgpRJS9aoY4HY47u2VxtfQqSf54F7', 'false', '2021-06-12 20:34:29', '2021-06-12 20:34:29', NULL),
(903, 'dr. lesley blanda', 'luella.waters@example.org', '$2y$10$TKh8H1.PfQx37YgCzwiKb.KjNyWgaHb9cbcoQgdIVFlYg7B77UdFm', 'jiZBcHPoN3', '0', 'hSqHqg9ZJbPNMZsLbJMKUha343p34UbjDL7zfVIP', 'true', '2021-06-12 20:34:29', '2021-06-12 20:34:29', NULL),
(904, 'ms. kiana sauer iv', 'hleuschke@example.com', '$2y$10$TKh8H1.PfQx37YgCzwiKb.KjNyWgaHb9cbcoQgdIVFlYg7B77UdFm', 'laaDxdYIiC', '1', NULL, 'false', '2021-06-12 20:34:29', '2021-06-12 20:34:29', NULL);
INSERT INTO `users` (`id`, `name`, `email`, `password`, `remember_token`, `verified`, `verification_token`, `admin`, `created_at`, `updated_at`, `deleted_at`) VALUES
(905, 'graham barrows', 'schinner.oceane@example.org', '$2y$10$TKh8H1.PfQx37YgCzwiKb.KjNyWgaHb9cbcoQgdIVFlYg7B77UdFm', 'ACyQxeGY34', '0', 'kycdpPhW0FwxirXamgqdpHyCNlPdDamAWrSF7GWp', 'false', '2021-06-12 20:34:29', '2021-06-12 20:34:29', NULL),
(906, 'guiseppe hane', 'tlubowitz@example.org', '$2y$10$TKh8H1.PfQx37YgCzwiKb.KjNyWgaHb9cbcoQgdIVFlYg7B77UdFm', 'FkPbSjVwBU', '1', NULL, 'true', '2021-06-12 20:34:29', '2021-06-12 20:34:29', NULL),
(907, 'itzel larson', 'bernier.giles@example.com', '$2y$10$TKh8H1.PfQx37YgCzwiKb.KjNyWgaHb9cbcoQgdIVFlYg7B77UdFm', 'T2ErN6zfdx', '1', NULL, 'false', '2021-06-12 20:34:29', '2021-06-12 20:34:29', NULL),
(908, 'ari conroy', 'khettinger@example.net', '$2y$10$TKh8H1.PfQx37YgCzwiKb.KjNyWgaHb9cbcoQgdIVFlYg7B77UdFm', 'pYyJSnYG0P', '0', 'zPjgVgBEXD1MZeXMXmbLiUTU1xQTkgUKimRxSNVo', 'true', '2021-06-12 20:34:29', '2021-06-12 20:34:29', NULL),
(909, 'rhianna mante', 'stephon12@example.org', '$2y$10$TKh8H1.PfQx37YgCzwiKb.KjNyWgaHb9cbcoQgdIVFlYg7B77UdFm', 'ApwUUu7gGE', '1', NULL, 'false', '2021-06-12 20:34:29', '2021-06-12 20:34:29', NULL),
(910, 'hilario reinger phd', 'veda15@example.net', '$2y$10$TKh8H1.PfQx37YgCzwiKb.KjNyWgaHb9cbcoQgdIVFlYg7B77UdFm', 'QXhl57fyey', '0', '6zyYzdNizRnLYBI45seF6DJpCgjmeUgwhbxpiiSe', 'true', '2021-06-12 20:34:29', '2021-06-12 20:34:29', NULL),
(911, 'bailee gerlach', 'hoeger.ava@example.net', '$2y$10$TKh8H1.PfQx37YgCzwiKb.KjNyWgaHb9cbcoQgdIVFlYg7B77UdFm', 'x9OWthezad', '0', 'ELaoR1oBmevh3fPSFqmCrTTjpl8PdRTG2wrRkk4t', 'true', '2021-06-12 20:34:29', '2021-06-12 20:34:29', NULL),
(912, 'miss idell spencer', 'glenna.cartwright@example.com', '$2y$10$TKh8H1.PfQx37YgCzwiKb.KjNyWgaHb9cbcoQgdIVFlYg7B77UdFm', 'auXCSoH44l', '0', '8BOziOrZD5d6k69UxBciWLvp96KN9bxpQgELOqJS', 'false', '2021-06-12 20:34:29', '2021-06-12 20:34:29', NULL),
(913, 'merlin strosin', 'barton.darby@example.net', '$2y$10$TKh8H1.PfQx37YgCzwiKb.KjNyWgaHb9cbcoQgdIVFlYg7B77UdFm', 'k6ULEY3ojo', '1', NULL, 'true', '2021-06-12 20:34:29', '2021-06-12 20:34:29', NULL),
(914, 'candido beahan iii', 'zlebsack@example.org', '$2y$10$TKh8H1.PfQx37YgCzwiKb.KjNyWgaHb9cbcoQgdIVFlYg7B77UdFm', 'x7UXcgB9gm', '0', 'XmKoELL6qNdqSFgwIa4n8XsYBkLoJMMrrYPxamD6', 'false', '2021-06-12 20:34:29', '2021-06-12 20:34:29', NULL),
(915, 'miss lesly hermann', 'ckohler@example.org', '$2y$10$TKh8H1.PfQx37YgCzwiKb.KjNyWgaHb9cbcoQgdIVFlYg7B77UdFm', 'JKT2DMoAGo', '0', 'nCbj62upPlOtts6QSAxEps6MW5YRSdzdlxPItd4h', 'true', '2021-06-12 20:34:29', '2021-06-12 20:34:29', NULL),
(916, 'helga barton', 'araceli.reichert@example.net', '$2y$10$TKh8H1.PfQx37YgCzwiKb.KjNyWgaHb9cbcoQgdIVFlYg7B77UdFm', 'BuFe2wzbOd', '1', NULL, 'false', '2021-06-12 20:34:29', '2021-06-12 20:34:29', NULL),
(917, 'caroline thiel', 'emann@example.net', '$2y$10$TKh8H1.PfQx37YgCzwiKb.KjNyWgaHb9cbcoQgdIVFlYg7B77UdFm', 'OG8PlS4A5O', '1', NULL, 'false', '2021-06-12 20:34:29', '2021-06-12 20:34:29', NULL),
(918, 'ford koelpin', 'edythe85@example.org', '$2y$10$TKh8H1.PfQx37YgCzwiKb.KjNyWgaHb9cbcoQgdIVFlYg7B77UdFm', 'cRTHCAwBLc', '1', NULL, 'false', '2021-06-12 20:34:29', '2021-06-12 20:34:29', NULL),
(919, 'dr. montana fisher', 'roosevelt.prohaska@example.org', '$2y$10$TKh8H1.PfQx37YgCzwiKb.KjNyWgaHb9cbcoQgdIVFlYg7B77UdFm', 'ihvsbmyJU4', '0', '34gGiDaYWxryKIyO4ilAqTMlciVy0xIkgKfWRw7w', 'false', '2021-06-12 20:34:29', '2021-06-12 20:34:29', NULL),
(920, 'miss ebba reilly', 'sfadel@example.com', '$2y$10$TKh8H1.PfQx37YgCzwiKb.KjNyWgaHb9cbcoQgdIVFlYg7B77UdFm', 'yLBcd3Gt73', '0', 'dGGQcqnqcIINxzL62EWPWT11C1AIouzoAnF8iBk2', 'false', '2021-06-12 20:34:29', '2021-06-12 20:34:29', NULL),
(921, 'ollie torp', 'enid.renner@example.net', '$2y$10$TKh8H1.PfQx37YgCzwiKb.KjNyWgaHb9cbcoQgdIVFlYg7B77UdFm', 'GmEXKqZx74', '1', NULL, 'true', '2021-06-12 20:34:29', '2021-06-12 20:34:29', NULL),
(922, 'dr. lisette flatley', 'tmetz@example.net', '$2y$10$TKh8H1.PfQx37YgCzwiKb.KjNyWgaHb9cbcoQgdIVFlYg7B77UdFm', 'OQHTUSMfKT', '1', NULL, 'false', '2021-06-12 20:34:29', '2021-06-12 20:34:29', NULL),
(923, 'muhammad nitzsche', 'woodrow.kerluke@example.com', '$2y$10$TKh8H1.PfQx37YgCzwiKb.KjNyWgaHb9cbcoQgdIVFlYg7B77UdFm', 'LNO0sEI9S9', '0', 'AhGywlJltelomZy2DSMdvHJKYAvGQjbQVvhl65nr', 'true', '2021-06-12 20:34:29', '2021-06-12 20:34:29', NULL),
(924, 'dr. stone predovic iv', 'abartoletti@example.org', '$2y$10$TKh8H1.PfQx37YgCzwiKb.KjNyWgaHb9cbcoQgdIVFlYg7B77UdFm', 'UatvHyXuCJ', '0', '4beBtUaI9IrNfYLChIfGvt0ELFhi3dhWTNacwANL', 'false', '2021-06-12 20:34:29', '2021-06-12 20:34:29', NULL),
(925, 'dr. vanessa rohan phd', 'lebsack.efrain@example.org', '$2y$10$TKh8H1.PfQx37YgCzwiKb.KjNyWgaHb9cbcoQgdIVFlYg7B77UdFm', 'kjzSDqY1ES', '0', '8ZV5tGnaq8M8ahWrse0pwyK7vEFyfHsrAkmP3eR2', 'false', '2021-06-12 20:34:29', '2021-06-12 20:34:29', NULL),
(926, 'mrs. beatrice wisoky', 'ghills@example.org', '$2y$10$TKh8H1.PfQx37YgCzwiKb.KjNyWgaHb9cbcoQgdIVFlYg7B77UdFm', '9xvlWl6R4P', '0', '7rN1jsGq25OUkU0NRvRUldZ3xbJLueBGrJ0jv4VW', 'false', '2021-06-12 20:34:29', '2021-06-12 20:34:29', NULL),
(927, 'dr. angie osinski', 'freddie09@example.net', '$2y$10$TKh8H1.PfQx37YgCzwiKb.KjNyWgaHb9cbcoQgdIVFlYg7B77UdFm', '6RSj3oOIZd', '0', '7jOvPziGgZFmL08aeujbywvZ0RcE88g4dIrwUld0', 'false', '2021-06-12 20:34:29', '2021-06-12 20:34:29', NULL),
(928, 'allison fritsch iii', 'padberg.darrick@example.org', '$2y$10$TKh8H1.PfQx37YgCzwiKb.KjNyWgaHb9cbcoQgdIVFlYg7B77UdFm', '6yBFdk4Crc', '0', 'UAvQJJ8KRwILcN6o3yYibLmeRGpGeT7bp3q6U1lr', 'true', '2021-06-12 20:34:29', '2021-06-12 20:34:29', NULL),
(929, 'dr. jeramie mcclure dds', 'rogahn.jayce@example.org', '$2y$10$TKh8H1.PfQx37YgCzwiKb.KjNyWgaHb9cbcoQgdIVFlYg7B77UdFm', '9kpgbUmLCk', '1', NULL, 'false', '2021-06-12 20:34:29', '2021-06-12 20:34:29', NULL),
(930, 'king erdman', 'quitzon.raquel@example.com', '$2y$10$TKh8H1.PfQx37YgCzwiKb.KjNyWgaHb9cbcoQgdIVFlYg7B77UdFm', 'A2R9J6eBS9', '1', NULL, 'true', '2021-06-12 20:34:29', '2021-06-12 20:34:29', NULL),
(931, 'lorena stanton', 'vcrooks@example.net', '$2y$10$TKh8H1.PfQx37YgCzwiKb.KjNyWgaHb9cbcoQgdIVFlYg7B77UdFm', 'otInZIiDYh', '0', 'Wqlv0PBv9pF1XPSBveR6izJsb5hgFR0s4BRXyd4q', 'false', '2021-06-12 20:34:29', '2021-06-12 20:34:29', NULL),
(932, 'rebecca sipes', 'erdman.howard@example.com', '$2y$10$TKh8H1.PfQx37YgCzwiKb.KjNyWgaHb9cbcoQgdIVFlYg7B77UdFm', 'rH1WnS9TV8', '0', 'Ojj191Kdf9M6ngwklWxQtvd2bVCwgo9wD4Opm31n', 'false', '2021-06-12 20:34:29', '2021-06-12 20:34:29', NULL),
(933, 'miss abbie sporer sr.', 'borer.margaretta@example.net', '$2y$10$TKh8H1.PfQx37YgCzwiKb.KjNyWgaHb9cbcoQgdIVFlYg7B77UdFm', 'FvenwtdcWp', '1', NULL, 'true', '2021-06-12 20:34:29', '2021-06-12 20:34:29', NULL),
(934, 'iva auer', 'davis.jeffrey@example.net', '$2y$10$TKh8H1.PfQx37YgCzwiKb.KjNyWgaHb9cbcoQgdIVFlYg7B77UdFm', 'UOI9CmWi6H', '0', 'vRQafvMoRYw99nZ4efKD39wZnEMfi66i6gQAnEBP', 'false', '2021-06-12 20:34:29', '2021-06-12 20:34:29', NULL),
(935, 'mrs. letitia klocko i', 'lavina41@example.net', '$2y$10$TKh8H1.PfQx37YgCzwiKb.KjNyWgaHb9cbcoQgdIVFlYg7B77UdFm', 'luQJnCvSPy', '0', 'VrByk7YNVA9wxbhe3sozEvGA8E6Q8Zo6uKFObjUV', 'true', '2021-06-12 20:34:29', '2021-06-12 20:34:29', NULL),
(936, 'vickie smith dvm', 'armando82@example.com', '$2y$10$TKh8H1.PfQx37YgCzwiKb.KjNyWgaHb9cbcoQgdIVFlYg7B77UdFm', '2JS5KFhMkg', '1', NULL, 'true', '2021-06-12 20:34:29', '2021-06-12 20:34:29', NULL),
(937, 'dr. katelyn hodkiewicz iii', 'jacques.block@example.com', '$2y$10$TKh8H1.PfQx37YgCzwiKb.KjNyWgaHb9cbcoQgdIVFlYg7B77UdFm', 'HnGv96wSqd', '1', NULL, 'true', '2021-06-12 20:34:29', '2021-06-12 20:34:29', NULL),
(938, 'prof. gregorio gaylord iii', 'zhuels@example.com', '$2y$10$TKh8H1.PfQx37YgCzwiKb.KjNyWgaHb9cbcoQgdIVFlYg7B77UdFm', 'gdEX24DKFQ', '0', 'i1AJ08CUIqFFVV3oGVHap2GPtnebsPiY1vungbPB', 'true', '2021-06-12 20:34:29', '2021-06-12 20:34:29', NULL),
(939, 'charlene heidenreich', 'blanda.devon@example.net', '$2y$10$TKh8H1.PfQx37YgCzwiKb.KjNyWgaHb9cbcoQgdIVFlYg7B77UdFm', '5og1bzcIk0', '0', '5vr6F2z4XtN9dAkzljj6JgnUsgYM0nn5ilU8UlsJ', 'true', '2021-06-12 20:34:29', '2021-06-12 20:34:29', NULL),
(940, 'elwin hauck', 'kcremin@example.com', '$2y$10$TKh8H1.PfQx37YgCzwiKb.KjNyWgaHb9cbcoQgdIVFlYg7B77UdFm', '7wndLpaOQm', '1', NULL, 'true', '2021-06-12 20:34:29', '2021-06-12 20:34:29', NULL),
(941, 'berta senger', 'dominic.kunde@example.net', '$2y$10$TKh8H1.PfQx37YgCzwiKb.KjNyWgaHb9cbcoQgdIVFlYg7B77UdFm', 'ONV7BFb7C5', '0', '2tsfDiJRxQly6p0eZ6ev6zy6cl0sJ2BhWNXQz7VZ', 'false', '2021-06-12 20:34:29', '2021-06-12 20:34:29', NULL),
(942, 'christa runte', 'will.dakota@example.org', '$2y$10$TKh8H1.PfQx37YgCzwiKb.KjNyWgaHb9cbcoQgdIVFlYg7B77UdFm', '9winpwuLmX', '0', 'cMmWtSwoCRphMDWLAc5LfQbwNEyh6Lig0fC4jIIR', 'true', '2021-06-12 20:34:29', '2021-06-12 20:34:29', NULL),
(943, 'mr. bernardo kuvalis i', 'braun.shana@example.org', '$2y$10$TKh8H1.PfQx37YgCzwiKb.KjNyWgaHb9cbcoQgdIVFlYg7B77UdFm', 'jRzQ9B5Xuq', '0', 'zYnbNP9uWpANIKOGYPYyWcoxE1CvLM4X3sIuxcyd', 'false', '2021-06-12 20:34:29', '2021-06-12 20:34:29', NULL),
(944, 'miller conroy', 'mhodkiewicz@example.com', '$2y$10$TKh8H1.PfQx37YgCzwiKb.KjNyWgaHb9cbcoQgdIVFlYg7B77UdFm', 'Vr943y3Hkg', '1', NULL, 'true', '2021-06-12 20:34:29', '2021-06-12 20:34:29', NULL),
(945, 'leonora kuhlman dvm', 'davis.oral@example.org', '$2y$10$TKh8H1.PfQx37YgCzwiKb.KjNyWgaHb9cbcoQgdIVFlYg7B77UdFm', 'uUUK3mmXJr', '1', NULL, 'true', '2021-06-12 20:34:29', '2021-06-12 20:34:29', NULL),
(946, 'prof. alexander tremblay', 'egibson@example.net', '$2y$10$TKh8H1.PfQx37YgCzwiKb.KjNyWgaHb9cbcoQgdIVFlYg7B77UdFm', 'WM2pOkgEhn', '0', 'G08gq1lnpP9tIdTeWXmdOwt3pmdNbgVBzhXRwFaQ', 'true', '2021-06-12 20:34:29', '2021-06-12 20:34:29', NULL),
(947, 'ms. amelia halvorson sr.', 'german.johnston@example.com', '$2y$10$TKh8H1.PfQx37YgCzwiKb.KjNyWgaHb9cbcoQgdIVFlYg7B77UdFm', 'r4Llhr1zFf', '0', 'YXzhHAMRUauTTkF9XtxeQEmm8o9b6zEwQMFirtmV', 'false', '2021-06-12 20:34:29', '2021-06-12 20:34:29', NULL),
(948, 'amy kunde', 'gmaggio@example.net', '$2y$10$TKh8H1.PfQx37YgCzwiKb.KjNyWgaHb9cbcoQgdIVFlYg7B77UdFm', 'DVBB31WAJL', '1', NULL, 'true', '2021-06-12 20:34:29', '2021-06-12 20:34:29', NULL),
(949, 'alec rath', 'vrempel@example.net', '$2y$10$TKh8H1.PfQx37YgCzwiKb.KjNyWgaHb9cbcoQgdIVFlYg7B77UdFm', 'Z7SnWsJf0h', '1', NULL, 'true', '2021-06-12 20:34:29', '2021-06-12 20:34:29', NULL),
(950, 'franco johnson', 'lhyatt@example.org', '$2y$10$TKh8H1.PfQx37YgCzwiKb.KjNyWgaHb9cbcoQgdIVFlYg7B77UdFm', 'Qzhaltm5sh', '1', NULL, 'true', '2021-06-12 20:34:29', '2021-06-12 20:34:29', NULL),
(951, 'miss bettye deckow', 'alvis.pollich@example.net', '$2y$10$TKh8H1.PfQx37YgCzwiKb.KjNyWgaHb9cbcoQgdIVFlYg7B77UdFm', 'aF8h9D1MN3', '0', 'yKgmM5kadI1Uepzdy1I9Pzvx48rwmhslKMZtgqqX', 'true', '2021-06-12 20:34:29', '2021-06-12 20:34:29', NULL),
(952, 'dr. jarrell fadel sr.', 'jamie.blick@example.net', '$2y$10$TKh8H1.PfQx37YgCzwiKb.KjNyWgaHb9cbcoQgdIVFlYg7B77UdFm', 'DY1bymGGXJ', '1', NULL, 'false', '2021-06-12 20:34:29', '2021-06-12 20:34:29', NULL),
(953, 'cathy pfeffer', 'jwalter@example.com', '$2y$10$TKh8H1.PfQx37YgCzwiKb.KjNyWgaHb9cbcoQgdIVFlYg7B77UdFm', '0AiEmfAlDh', '0', 'sXPCfnt5oKouzQG3qcciuvaRMiMh7PYEllZJ6xOz', 'true', '2021-06-12 20:34:29', '2021-06-12 20:34:29', NULL),
(954, 'mrs. lila muller', 'brando.nienow@example.org', '$2y$10$TKh8H1.PfQx37YgCzwiKb.KjNyWgaHb9cbcoQgdIVFlYg7B77UdFm', 'ASKQMQrHt2', '0', 'sWk93oUyxe1PacAkIXefh6HPefkhbyDojWuDVxF5', 'true', '2021-06-12 20:34:29', '2021-06-12 20:34:29', NULL),
(955, 'sylvester kling', 'xpollich@example.com', '$2y$10$TKh8H1.PfQx37YgCzwiKb.KjNyWgaHb9cbcoQgdIVFlYg7B77UdFm', 'xQWm8N8GmE', '0', '0MQRq4413Y8gOKb9pQV3d3ha4N0ktCEjAW3I5PaW', 'false', '2021-06-12 20:34:29', '2021-06-12 20:34:29', NULL),
(956, 'marcel christiansen', 'braun.justen@example.org', '$2y$10$TKh8H1.PfQx37YgCzwiKb.KjNyWgaHb9cbcoQgdIVFlYg7B77UdFm', 'c5fQsartpg', '0', 'MbpuALoCgts7Kliw2Cr2A3dAJG9ubqSWdN4ZHDca', 'true', '2021-06-12 20:34:29', '2021-06-12 20:34:29', NULL),
(957, 'mr. hal boyer', 'noconnell@example.com', '$2y$10$TKh8H1.PfQx37YgCzwiKb.KjNyWgaHb9cbcoQgdIVFlYg7B77UdFm', 'G8OC8k3Zzp', '1', NULL, 'false', '2021-06-12 20:34:29', '2021-06-12 20:34:29', NULL),
(958, 'dr. cyril feest iv', 'fiona12@example.net', '$2y$10$TKh8H1.PfQx37YgCzwiKb.KjNyWgaHb9cbcoQgdIVFlYg7B77UdFm', 'uGq6xaZT0a', '0', 'wwIlMnt7VlbhCSPWhkBV1Nvddjt4qXWBAKXDeCgD', 'false', '2021-06-12 20:34:29', '2021-06-12 20:34:29', NULL),
(959, 'robert jaskolski', 'rubye.mohr@example.org', '$2y$10$TKh8H1.PfQx37YgCzwiKb.KjNyWgaHb9cbcoQgdIVFlYg7B77UdFm', 'cnGwRIb23v', '1', NULL, 'true', '2021-06-12 20:34:29', '2021-06-12 20:34:29', NULL),
(960, 'mrs. constance boehm phd', 'mabel.rice@example.org', '$2y$10$TKh8H1.PfQx37YgCzwiKb.KjNyWgaHb9cbcoQgdIVFlYg7B77UdFm', 'vt88qtcsAJ', '0', 'SCyUm6uSz8JQlwr3XXUBhqK8pzfiWyOT6i4Pfem6', 'true', '2021-06-12 20:34:29', '2021-06-12 20:34:29', NULL),
(961, 'imani ferry', 'swift.brandy@example.net', '$2y$10$TKh8H1.PfQx37YgCzwiKb.KjNyWgaHb9cbcoQgdIVFlYg7B77UdFm', 'bnfPY0Gfz7', '0', 'S54udQA3BEAPVB74BIys75bgGaTEHifMWz0Qkv6A', 'true', '2021-06-12 20:34:29', '2021-06-12 20:34:29', NULL),
(962, 'agustina abshire', 'rmckenzie@example.org', '$2y$10$TKh8H1.PfQx37YgCzwiKb.KjNyWgaHb9cbcoQgdIVFlYg7B77UdFm', 'DJpGPFthzB', '0', 'ssfxLeluVnrZ2SiiegrBQLBnSlITmFeQ8Tj1W8aH', 'true', '2021-06-12 20:34:29', '2021-06-12 20:34:29', NULL),
(963, 'aditya leannon', 'fcarter@example.org', '$2y$10$TKh8H1.PfQx37YgCzwiKb.KjNyWgaHb9cbcoQgdIVFlYg7B77UdFm', 'YQETNhrNxe', '1', NULL, 'false', '2021-06-12 20:34:29', '2021-06-12 20:34:29', NULL),
(964, 'dr. mose doyle jr.', 'vsimonis@example.net', '$2y$10$TKh8H1.PfQx37YgCzwiKb.KjNyWgaHb9cbcoQgdIVFlYg7B77UdFm', 'ecTo3UqQrh', '0', 'wSG9pW7AULUVBwcf5YBQaO4yC9v5NRnnRxWWj9rY', 'false', '2021-06-12 20:34:29', '2021-06-12 20:34:29', NULL),
(965, 'cesar gleichner', 'ybernier@example.org', '$2y$10$TKh8H1.PfQx37YgCzwiKb.KjNyWgaHb9cbcoQgdIVFlYg7B77UdFm', 'UBV9wKlQXq', '1', NULL, 'true', '2021-06-12 20:34:29', '2021-06-12 20:34:29', NULL),
(966, 'christophe towne', 'charlene62@example.net', '$2y$10$TKh8H1.PfQx37YgCzwiKb.KjNyWgaHb9cbcoQgdIVFlYg7B77UdFm', 'FvEPl176u1', '1', NULL, 'true', '2021-06-12 20:34:29', '2021-06-12 20:34:29', NULL),
(967, 'andrew heidenreich', 'westley02@example.com', '$2y$10$TKh8H1.PfQx37YgCzwiKb.KjNyWgaHb9cbcoQgdIVFlYg7B77UdFm', 'KbedEk43KP', '0', '3zutahoDuPzqES5I8O2YfQnaSGlScGSbVsOhB9Tp', 'false', '2021-06-12 20:34:29', '2021-06-12 20:34:29', NULL),
(968, 'mr. tate ryan', 'paolo.nolan@example.net', '$2y$10$TKh8H1.PfQx37YgCzwiKb.KjNyWgaHb9cbcoQgdIVFlYg7B77UdFm', 'B3p5mM0nvH', '1', NULL, 'false', '2021-06-12 20:34:29', '2021-06-12 20:34:29', NULL),
(969, 'skyla lubowitz', 'fmayert@example.com', '$2y$10$TKh8H1.PfQx37YgCzwiKb.KjNyWgaHb9cbcoQgdIVFlYg7B77UdFm', 'MKnIHgdLaD', '1', NULL, 'true', '2021-06-12 20:34:29', '2021-06-12 20:34:29', NULL),
(970, 'jay wiegand', 'omurray@example.com', '$2y$10$TKh8H1.PfQx37YgCzwiKb.KjNyWgaHb9cbcoQgdIVFlYg7B77UdFm', 'Xj67LkZ2PT', '0', '4RxmFU10AsGHDLTyZ3R68KiruUy1zJ40hsVc8Ya4', 'true', '2021-06-12 20:34:29', '2021-06-12 20:34:29', NULL),
(971, 'norval johnston', 'ldouglas@example.net', '$2y$10$TKh8H1.PfQx37YgCzwiKb.KjNyWgaHb9cbcoQgdIVFlYg7B77UdFm', 'wBPQitz9tN', '0', 'TgSRB9OS4BY9WUjyBEa8TvuVUvLKaO4jG0nJpkgU', 'true', '2021-06-12 20:34:29', '2021-06-12 20:34:29', NULL),
(972, 'mr. jace abbott dds', 'crystal.kris@example.com', '$2y$10$TKh8H1.PfQx37YgCzwiKb.KjNyWgaHb9cbcoQgdIVFlYg7B77UdFm', 'B7a1qs22V8', '0', '7QhVRDMab2l277f3IcA0Sc8xugSw80cCBr1qdyyZ', 'false', '2021-06-12 20:34:29', '2021-06-12 20:34:29', NULL),
(973, 'miss cora predovic iii', 'ashly.grimes@example.com', '$2y$10$TKh8H1.PfQx37YgCzwiKb.KjNyWgaHb9cbcoQgdIVFlYg7B77UdFm', 'p7Si39dgIA', '0', 'PSEsuubXSkK2Sv7IjANJFMOxo7IQnw86da0MvTgZ', 'false', '2021-06-12 20:34:29', '2021-06-12 20:34:29', NULL),
(974, 'mrs. jude steuber jr.', 'hammes.bridie@example.org', '$2y$10$TKh8H1.PfQx37YgCzwiKb.KjNyWgaHb9cbcoQgdIVFlYg7B77UdFm', 'woAvqcSQGr', '1', NULL, 'true', '2021-06-12 20:34:29', '2021-06-12 20:34:29', NULL),
(975, 'prof. glennie weimann dvm', 'vmurazik@example.org', '$2y$10$TKh8H1.PfQx37YgCzwiKb.KjNyWgaHb9cbcoQgdIVFlYg7B77UdFm', 'MJdIuajhQf', '1', NULL, 'false', '2021-06-12 20:34:29', '2021-06-12 20:34:29', NULL),
(976, 'victoria effertz', 'rbauch@example.net', '$2y$10$TKh8H1.PfQx37YgCzwiKb.KjNyWgaHb9cbcoQgdIVFlYg7B77UdFm', 'bGNbOYgTRE', '1', NULL, 'true', '2021-06-12 20:34:29', '2021-06-12 20:34:29', NULL),
(977, 'bette mraz', 'frieda.bednar@example.org', '$2y$10$TKh8H1.PfQx37YgCzwiKb.KjNyWgaHb9cbcoQgdIVFlYg7B77UdFm', 'JpODtaYuAQ', '0', '9ELnoMiBZnVYhCq5ex9xwYsx6SoPk7IO0X7QXpzG', 'true', '2021-06-12 20:34:29', '2021-06-12 20:34:29', NULL),
(978, 'bettye thompson', 'qtremblay@example.org', '$2y$10$TKh8H1.PfQx37YgCzwiKb.KjNyWgaHb9cbcoQgdIVFlYg7B77UdFm', 'ACCt7Qhs1c', '0', 'vRHUG7kWskMeK7zaKq2nc9fUYu8Yt5xb79VaAAwv', 'true', '2021-06-12 20:34:29', '2021-06-12 20:34:29', NULL),
(979, 'liliane kling', 'gunner.turcotte@example.com', '$2y$10$TKh8H1.PfQx37YgCzwiKb.KjNyWgaHb9cbcoQgdIVFlYg7B77UdFm', '1A0CXkPrCk', '1', NULL, 'false', '2021-06-12 20:34:29', '2021-06-12 20:34:29', NULL),
(980, 'ms. gwendolyn bergstrom iv', 'wyman.kelsie@example.net', '$2y$10$TKh8H1.PfQx37YgCzwiKb.KjNyWgaHb9cbcoQgdIVFlYg7B77UdFm', 'wItH9y0DFO', '1', NULL, 'true', '2021-06-12 20:34:29', '2021-06-12 20:34:29', NULL),
(981, 'dr. violette reilly', 'conn.roel@example.com', '$2y$10$TKh8H1.PfQx37YgCzwiKb.KjNyWgaHb9cbcoQgdIVFlYg7B77UdFm', '10nmXQDRUY', '1', NULL, 'false', '2021-06-12 20:34:29', '2021-06-12 20:34:29', NULL),
(982, 'katelin stamm', 'oscar56@example.com', '$2y$10$TKh8H1.PfQx37YgCzwiKb.KjNyWgaHb9cbcoQgdIVFlYg7B77UdFm', '28DqYYVPke', '0', 'j8YqUKt1uL42o4e8RoPk2hvnPBbcwB20SbsK7E9q', 'true', '2021-06-12 20:34:29', '2021-06-12 20:34:29', NULL),
(983, 'kaylah kshlerin dvm', 'runte.brain@example.net', '$2y$10$TKh8H1.PfQx37YgCzwiKb.KjNyWgaHb9cbcoQgdIVFlYg7B77UdFm', 'KBclwS1wHX', '1', NULL, 'false', '2021-06-12 20:34:29', '2021-06-12 20:34:29', NULL),
(984, 'dr. olaf franecki', 'bridgette03@example.com', '$2y$10$TKh8H1.PfQx37YgCzwiKb.KjNyWgaHb9cbcoQgdIVFlYg7B77UdFm', 'TgrCwG5ncd', '1', NULL, 'true', '2021-06-12 20:34:29', '2021-06-12 20:34:29', NULL),
(985, 'kendra welch', 'lmetz@example.com', '$2y$10$TKh8H1.PfQx37YgCzwiKb.KjNyWgaHb9cbcoQgdIVFlYg7B77UdFm', 'ckZBtmnHUl', '0', '5G0CSYMtD0RasnkVx0fLXqj9QvvR2Da4nRtmOwDw', 'true', '2021-06-12 20:34:29', '2021-06-12 20:34:29', NULL),
(986, 'keara white', 'pierre99@example.com', '$2y$10$TKh8H1.PfQx37YgCzwiKb.KjNyWgaHb9cbcoQgdIVFlYg7B77UdFm', '6H6PFJsnRU', '0', 'O0wSdBrxDepgYSWYUk9QFKgAbXboDSMonoEjyCHJ', 'false', '2021-06-12 20:34:29', '2021-06-12 20:34:29', NULL),
(987, 'daryl jacobson', 'bhickle@example.net', '$2y$10$TKh8H1.PfQx37YgCzwiKb.KjNyWgaHb9cbcoQgdIVFlYg7B77UdFm', 'EH0Ia9ifFk', '1', NULL, 'true', '2021-06-12 20:34:30', '2021-06-12 20:34:30', NULL),
(988, 'mrs. pink gutmann', 'arvid05@example.net', '$2y$10$TKh8H1.PfQx37YgCzwiKb.KjNyWgaHb9cbcoQgdIVFlYg7B77UdFm', 'ZXAwKlRo6A', '1', NULL, 'false', '2021-06-12 20:34:30', '2021-06-12 20:34:30', NULL),
(989, 'lauryn walter dvm', 'hermann.tess@example.com', '$2y$10$TKh8H1.PfQx37YgCzwiKb.KjNyWgaHb9cbcoQgdIVFlYg7B77UdFm', 'mByNPiBXMv', '1', NULL, 'false', '2021-06-12 20:34:30', '2021-06-12 20:34:30', NULL),
(990, 'prof. joaquin hansen', 'sim64@example.net', '$2y$10$TKh8H1.PfQx37YgCzwiKb.KjNyWgaHb9cbcoQgdIVFlYg7B77UdFm', 'i5kDa1E6cP', '0', 'erjviKeSgnpjGW5l2NznwpefC6tCpvMdUtjifSkQ', 'true', '2021-06-12 20:34:30', '2021-06-12 20:34:30', NULL),
(991, 'mr. skye donnelly dvm', 'magali03@example.net', '$2y$10$TKh8H1.PfQx37YgCzwiKb.KjNyWgaHb9cbcoQgdIVFlYg7B77UdFm', 'MFHloiaXmF', '1', NULL, 'false', '2021-06-12 20:34:30', '2021-06-12 20:34:30', NULL),
(992, 'prof. lou anderson', 'leopoldo.feeney@example.net', '$2y$10$TKh8H1.PfQx37YgCzwiKb.KjNyWgaHb9cbcoQgdIVFlYg7B77UdFm', '6r1d3q7aFB', '1', NULL, 'true', '2021-06-12 20:34:30', '2021-06-12 20:34:30', NULL),
(993, 'chadd nitzsche dds', 'loyce64@example.com', '$2y$10$TKh8H1.PfQx37YgCzwiKb.KjNyWgaHb9cbcoQgdIVFlYg7B77UdFm', 'YYcBJb97m0', '1', NULL, 'false', '2021-06-12 20:34:30', '2021-06-12 20:34:30', NULL),
(994, 'daisy torp', 'ashlee.gislason@example.com', '$2y$10$TKh8H1.PfQx37YgCzwiKb.KjNyWgaHb9cbcoQgdIVFlYg7B77UdFm', 'Vs4ZmEVZ6u', '1', NULL, 'true', '2021-06-12 20:34:30', '2021-06-12 20:34:30', NULL),
(995, 'malinda harris', 'qhalvorson@example.org', '$2y$10$TKh8H1.PfQx37YgCzwiKb.KjNyWgaHb9cbcoQgdIVFlYg7B77UdFm', 'JGT7KUVIdS', '0', 'EKuC1fOrNvY8doLwU3CKmOMVFQTQ8odZfIFiAXSS', 'false', '2021-06-12 20:34:30', '2021-06-12 20:34:30', NULL),
(996, 'jeramy ward', 'wendell51@example.net', '$2y$10$TKh8H1.PfQx37YgCzwiKb.KjNyWgaHb9cbcoQgdIVFlYg7B77UdFm', 'Fl1AGFUwPr', '1', NULL, 'true', '2021-06-12 20:34:30', '2021-06-12 20:34:30', NULL),
(997, 'gaetano o\'kon', 'ledner.nathanael@example.com', '$2y$10$TKh8H1.PfQx37YgCzwiKb.KjNyWgaHb9cbcoQgdIVFlYg7B77UdFm', 'zKp06xlOJT', '1', NULL, 'true', '2021-06-12 20:34:30', '2021-06-12 20:34:30', NULL),
(998, 'wilson muller', 'shanelle88@example.org', '$2y$10$TKh8H1.PfQx37YgCzwiKb.KjNyWgaHb9cbcoQgdIVFlYg7B77UdFm', '5KIUSYd5J6', '0', '36UkSz4rFn7hz6vahpDHNb7QbQZ9fQAiBjLvZRbi', 'false', '2021-06-12 20:34:30', '2021-06-12 20:34:30', NULL),
(999, 'alene mayert dvm', 'mcglynn.sophie@example.com', '$2y$10$TKh8H1.PfQx37YgCzwiKb.KjNyWgaHb9cbcoQgdIVFlYg7B77UdFm', 'IMkNNw3Jsp', '1', NULL, 'false', '2021-06-12 20:34:30', '2021-06-12 20:34:30', NULL),
(1000, 'domingo hane', 'martin41@example.org', '$2y$10$TKh8H1.PfQx37YgCzwiKb.KjNyWgaHb9cbcoQgdIVFlYg7B77UdFm', 'FlrbnJAzj8', '0', 'yFIft5HaTWR6yeTzOYntuzL1XqyfRuLo7GyjPuxG', 'true', '2021-06-12 20:34:30', '2021-06-12 20:34:30', NULL);

--
-- Indexes for dumped tables
--

--
-- Indexes for table `categories`
--
ALTER TABLE `categories`
  ADD PRIMARY KEY (`id`);

--
-- Indexes for table `category_product`
--
ALTER TABLE `category_product`
  ADD KEY `category_product_category_id_foreign` (`category_id`),
  ADD KEY `category_product_product_id_foreign` (`product_id`);

--
-- Indexes for table `migrations`
--
ALTER TABLE `migrations`
  ADD PRIMARY KEY (`id`);

--
-- Indexes for table `oauth_access_tokens`
--
ALTER TABLE `oauth_access_tokens`
  ADD PRIMARY KEY (`id`),
  ADD KEY `oauth_access_tokens_user_id_index` (`user_id`);

--
-- Indexes for table `oauth_auth_codes`
--
ALTER TABLE `oauth_auth_codes`
  ADD PRIMARY KEY (`id`);

--
-- Indexes for table `oauth_clients`
--
ALTER TABLE `oauth_clients`
  ADD PRIMARY KEY (`id`),
  ADD KEY `oauth_clients_user_id_index` (`user_id`);

--
-- Indexes for table `oauth_personal_access_clients`
--
ALTER TABLE `oauth_personal_access_clients`
  ADD PRIMARY KEY (`id`),
  ADD KEY `oauth_personal_access_clients_client_id_index` (`client_id`);

--
-- Indexes for table `oauth_refresh_tokens`
--
ALTER TABLE `oauth_refresh_tokens`
  ADD PRIMARY KEY (`id`),
  ADD KEY `oauth_refresh_tokens_access_token_id_index` (`access_token_id`);

--
-- Indexes for table `password_resets`
--
ALTER TABLE `password_resets`
  ADD KEY `password_resets_email_index` (`email`);

--
-- Indexes for table `products`
--
ALTER TABLE `products`
  ADD PRIMARY KEY (`id`),
  ADD KEY `products_seller_id_foreign` (`seller_id`);

--
-- Indexes for table `transactions`
--
ALTER TABLE `transactions`
  ADD PRIMARY KEY (`id`),
  ADD KEY `transactions_buyer_id_foreign` (`buyer_id`),
  ADD KEY `transactions_product_id_foreign` (`product_id`);

--
-- Indexes for table `users`
--
ALTER TABLE `users`
  ADD PRIMARY KEY (`id`),
  ADD UNIQUE KEY `users_email_unique` (`email`);

--
-- AUTO_INCREMENT for dumped tables
--

--
-- AUTO_INCREMENT for table `categories`
--
ALTER TABLE `categories`
  MODIFY `id` int(10) UNSIGNED NOT NULL AUTO_INCREMENT, AUTO_INCREMENT=32;

--
-- AUTO_INCREMENT for table `migrations`
--
ALTER TABLE `migrations`
  MODIFY `id` int(10) UNSIGNED NOT NULL AUTO_INCREMENT, AUTO_INCREMENT=87;

--
-- AUTO_INCREMENT for table `oauth_clients`
--
ALTER TABLE `oauth_clients`
  MODIFY `id` int(10) UNSIGNED NOT NULL AUTO_INCREMENT;

--
-- AUTO_INCREMENT for table `oauth_personal_access_clients`
--
ALTER TABLE `oauth_personal_access_clients`
  MODIFY `id` int(10) UNSIGNED NOT NULL AUTO_INCREMENT;

--
-- AUTO_INCREMENT for table `products`
--
ALTER TABLE `products`
  MODIFY `id` int(10) UNSIGNED NOT NULL AUTO_INCREMENT, AUTO_INCREMENT=1001;

--
-- AUTO_INCREMENT for table `transactions`
--
ALTER TABLE `transactions`
  MODIFY `id` int(10) UNSIGNED NOT NULL AUTO_INCREMENT, AUTO_INCREMENT=1001;

--
-- AUTO_INCREMENT for table `users`
--
ALTER TABLE `users`
  MODIFY `id` int(10) UNSIGNED NOT NULL AUTO_INCREMENT, AUTO_INCREMENT=1001;

--
-- Constraints for dumped tables
--

--
-- Constraints for table `category_product`
--
ALTER TABLE `category_product`
  ADD CONSTRAINT `category_product_category_id_foreign` FOREIGN KEY (`category_id`) REFERENCES `categories` (`id`),
  ADD CONSTRAINT `category_product_product_id_foreign` FOREIGN KEY (`product_id`) REFERENCES `products` (`id`);

--
-- Constraints for table `products`
--
ALTER TABLE `products`
  ADD CONSTRAINT `products_seller_id_foreign` FOREIGN KEY (`seller_id`) REFERENCES `users` (`id`);

--
-- Constraints for table `transactions`
--
ALTER TABLE `transactions`
  ADD CONSTRAINT `transactions_buyer_id_foreign` FOREIGN KEY (`buyer_id`) REFERENCES `users` (`id`),
  ADD CONSTRAINT `transactions_product_id_foreign` FOREIGN KEY (`product_id`) REFERENCES `products` (`id`);
COMMIT;

/*!40101 SET CHARACTER_SET_CLIENT=@OLD_CHARACTER_SET_CLIENT */;
/*!40101 SET CHARACTER_SET_RESULTS=@OLD_CHARACTER_SET_RESULTS */;
/*!40101 SET COLLATION_CONNECTION=@OLD_COLLATION_CONNECTION */;
